
╔════════════════════════════════════════════════════════╗
║              BITZEL BUILD ORCHESTRATOR                 ║
║  Task Graph Execution with Dependency Resolution      ║
╚════════════════════════════════════════════════════════╝

Build directory: "build"
Target: busybox

╔════════════════════════════════════════════════════════╗
║           🏎️  BITZEL FERRARI BUILD  🏎️                ║
║  Full-Featured Bazel-Inspired BitBake Build System    ║
╚════════════════════════════════════════════════════════╝

Target: busybox
Build directory: "build"

🏗️  Loading build environment...
[2m2025-11-29T15:28:39.605324Z[0m [32m INFO[0m [2mconvenient_bitbake::build_env[0m[2m:[0m Loading build environment from: "/home/user/graph-git-rs/build"
[2m2025-11-29T15:28:39.605795Z[0m [32m INFO[0m [2mconvenient_bitbake::bitbake_config[0m[2m:[0m Parsing bblayers.conf: "/home/user/graph-git-rs/build/conf/bblayers.conf"
[2m2025-11-29T15:28:39.606310Z[0m [32m INFO[0m [2mconvenient_bitbake::bitbake_config[0m[2m:[0m Parsing local.conf: "/home/user/graph-git-rs/build/conf/local.conf"
[2m2025-11-29T15:28:39.607202Z[0m [32m INFO[0m [2mconvenient_bitbake::build_env[0m[2m:[0m Build environment initialized:
[2m2025-11-29T15:28:39.607243Z[0m [32m INFO[0m [2mconvenient_bitbake::build_env[0m[2m:[0m   TOPDIR:     "/home/user/graph-git-rs/build"
[2m2025-11-29T15:28:39.607253Z[0m [32m INFO[0m [2mconvenient_bitbake::build_env[0m[2m:[0m   DL_DIR:     "/home/user/graph-git-rs/build/downloads"
[2m2025-11-29T15:28:39.607264Z[0m [32m INFO[0m [2mconvenient_bitbake::build_env[0m[2m:[0m   TMPDIR:     "/home/user/graph-git-rs/build/tmp"
[2m2025-11-29T15:28:39.607295Z[0m [32m INFO[0m [2mconvenient_bitbake::build_env[0m[2m:[0m   SSTATE_DIR: "/home/user/graph-git-rs/build/sstate-cache"
[2m2025-11-29T15:28:39.607308Z[0m [32m INFO[0m [2mconvenient_bitbake::build_env[0m[2m:[0m   Layers:     3 configured
  ✓ MACHINE: qemuarm64
  ✓ DISTRO:  poky
  ✓ Layers:  3

🎼 Building execution plan with BuildOrchestrator...
[2m2025-11-29T15:28:39.607977Z[0m [32m INFO[0m [2mconvenient_bitbake::build_orchestrator[0m[2m:[0m Building layer context with priorities
[2m2025-11-29T15:28:39.608034Z[0m [32m INFO[0m [2mconvenient_bitbake::layer_context[0m[2m:[0m Setting MACHINE: qemuarm64
[2m2025-11-29T15:28:39.608068Z[0m [32m INFO[0m [2mconvenient_bitbake::layer_context[0m[2m:[0m Setting DISTRO: poky
[2m2025-11-29T15:28:39.610391Z[0m [32m INFO[0m [2mconvenient_bitbake::layer_context[0m[2m:[0m Adding layer: core (priority: 5)
[2m2025-11-29T15:28:39.610780Z[0m [32m INFO[0m [2mconvenient_bitbake::layer_context[0m[2m:[0m Adding layer: unknown (priority: 0)
[2m2025-11-29T15:28:39.611121Z[0m [32m INFO[0m [2mconvenient_bitbake::layer_context[0m[2m:[0m Adding layer: unknown (priority: 0)
[2m2025-11-29T15:28:39.611156Z[0m [32m INFO[0m [2mconvenient_bitbake::build_orchestrator[0m[2m:[0m ✓ Step 1 completed in 3.188612ms
[2m2025-11-29T15:28:39.611196Z[0m [32m INFO[0m [2mconvenient_bitbake::build_orchestrator[0m[2m:[0m Parsing BitBake recipes with parallel pipeline
[2m2025-11-29T15:28:39.611236Z[0m [32m INFO[0m [2mconvenient_bitbake::pipeline[0m[2m:[0m Stage 1: Discovering recipe files in parallel
[2m2025-11-29T15:28:40.073379Z[0m [32m INFO[0m [2mconvenient_bitbake::pipeline[0m[2m:[0m   Discovered 884 recipes
[2m2025-11-29T15:28:40.073542Z[0m [32m INFO[0m [2mconvenient_bitbake::pipeline[0m[2m:[0m Stage 2: Parsing 884 recipes in parallel (max 32 concurrent)
[2m2025-11-29T15:28:40.131244Z[0m [32m INFO[0m [2mconvenient_bitbake::pipeline[0m[2m:[0m ✓ Extracted 1 tasks from "acpid.inc" for recipe "acpid_2.0.33.bb"
[2m2025-11-29T15:28:40.131343Z[0m [32m INFO[0m [2mconvenient_bitbake::pipeline[0m[2m:[0m Recipe "acpid_2.0.33.bb": 1 tasks total (0 from main, 1 from includes), 0 helpers total (0 from main, 0 from includes)
[2m2025-11-29T15:28:40.133078Z[0m [32m INFO[0m [2mconvenient_bitbake::pipeline[0m[2m:[0m ✓ Extracted 2 tasks from "u-boot-tools.inc" for recipe "u-boot-tools_2022.01.bb"
[2m2025-11-29T15:28:40.133128Z[0m [32m INFO[0m [2mconvenient_bitbake::pipeline[0m[2m:[0m Recipe "u-boot-tools_2022.01.bb": 2 tasks total (0 from main, 2 from includes), 0 helpers total (0 from main, 0 from includes)
[2m2025-11-29T15:28:40.134875Z[0m [32m INFO[0m [2mconvenient_bitbake::pipeline[0m[2m:[0m ✓ Extracted 2 tasks from "iproute2.inc" for recipe "iproute2_5.17.0.bb"
[2m2025-11-29T15:28:40.134945Z[0m [32m INFO[0m [2mconvenient_bitbake::pipeline[0m[2m:[0m Recipe "iproute2_5.17.0.bb": 2 tasks total (0 from main, 2 from includes), 0 helpers total (0 from main, 0 from includes)
[2m2025-11-29T15:28:40.137223Z[0m [32m INFO[0m [2mconvenient_bitbake::pipeline[0m[2m:[0m ✓ Extracted 1 tasks from "grub2.inc" for recipe "grub-efi_2.06.bb"
[2m2025-11-29T15:28:40.138646Z[0m [32m INFO[0m [2mconvenient_bitbake::pipeline[0m[2m:[0m ✓ Extracted 0 tasks from "update-rc.d.bbclass" for recipe "apmd_3.2.2-15.bb"
[2m2025-11-29T15:28:40.140381Z[0m [32m INFO[0m [2mconvenient_bitbake::pipeline[0m[2m:[0m ✓ Extracted 0 tasks from "multilib_header.bbclass" for recipe "pciutils_3.7.0.bb"
[2m2025-11-29T15:28:40.141134Z[0m [32m INFO[0m [2mconvenient_bitbake::pipeline[0m[2m:[0m ✓ Extracted 1 tasks from "deploy.bbclass" for recipe "grub-efi_2.06.bb"
[2m2025-11-29T15:28:40.141213Z[0m [32m INFO[0m [2mconvenient_bitbake::pipeline[0m[2m:[0m Recipe "grub-efi_2.06.bb": 5 tasks total (3 from main, 2 from includes), 0 helpers total (0 from main, 0 from includes)
[2m2025-11-29T15:28:40.141922Z[0m [32m INFO[0m [2mconvenient_bitbake::pipeline[0m[2m:[0m ✓ Extracted 0 tasks from "update-rc.d.bbclass" for recipe "keymaps_1.0.bb"
[2m2025-11-29T15:28:40.142000Z[0m [32m INFO[0m [2mconvenient_bitbake::pipeline[0m[2m:[0m Recipe "keymaps_1.0.bb": 1 tasks total (1 from main, 0 from includes), 3 helpers total (0 from main, 3 from includes)
[2m2025-11-29T15:28:40.144379Z[0m [32m INFO[0m [2mconvenient_bitbake::pipeline[0m[2m:[0m ✓ Extracted 0 tasks from "update-rc.d.bbclass" for recipe "alsa-state.bb"
[2m2025-11-29T15:28:40.144436Z[0m [32m INFO[0m [2mconvenient_bitbake::pipeline[0m[2m:[0m ✓ Extracted 0 tasks from "gtk-icon-cache.bbclass" for recipe "connman-gnome_0.7.bb"
[2m2025-11-29T15:28:40.144530Z[0m [32m INFO[0m [2mconvenient_bitbake::pipeline[0m[2m:[0m Recipe "alsa-state.bb": 1 tasks total (1 from main, 0 from includes), 3 helpers total (0 from main, 3 from includes)
[2m2025-11-29T15:28:40.146159Z[0m [32m INFO[0m [2mconvenient_bitbake::pipeline[0m[2m:[0m ✓ Extracted 0 tasks from "autotools.bbclass" for recipe "avahi_0.8.bb"
[2m2025-11-29T15:28:40.147053Z[0m [32m INFO[0m [2mconvenient_bitbake::pipeline[0m[2m:[0m ✓ Extracted 0 tasks from "autotools.bbclass" for recipe "bind_9.18.41.bb"
[2m2025-11-29T15:28:40.147813Z[0m [32m INFO[0m [2mconvenient_bitbake::pipeline[0m[2m:[0m ✓ Extracted 0 tasks from "autotools.bbclass" for recipe "mobile-broadband-provider-info_git.bb"
[2m2025-11-29T15:28:40.147909Z[0m [32m INFO[0m [2mconvenient_bitbake::pipeline[0m[2m:[0m Recipe "mobile-broadband-provider-info_git.bb": 0 tasks total (0 from main, 0 from includes), 6 helpers total (0 from main, 6 from includes)
[2m2025-11-29T15:28:40.148261Z[0m [32m INFO[0m [2mconvenient_bitbake::pipeline[0m[2m:[0m ✓ Extracted 0 tasks from "autotools.bbclass" for recipe "lrzsz_0.12.20.bb"
[2m2025-11-29T15:28:40.148265Z[0m [32m INFO[0m [2mconvenient_bitbake::pipeline[0m[2m:[0m ✓ Extracted 3 tasks from "u-boot.inc" for recipe "u-boot_2022.01.bb"
[2m2025-11-29T15:28:40.148569Z[0m [32m INFO[0m [2mconvenient_bitbake::pipeline[0m[2m:[0m Recipe "u-boot_2022.01.bb": 3 tasks total (0 from main, 3 from includes), 0 helpers total (0 from main, 0 from includes)
[2m2025-11-29T15:28:40.148638Z[0m [32m INFO[0m [2mconvenient_bitbake::pipeline[0m[2m:[0m ✓ Extracted 0 tasks from "update-rc.d.bbclass" for recipe "usbinit.bb"
[2m2025-11-29T15:28:40.148852Z[0m [32m INFO[0m [2mconvenient_bitbake::pipeline[0m[2m:[0m ✓ Extracted 0 tasks from "autotools.bbclass" for recipe "libuv_1.44.2.bb"
[2m2025-11-29T15:28:40.148711Z[0m [32m INFO[0m [2mconvenient_bitbake::pipeline[0m[2m:[0m ✓ Extracted 1 tasks from "connman.inc" for recipe "connman_1.41.bb"
[2m2025-11-29T15:28:40.148994Z[0m [32m INFO[0m [2mconvenient_bitbake::pipeline[0m[2m:[0m Recipe "libuv_1.44.2.bb": 1 tasks total (1 from main, 0 from includes), 6 helpers total (0 from main, 6 from includes)
[2m2025-11-29T15:28:40.149043Z[0m [32m INFO[0m [2mconvenient_bitbake::pipeline[0m[2m:[0m Recipe "connman_1.41.bb": 1 tasks total (0 from main, 1 from includes), 0 helpers total (0 from main, 0 from includes)
[2m2025-11-29T15:28:40.149543Z[0m [32m INFO[0m [2mconvenient_bitbake::pipeline[0m[2m:[0m ✓ Extracted 1 tasks from "deploy.bbclass" for recipe "opensbi_1.0.bb"
[2m2025-11-29T15:28:40.149581Z[0m [32m INFO[0m [2mconvenient_bitbake::pipeline[0m[2m:[0m Recipe "opensbi_1.0.bb": 3 tasks total (2 from main, 1 from includes), 0 helpers total (0 from main, 0 from includes)
[2m2025-11-29T15:28:40.149666Z[0m [32m INFO[0m [2mconvenient_bitbake::pipeline[0m[2m:[0m ✓ Extracted 0 tasks from "autotools.bbclass" for recipe "usbutils_014.bb"
[2m2025-11-29T15:28:40.150159Z[0m [32m INFO[0m [2mconvenient_bitbake::pipeline[0m[2m:[0m ✓ Extracted 0 tasks from "cmake.bbclass" for recipe "libubootenv_0.3.2.bb"
[2m2025-11-29T15:28:40.151296Z[0m [32m INFO[0m [2mconvenient_bitbake::pipeline[0m[2m:[0m ✓ Extracted 0 tasks from "autotools.bbclass" for recipe "ofono_1.34.bb"
[2m2025-11-29T15:28:40.152560Z[0m [32m INFO[0m [2mconvenient_bitbake::pipeline[0m[2m:[0m ✓ Extracted 0 tasks from "autotools.bbclass" for recipe "neard_0.16.bb"
[2m2025-11-29T15:28:40.152681Z[0m [32m INFO[0m [2mconvenient_bitbake::pipeline[0m[2m:[0m Recipe "libubootenv_0.3.2.bb": 0 tasks total (0 from main, 0 from includes), 6 helpers total (0 from main, 6 from includes)
[2m2025-11-29T15:28:40.153261Z[0m [32m INFO[0m [2mconvenient_bitbake::pipeline[0m[2m:[0m Recipe "connman-gnome_0.7.bb": 1 tasks total (1 from main, 0 from includes), 2 helpers total (0 from main, 2 from includes)
[2m2025-11-29T15:28:40.154672Z[0m [32m INFO[0m [2mconvenient_bitbake::pipeline[0m[2m:[0m ✓ Extracted 1 tasks from "grub2.inc" for recipe "grub_2.06.bb"
[2m2025-11-29T15:28:40.154738Z[0m [32m INFO[0m [2mconvenient_bitbake::pipeline[0m[2m:[0m Recipe "grub_2.06.bb": 2 tasks total (1 from main, 1 from includes), 0 helpers total (0 from main, 0 from includes)
[2m2025-11-29T15:28:40.158326Z[0m [32m INFO[0m [2mconvenient_bitbake::pipeline[0m[2m:[0m ✓ Extracted 3 tasks from "bluez5.inc" for recipe "bluez5_5.65.bb"
[2m2025-11-29T15:28:40.158390Z[0m [32m INFO[0m [2mconvenient_bitbake::pipeline[0m[2m:[0m ✓ Extracted 0 tasks from "autotools.bbclass" for recipe "libpcap_1.10.1.bb"
[2m2025-11-29T15:28:40.158539Z[0m [32m INFO[0m [2mconvenient_bitbake::pipeline[0m[2m:[0m Recipe "bluez5_5.65.bb": 3 tasks total (0 from main, 3 from includes), 0 helpers total (0 from main, 0 from includes)
[2m2025-11-29T15:28:40.158956Z[0m [32m INFO[0m [2mconvenient_bitbake::pipeline[0m[2m:[0m ✓ Extracted 0 tasks from "update-rc.d.bbclass" for recipe "bind_9.18.41.bb"
[2m2025-11-29T15:28:40.160390Z[0m [32m INFO[0m [2mconvenient_bitbake::pipeline[0m[2m:[0m ✓ Extracted 0 tasks from "multilib_header.bbclass" for recipe "openssl_3.0.18.bb"
[2m2025-11-29T15:28:40.160863Z[0m [32m INFO[0m [2mconvenient_bitbake::pipeline[0m[2m:[0m ✓ Extracted 0 tasks from "autotools.bbclass" for recipe "pm-utils_1.4.1.bb"
[2m2025-11-29T15:28:40.161000Z[0m [32m INFO[0m [2mconvenient_bitbake::pipeline[0m[2m:[0m ✓ Extracted 0 tasks from "update-rc.d.bbclass" for recipe "ofono_1.34.bb"
[2m2025-11-29T15:28:40.161186Z[0m [32m INFO[0m [2mconvenient_bitbake::pipeline[0m[2m:[0m Recipe "usbinit.bb": 1 tasks total (1 from main, 0 from includes), 3 helpers total (0 from main, 3 from includes)
[2m2025-11-29T15:28:40.163223Z[0m [32m INFO[0m [2mconvenient_bitbake::pipeline[0m[2m:[0m ✓ Extracted 0 tasks from "autotools.bbclass" for recipe "dbus-glib_0.112.bb"
[2m2025-11-29T15:28:40.163856Z[0m [32m INFO[0m [2mconvenient_bitbake::pipeline[0m[2m:[0m ✓ Extracted 0 tasks from "autotools.bbclass" for recipe "inetutils_2.2.bb"
[2m2025-11-29T15:28:40.164881Z[0m [32m INFO[0m [2mconvenient_bitbake::pipeline[0m[2m:[0m ✓ Extracted 0 tasks from "useradd.bbclass" for recipe "nfs-utils_2.6.1.bb"
[2m2025-11-29T15:28:40.166825Z[0m [32m INFO[0m [2mconvenient_bitbake::pipeline[0m[2m:[0m ✓ Extracted 0 tasks from "autotools.bbclass" for recipe "libnss-mdns_0.15.1.bb"
[2m2025-11-29T15:28:40.168238Z[0m [32m INFO[0m [2mconvenient_bitbake::pipeline[0m[2m:[0m Recipe "libnss-mdns_0.15.1.bb": 0 tasks total (0 from main, 0 from includes), 6 helpers total (0 from main, 6 from includes)
[2m2025-11-29T15:28:40.168861Z[0m [32m INFO[0m [2mconvenient_bitbake::pipeline[0m[2m:[0m ✓ Extracted 0 tasks from "autotools.bbclass" for recipe "socat_1.7.4.4.bb"
[2m2025-11-29T15:28:40.168913Z[0m [32m INFO[0m [2mconvenient_bitbake::pipeline[0m[2m:[0m Recipe "socat_1.7.4.4.bb": 1 tasks total (1 from main, 0 from includes), 6 helpers total (0 from main, 6 from includes)
[2m2025-11-29T15:28:40.168929Z[0m [32m INFO[0m [2mconvenient_bitbake::pipeline[0m[2m:[0m ✓ Extracted 0 tasks from "multilib_script.bbclass" for recipe "openssl_3.0.18.bb"
[2m2025-11-29T15:28:40.169496Z[0m [32m INFO[0m [2mconvenient_bitbake::pipeline[0m[2m:[0m ✓ Extracted 1 tasks from "binconfig-disabled.bbclass" for recipe "libpcap_1.10.1.bb"
[2m2025-11-29T15:28:40.169672Z[0m [32m INFO[0m [2mconvenient_bitbake::pipeline[0m[2m:[0m ✓ Extracted 0 tasks from "systemd.bbclass" for recipe "dhcpcd_9.4.1.bb"
[2m2025-11-29T15:28:40.170142Z[0m [32m INFO[0m [2mconvenient_bitbake::pipeline[0m[2m:[0m ✓ Extracted 0 tasks from "autotools.bbclass" for recipe "fts_1.2.7.bb"
[2m2025-11-29T15:28:40.170949Z[0m [32m INFO[0m [2mconvenient_bitbake::pipeline[0m[2m:[0m Recipe "libpcap_1.10.1.bb": 2 tasks total (1 from main, 1 from includes), 7 helpers total (0 from main, 7 from includes)
[2m2025-11-29T15:28:40.171498Z[0m [32m INFO[0m [2mconvenient_bitbake::pipeline[0m[2m:[0m Recipe "fts_1.2.7.bb": 0 tasks total (0 from main, 0 from includes), 6 helpers total (0 from main, 6 from includes)
[2m2025-11-29T15:28:40.173103Z[0m [32m INFO[0m [2mconvenient_bitbake::pipeline[0m[2m:[0m ✓ Extracted 0 tasks from "systemd.bbclass" for recipe "ppp_2.4.9.bb"
[2m2025-11-29T15:28:40.173161Z[0m [32m INFO[0m [2mconvenient_bitbake::pipeline[0m[2m:[0m Recipe "ppp_2.4.9.bb": 2 tasks total (2 from main, 0 from includes), 2 helpers total (0 from main, 2 from includes)
[2m2025-11-29T15:28:40.175253Z[0m [32m INFO[0m [2mconvenient_bitbake::pipeline[0m[2m:[0m ✓ Extracted 6 tasks from "ptest.bbclass" for recipe "openssl_3.0.18.bb"
[2m2025-11-29T15:28:40.175618Z[0m [32m INFO[0m [2mconvenient_bitbake::pipeline[0m[2m:[0m Recipe "pm-utils_1.4.1.bb": 1 tasks total (1 from main, 0 from includes), 6 helpers total (0 from main, 6 from includes)
[2m2025-11-29T15:28:40.176326Z[0m [32m INFO[0m [2mconvenient_bitbake::pipeline[0m[2m:[0m ✓ Extracted 0 tasks from "cmake.bbclass" for recipe "expat_2.5.0.bb"
[2m2025-11-29T15:28:40.176710Z[0m [32m INFO[0m [2mconvenient_bitbake::pipeline[0m[2m:[0m ✓ Extracted 1 tasks from "dropbear.inc" for recipe "dropbear_2020.81.bb"
[2m2025-11-29T15:28:40.176752Z[0m [32m INFO[0m [2mconvenient_bitbake::pipeline[0m[2m:[0m ✓ Extracted 0 tasks from "autotools.bbclass" for recipe "dbus-wait_git.bb"
[2m2025-11-29T15:28:40.176854Z[0m [32m INFO[0m [2mconvenient_bitbake::pipeline[0m[2m:[0m Recipe "dropbear_2020.81.bb": 1 tasks total (0 from main, 1 from includes), 0 helpers total (0 from main, 0 from includes)
[2m2025-11-29T15:28:40.176760Z[0m [32m INFO[0m [2mconvenient_bitbake::pipeline[0m[2m:[0m ✓ Extracted 0 tasks from "update-rc.d.bbclass" for recipe "nfs-utils_2.6.1.bb"
[2m2025-11-29T15:28:40.176998Z[0m [32m INFO[0m [2mconvenient_bitbake::pipeline[0m[2m:[0m ✓ Extracted 0 tasks from "autotools.bbclass" for recipe "kea_2.0.2.bb"
[2m2025-11-29T15:28:40.177396Z[0m [32m INFO[0m [2mconvenient_bitbake::pipeline[0m[2m:[0m ✓ Extracted 0 tasks from "systemd.bbclass" for recipe "neard_0.16.bb"
[2m2025-11-29T15:28:40.177663Z[0m [32m INFO[0m [2mconvenient_bitbake::pipeline[0m[2m:[0m ✓ Extracted 0 tasks from "useradd.bbclass" for recipe "openssh_8.9p1.bb"
[2m2025-11-29T15:28:40.178430Z[0m [32m INFO[0m [2mconvenient_bitbake::pipeline[0m[2m:[0m ✓ Extracted 0 tasks from "useradd.bbclass" for recipe "ppp-dialin_0.1.bb"
[2m2025-11-29T15:28:40.178505Z[0m [32m INFO[0m [2mconvenient_bitbake::pipeline[0m[2m:[0m Recipe "ppp-dialin_0.1.bb": 1 tasks total (1 from main, 0 from includes), 2 helpers total (0 from main, 2 from includes)
[2m2025-11-29T15:28:40.178950Z[0m [32m INFO[0m [2mconvenient_bitbake::pipeline[0m[2m:[0m ✓ Extracted 0 tasks from "autotools.bbclass" for recipe "ell_0.50.bb"
[2m2025-11-29T15:28:40.179103Z[0m [32m INFO[0m [2mconvenient_bitbake::pipeline[0m[2m:[0m ✓ Extracted 0 tasks from "systemd.bbclass" for recipe "ofono_1.34.bb"
[2m2025-11-29T15:28:40.179738Z[0m [32m INFO[0m [2mconvenient_bitbake::pipeline[0m[2m:[0m ✓ Extracted 0 tasks from "systemd.bbclass" for recipe "bind_9.18.41.bb"
[2m2025-11-29T15:28:40.179912Z[0m [32m INFO[0m [2mconvenient_bitbake::pipeline[0m[2m:[0m Recipe "dbus-wait_git.bb": 0 tasks total (0 from main, 0 from includes), 6 helpers total (0 from main, 6 from includes)
[2m2025-11-29T15:28:40.180225Z[0m [32m INFO[0m [2mconvenient_bitbake::pipeline[0m[2m:[0m ✓ Extracted 0 tasks from "autotools.bbclass" for recipe "base-passwd_3.5.52.bb"
[2m2025-11-29T15:28:40.180360Z[0m [32m INFO[0m [2mconvenient_bitbake::pipeline[0m[2m:[0m Recipe "base-passwd_3.5.52.bb": 1 tasks total (1 from main, 0 from includes), 8 helpers total (2 from main, 6 from includes)
[2m2025-11-29T15:28:40.180771Z[0m [32m INFO[0m [2mconvenient_bitbake::pipeline[0m[2m:[0m Recipe "ell_0.50.bb": 1 tasks total (1 from main, 0 from includes), 6 helpers total (0 from main, 6 from includes)
[2m2025-11-29T15:28:40.181056Z[0m [32m INFO[0m [2mconvenient_bitbake::pipeline[0m[2m:[0m Recipe "openssl_3.0.18.bb": 8 tasks total (3 from main, 5 from includes), 2 helpers total (0 from main, 2 from includes)
[2m2025-11-29T15:28:40.181205Z[0m [32m INFO[0m [2mconvenient_bitbake::pipeline[0m[2m:[0m ✓ Extracted 1 tasks from "gobject-introspection-data.bbclass" for recipe "ofono_1.34.bb"
[2m2025-11-29T15:28:40.181256Z[0m [32m INFO[0m [2mconvenient_bitbake::pipeline[0m[2m:[0m Recipe "ofono_1.34.bb": 3 tasks total (2 from main, 1 from includes), 11 helpers total (0 from main, 11 from includes)
[2m2025-11-29T15:28:40.181469Z[0m [32m INFO[0m [2mconvenient_bitbake::pipeline[0m[2m:[0m ✓ Extracted 0 tasks from "update-rc.d.bbclass" for recipe "avahi_0.8.bb"
[2m2025-11-29T15:28:40.181826Z[0m [32m INFO[0m [2mconvenient_bitbake::pipeline[0m[2m:[0m ✓ Extracted 1 tasks from "gnomebase.bbclass" for recipe "glib-networking_2.72.2.bb"
[2m2025-11-29T15:28:40.181876Z[0m [32m INFO[0m [2mconvenient_bitbake::pipeline[0m[2m:[0m ✓ Extracted 0 tasks from "autotools.bbclass" for recipe "dbus_1.14.8.bb"
[2m2025-11-29T15:28:40.182682Z[0m [32m INFO[0m [2mconvenient_bitbake::pipeline[0m[2m:[0m ✓ Extracted 1 tasks from "glibc-mtrace.inc" for recipe "glibc-mtrace_2.35.bb"
[2m2025-11-29T15:28:40.182718Z[0m [32m INFO[0m [2mconvenient_bitbake::pipeline[0m[2m:[0m Recipe "glibc-mtrace_2.35.bb": 1 tasks total (0 from main, 1 from includes), 0 helpers total (0 from main, 0 from includes)
[2m2025-11-29T15:28:40.184467Z[0m [32m INFO[0m [2mconvenient_bitbake::pipeline[0m[2m:[0m ✓ Extracted 6 tasks from "ptest.bbclass" for recipe "expat_2.5.0.bb"
[2m2025-11-29T15:28:40.184522Z[0m [32m INFO[0m [2mconvenient_bitbake::pipeline[0m[2m:[0m Recipe "expat_2.5.0.bb": 6 tasks total (0 from main, 6 from includes), 6 helpers total (0 from main, 6 from includes)
[2m2025-11-29T15:28:40.184652Z[0m [32m INFO[0m [2mconvenient_bitbake::pipeline[0m[2m:[0m ✓ Extracted 0 tasks from "update-rc.d.bbclass" for recipe "neard_0.16.bb"
[2m2025-11-29T15:28:40.184703Z[0m [32m INFO[0m [2mconvenient_bitbake::pipeline[0m[2m:[0m Recipe "neard_0.16.bb": 1 tasks total (1 from main, 0 from includes), 11 helpers total (0 from main, 11 from includes)
[2m2025-11-29T15:28:40.187862Z[0m [32m INFO[0m [2mconvenient_bitbake::pipeline[0m[2m:[0m ✓ Extracted 1 tasks from "glibc-locale.inc" for recipe "glibc-locale_2.35.bb"
[2m2025-11-29T15:28:40.187912Z[0m [32m INFO[0m [2mconvenient_bitbake::pipeline[0m[2m:[0m Recipe "glibc-locale_2.35.bb": 1 tasks total (0 from main, 1 from includes), 1 helpers total (0 from main, 1 from includes)
[2m2025-11-29T15:28:40.187929Z[0m [32m INFO[0m [2mconvenient_bitbake::pipeline[0m[2m:[0m ✓ Extracted 0 tasks from "systemd.bbclass" for recipe "apmd_3.2.2-15.bb"
[2m2025-11-29T15:28:40.188165Z[0m [32m INFO[0m [2mconvenient_bitbake::pipeline[0m[2m:[0m Recipe "apmd_3.2.2-15.bb": 2 tasks total (2 from main, 0 from includes), 5 helpers total (0 from main, 5 from includes)
[2m2025-11-29T15:28:40.188908Z[0m [32m INFO[0m [2mconvenient_bitbake::pipeline[0m[2m:[0m Recipe "usbutils_014.bb": 0 tasks total (0 from main, 0 from includes), 6 helpers total (0 from main, 6 from includes)
[2m2025-11-29T15:28:40.189710Z[0m [32m INFO[0m [2mconvenient_bitbake::pipeline[0m[2m:[0m ✓ Extracted 0 tasks from "update-rc.d.bbclass" for recipe "openssh_8.9p1.bb"
[2m2025-11-29T15:28:40.189813Z[0m [32m INFO[0m [2mconvenient_bitbake::pipeline[0m[2m:[0m ✓ Extracted 0 tasks from "useradd.bbclass" for recipe "dhcpcd_9.4.1.bb"
[2m2025-11-29T15:28:40.189927Z[0m [32m INFO[0m [2mconvenient_bitbake::pipeline[0m[2m:[0m Recipe "dhcpcd_9.4.1.bb": 1 tasks total (1 from main, 0 from includes), 4 helpers total (0 from main, 4 from includes)
[2m2025-11-29T15:28:40.190230Z[0m [32m INFO[0m [2mconvenient_bitbake::pipeline[0m[2m:[0m ✓ Extracted 1 tasks from "glibc-scripts.inc" for recipe "glibc-scripts_2.35.bb"
[2m2025-11-29T15:28:40.190286Z[0m [32m INFO[0m [2mconvenient_bitbake::pipeline[0m[2m:[0m Recipe "glibc-scripts_2.35.bb": 1 tasks total (0 from main, 1 from includes), 0 helpers total (0 from main, 0 from includes)
[2m2025-11-29T15:28:40.190324Z[0m [32m INFO[0m [2mconvenient_bitbake::pipeline[0m[2m:[0m ✓ Extracted 6 tasks from "ptest.bbclass" for recipe "ifupdown_0.8.39.bb"
[2m2025-11-29T15:28:40.191225Z[0m [32m INFO[0m [2mconvenient_bitbake::pipeline[0m[2m:[0m ✓ Extracted 0 tasks from "systemd.bbclass" for recipe "wpa-supplicant_2.10.bb"
[2m2025-11-29T15:28:40.191285Z[0m [32m INFO[0m [2mconvenient_bitbake::pipeline[0m[2m:[0m Recipe "wpa-supplicant_2.10.bb": 3 tasks total (3 from main, 0 from includes), 2 helpers total (0 from main, 2 from includes)
[2m2025-11-29T15:28:40.193326Z[0m [32m INFO[0m [2mconvenient_bitbake::pipeline[0m[2m:[0m Recipe "pciutils_3.7.0.bb": 2 tasks total (2 from main, 0 from includes), 1 helpers total (0 from main, 1 from includes)
[2m2025-11-29T15:28:40.193420Z[0m [32m INFO[0m [2mconvenient_bitbake::pipeline[0m[2m:[0m ✓ Extracted 0 tasks from "autotools.bbclass" for recipe "cross-localedef-native_2.35.bb"
[2m2025-11-29T15:28:40.194435Z[0m [32m INFO[0m [2mconvenient_bitbake::pipeline[0m[2m:[0m ✓ Extracted 1 tasks from "gtk-doc.bbclass" for recipe "dbus-glib_0.112.bb"
[2m2025-11-29T15:28:40.194475Z[0m [32m INFO[0m [2mconvenient_bitbake::pipeline[0m[2m:[0m Recipe "dbus-glib_0.112.bb": 1 tasks total (0 from main, 1 from includes), 6 helpers total (0 from main, 6 from includes)
[2m2025-11-29T15:28:40.194669Z[0m [32m INFO[0m [2mconvenient_bitbake::pipeline[0m[2m:[0m ✓ Extracted 0 tasks from "useradd.bbclass" for recipe "bind_9.18.41.bb"
[2m2025-11-29T15:28:40.195659Z[0m [32m INFO[0m [2mconvenient_bitbake::pipeline[0m[2m:[0m Recipe "inetutils_2.2.bb": 2 tasks total (2 from main, 0 from includes), 6 helpers total (0 from main, 6 from includes)
[2m2025-11-29T15:28:40.196352Z[0m [32m INFO[0m [2mconvenient_bitbake::pipeline[0m[2m:[0m ✓ Extracted 0 tasks from "systemd.bbclass" for recipe "nfs-utils_2.6.1.bb"
[2m2025-11-29T15:28:40.196674Z[0m [32m INFO[0m [2mconvenient_bitbake::pipeline[0m[2m:[0m ✓ Extracted 6 tasks from "busybox.inc" for recipe "busybox_1.35.0.bb"
[2m2025-11-29T15:28:40.196756Z[0m [32m INFO[0m [2mconvenient_bitbake::pipeline[0m[2m:[0m Recipe "busybox_1.35.0.bb": 6 tasks total (0 from main, 6 from includes), 0 helpers total (0 from main, 0 from includes)
[2m2025-11-29T15:28:40.197194Z[0m [32m INFO[0m [2mconvenient_bitbake::pipeline[0m[2m:[0m ✓ Extracted 1 tasks from "glibc.inc" for recipe "glibc_2.35.bb"
[2m2025-11-29T15:28:40.200264Z[0m [32m INFO[0m [2mconvenient_bitbake::pipeline[0m[2m:[0m ✓ Extracted 0 tasks from "autotools.bbclass" for recipe "coreutils_9.0.bb"
[2m2025-11-29T15:28:40.201147Z[0m [32m INFO[0m [2mconvenient_bitbake::pipeline[0m[2m:[0m ✓ Extracted 1 tasks from "native.bbclass" for recipe "ldconfig-native_2.12.1.bb"
[2m2025-11-29T15:28:40.201162Z[0m [32m INFO[0m [2mconvenient_bitbake::pipeline[0m[2m:[0m ✓ Extracted 0 tasks from "systemd.bbclass" for recipe "avahi_0.8.bb"
[2m2025-11-29T15:28:40.201203Z[0m [32m INFO[0m [2mconvenient_bitbake::pipeline[0m[2m:[0m Recipe "ldconfig-native_2.12.1.bb": 3 tasks total (2 from main, 1 from includes), 0 helpers total (0 from main, 0 from includes)
[2m2025-11-29T15:28:40.245581Z[0m [32m INFO[0m [2mconvenient_bitbake::pipeline[0m[2m:[0m Recipe "lrzsz_0.12.20.bb": 1 tasks total (1 from main, 0 from includes), 6 helpers total (0 from main, 6 from includes)
[2m2025-11-29T15:28:40.245635Z[0m [32m INFO[0m [2mconvenient_bitbake::pipeline[0m[2m:[0m ✓ Extracted 0 tasks from "systemd.bbclass" for recipe "kea_2.0.2.bb"
[2m2025-11-29T15:28:40.246757Z[0m [32m INFO[0m [2mconvenient_bitbake::pipeline[0m[2m:[0m Recipe "nfs-utils_2.6.1.bb": 3 tasks total (3 from main, 0 from includes), 7 helpers total (0 from main, 7 from includes)
[2m2025-11-29T15:28:40.246785Z[0m [32m INFO[0m [2mconvenient_bitbake::pipeline[0m[2m:[0m ✗ Include file not found: conf/distro/include/ptest-packagelists.inc (recipe: "core-image-ptest-all.bb")
[2m2025-11-29T15:28:40.246872Z[0m [32m INFO[0m [2mconvenient_bitbake::pipeline[0m[2m:[0m ✓ Extracted 0 tasks from "gio-module-cache.bbclass" for recipe "glib-networking_2.72.2.bb"
[2m2025-11-29T15:28:40.247847Z[0m [32m INFO[0m [2mconvenient_bitbake::pipeline[0m[2m:[0m ✓ Extracted 0 tasks from "update-rc.d.bbclass" for recipe "init-ifupdown_1.0.bb"
[2m2025-11-29T15:28:40.247909Z[0m [32m INFO[0m [2mconvenient_bitbake::pipeline[0m[2m:[0m Recipe "init-ifupdown_1.0.bb": 1 tasks total (1 from main, 0 from includes), 3 helpers total (0 from main, 3 from includes)
[2m2025-11-29T15:28:40.248385Z[0m [32m INFO[0m [2mconvenient_bitbake::pipeline[0m[2m:[0m ✓ Extracted 0 tasks from "autotools.bbclass" for recipe "gettext_0.21.bb"
[2m2025-11-29T15:28:40.248939Z[0m [32m INFO[0m [2mconvenient_bitbake::pipeline[0m[2m:[0m ✓ Extracted 4 tasks from "glibc_2.35.bb" for recipe "glibc-testsuite_2.35.bb"
[2m2025-11-29T15:28:40.249640Z[0m [32m INFO[0m [2mconvenient_bitbake::pipeline[0m[2m:[0m Recipe "glib-networking_2.72.2.bb": 1 tasks total (0 from main, 1 from includes), 1 helpers total (0 from main, 1 from includes)
[2m2025-11-29T15:28:40.249762Z[0m [32m INFO[0m [2mconvenient_bitbake::pipeline[0m[2m:[0m ✓ Extracted 1 tasks from "native.bbclass" for recipe "gettext-minimal-native_0.21.bb"
[2m2025-11-29T15:28:40.249901Z[0m [32m INFO[0m [2mconvenient_bitbake::pipeline[0m[2m:[0m Recipe "gettext-minimal-native_0.21.bb": 2 tasks total (1 from main, 1 from includes), 0 helpers total (0 from main, 0 from includes)
[2m2025-11-29T15:28:40.250904Z[0m [32m INFO[0m [2mconvenient_bitbake::pipeline[0m[2m:[0m ✓ Extracted 1 tasks from "glibc-tests.inc" for recipe "glibc-testsuite_2.35.bb"
[2m2025-11-29T15:28:40.252696Z[0m [32m INFO[0m [2mconvenient_bitbake::pipeline[0m[2m:[0m ✓ Extracted 4 tasks from "glibc_2.35.bb" for recipe "glibc-tests_2.35.bb"
[2m2025-11-29T15:28:40.252931Z[0m [32m INFO[0m [2mconvenient_bitbake::pipeline[0m[2m:[0m Recipe "ifupdown_0.8.39.bb": 8 tasks total (3 from main, 5 from includes), 0 helpers total (0 from main, 0 from includes)
[2m2025-11-29T15:28:40.255261Z[0m [32m INFO[0m [2mconvenient_bitbake::pipeline[0m[2m:[0m ✓ Extracted 1 tasks from "glibc-tests.inc" for recipe "glibc-tests_2.35.bb"
[2m2025-11-29T15:28:40.255937Z[0m [32m INFO[0m [2mconvenient_bitbake::pipeline[0m[2m:[0m ✓ Extracted 2 tasks from "meta-environment.bb" for recipe "meta-environment-extsdk.bb"
[2m2025-11-29T15:28:40.255979Z[0m [32m INFO[0m [2mconvenient_bitbake::pipeline[0m[2m:[0m ✓ Extracted 0 tasks from "setuptools3.bbclass" for recipe "build-appliance-image_15.0.0.bb"
[2m2025-11-29T15:28:40.256010Z[0m [32m INFO[0m [2mconvenient_bitbake::pipeline[0m[2m:[0m Recipe "meta-environment-extsdk.bb": 2 tasks total (0 from main, 2 from includes), 1 helpers total (0 from main, 1 from includes)
[2m2025-11-29T15:28:40.256038Z[0m [32m INFO[0m [2mconvenient_bitbake::pipeline[0m[2m:[0m Recipe "build-appliance-image_15.0.0.bb": 2 tasks total (2 from main, 0 from includes), 4 helpers total (1 from main, 3 from includes)
[2m2025-11-29T15:28:40.257371Z[0m [32m INFO[0m [2mconvenient_bitbake::pipeline[0m[2m:[0m ✗ Include file not found: conf/distro/include/ptest-packagelists.inc (recipe: "core-image-ptest-fast.bb")
[2m2025-11-29T15:28:40.258770Z[0m [32m INFO[0m [2mconvenient_bitbake::pipeline[0m[2m:[0m ✓ Extracted 0 tasks from "multilib_header.bbclass" for recipe "bind_9.18.41.bb"
[2m2025-11-29T15:28:40.259667Z[0m [32m INFO[0m [2mconvenient_bitbake::pipeline[0m[2m:[0m ✓ Extracted 0 tasks from "autotools.bbclass" for recipe "kbd_2.4.0.bb"
[2m2025-11-29T15:28:40.260083Z[0m [32m INFO[0m [2mconvenient_bitbake::pipeline[0m[2m:[0m ✓ Extracted 0 tasks from "toolchain-scripts-base.bbclass" for recipe "buildtools-tarball.bb"
[2m2025-11-29T15:28:40.261102Z[0m [32m INFO[0m [2mconvenient_bitbake::pipeline[0m[2m:[0m ✓ Extracted 0 tasks from "dummy-sdk-package.inc" for recipe "nativesdk-sdk-provides-dummy.bb"
[2m2025-11-29T15:28:40.261483Z[0m [32m INFO[0m [2mconvenient_bitbake::pipeline[0m[2m:[0m ✓ Extracted 0 tasks from "toolchain-scripts.bbclass" for recipe "meta-environment.bb"
[2m2025-11-29T15:28:40.261780Z[0m [32m INFO[0m [2mconvenient_bitbake::pipeline[0m[2m:[0m Recipe "buildtools-tarball.bb": 1 tasks total (1 from main, 0 from includes), 1 helpers total (0 from main, 1 from includes)
[2m2025-11-29T15:28:40.262783Z[0m [32m INFO[0m [2mconvenient_bitbake::pipeline[0m[2m:[0m ✓ Extracted 0 tasks from "dummy-sdk-package.inc" for recipe "nativesdk-buildtools-perl-dummy.bb"
[2m2025-11-29T15:28:40.263526Z[0m [32m INFO[0m [2mconvenient_bitbake::pipeline[0m[2m:[0m ✓ Extracted 6 tasks from "ptest.bbclass" for recipe "gettext_0.21.bb"
[2m2025-11-29T15:28:40.263584Z[0m [32m INFO[0m [2mconvenient_bitbake::pipeline[0m[2m:[0m Recipe "gettext_0.21.bb": 7 tasks total (3 from main, 4 from includes), 6 helpers total (0 from main, 6 from includes)
[2m2025-11-29T15:28:40.265414Z[0m [32m INFO[0m [2mconvenient_bitbake::pipeline[0m[2m:[0m ✓ Extracted 0 tasks from "update-rc.d.bbclass" for recipe "kea_2.0.2.bb"
[2m2025-11-29T15:28:40.266614Z[0m [32m INFO[0m [2mconvenient_bitbake::pipeline[0m[2m:[0m ✓ Extracted 1 tasks from "buildtools-tarball.bb" for recipe "buildtools-docs-tarball.bb"
[2m2025-11-29T15:28:40.266652Z[0m [32m INFO[0m [2mconvenient_bitbake::pipeline[0m[2m:[0m Recipe "buildtools-docs-tarball.bb": 1 tasks total (0 from main, 1 from includes), 0 helpers total (0 from main, 0 from includes)
[2m2025-11-29T15:28:40.268249Z[0m [32m INFO[0m [2mconvenient_bitbake::pipeline[0m[2m:[0m Recipe "glibc-testsuite_2.35.bb": 5 tasks total (1 from main, 4 from includes), 0 helpers total (0 from main, 0 from includes)
[2m2025-11-29T15:28:40.268320Z[0m [32m INFO[0m [2mconvenient_bitbake::pipeline[0m[2m:[0m   Progress: 100/884 recipes parsed (11.3%)
[2m2025-11-29T15:28:40.268446Z[0m [32m INFO[0m [2mconvenient_bitbake::pipeline[0m[2m:[0m ✓ Extracted 0 tasks from "toolchain-scripts.bbclass" for recipe "meta-ide-support.bb"
[2m2025-11-29T15:28:40.268936Z[0m [32m INFO[0m [2mconvenient_bitbake::pipeline[0m[2m:[0m ✓ Extracted 1 tasks from "gnomebase.bbclass" for recipe "libxml2_2.9.14.bb"
[2m2025-11-29T15:28:40.268990Z[0m [32m INFO[0m [2mconvenient_bitbake::pipeline[0m[2m:[0m ✓ Extracted 1 tasks from "buildtools-tarball.bb" for recipe "buildtools-extended-tarball.bb"
[2m2025-11-29T15:28:40.269091Z[0m [32m INFO[0m [2mconvenient_bitbake::pipeline[0m[2m:[0m ✓ Extracted 2 tasks from "glib.inc" for recipe "glib-2.0_2.72.3.bb"
[2m2025-11-29T15:28:40.269106Z[0m [32m INFO[0m [2mconvenient_bitbake::pipeline[0m[2m:[0m Recipe "buildtools-extended-tarball.bb": 1 tasks total (0 from main, 1 from includes), 0 helpers total (0 from main, 0 from includes)
[2m2025-11-29T15:28:40.269486Z[0m [32m INFO[0m [2mconvenient_bitbake::pipeline[0m[2m:[0m ✓ Extracted 6 tasks from "ptest.bbclass" for recipe "glibc-tests_2.35.bb"
[2m2025-11-29T15:28:40.270548Z[0m [32m INFO[0m [2mconvenient_bitbake::pipeline[0m[2m:[0m ✓ Extracted 0 tasks from "useradd.bbclass" for recipe "dbus_1.14.8.bb"
[2m2025-11-29T15:28:40.270901Z[0m [32m INFO[0m [2mconvenient_bitbake::pipeline[0m[2m:[0m ✓ Extracted 0 tasks from "useradd.bbclass" for recipe "avahi_0.8.bb"
[2m2025-11-29T15:28:40.270961Z[0m [32m INFO[0m [2mconvenient_bitbake::pipeline[0m[2m:[0m Recipe "meta-ide-support.bb": 1 tasks total (1 from main, 0 from includes), 5 helpers total (0 from main, 5 from includes)
[2m2025-11-29T15:28:40.271000Z[0m [32m INFO[0m [2mconvenient_bitbake::pipeline[0m[2m:[0m Recipe "avahi_0.8.bb": 3 tasks total (4 from main, 0 from includes), 13 helpers total (0 from main, 13 from includes)
[2m2025-11-29T15:28:40.271034Z[0m [32m INFO[0m [2mconvenient_bitbake::pipeline[0m[2m:[0m Recipe "nativesdk-buildtools-perl-dummy.bb": 0 tasks total (0 from main, 0 from includes), 1 helpers total (0 from main, 1 from includes)
[2m2025-11-29T15:28:40.271203Z[0m [32m INFO[0m [2mconvenient_bitbake::pipeline[0m[2m:[0m Recipe "kea_2.0.2.bb": 2 tasks total (2 from main, 0 from includes), 11 helpers total (0 from main, 11 from includes)
[2m2025-11-29T15:28:40.275309Z[0m [32m INFO[0m [2mconvenient_bitbake::pipeline[0m[2m:[0m ✓ Extracted 1 tasks from "newlib.inc" for recipe "libgloss_4.2.0.bb"
[2m2025-11-29T15:28:40.276239Z[0m [32m INFO[0m [2mconvenient_bitbake::pipeline[0m[2m:[0m Recipe "nativesdk-sdk-provides-dummy.bb": 0 tasks total (0 from main, 0 from includes), 1 helpers total (0 from main, 1 from includes)
[2m2025-11-29T15:28:40.276604Z[0m [32m INFO[0m [2mconvenient_bitbake::pipeline[0m[2m:[0m ✓ Extracted 0 tasks from "autotools.bbclass" for recipe "libxml2_2.9.14.bb"
[2m2025-11-29T15:28:40.276630Z[0m [32m INFO[0m [2mconvenient_bitbake::pipeline[0m[2m:[0m Recipe "glibc-tests_2.35.bb": 11 tasks total (2 from main, 9 from includes), 1 helpers total (1 from main, 0 from includes)
[2m2025-11-29T15:28:40.277511Z[0m [32m INFO[0m [2mconvenient_bitbake::pipeline[0m[2m:[0m ✓ Extracted 0 tasks from "systemd.bbclass" for recipe "openssh_8.9p1.bb"
[2m2025-11-29T15:28:40.277613Z[0m [32m INFO[0m [2mconvenient_bitbake::pipeline[0m[2m:[0m ✓ Extracted 0 tasks from "cross-canadian.bbclass" for recipe "meta-environment.bb"
[2m2025-11-29T15:28:40.277712Z[0m [32m INFO[0m [2mconvenient_bitbake::pipeline[0m[2m:[0m ✓ Extracted 0 tasks from "autotools.bbclass" for recipe "musl-utils.bb"
[2m2025-11-29T15:28:40.277713Z[0m [32m INFO[0m [2mconvenient_bitbake::pipeline[0m[2m:[0m Recipe "meta-environment.bb": 2 tasks total (2 from main, 0 from includes), 7 helpers total (1 from main, 6 from includes)
[2m2025-11-29T15:28:40.277821Z[0m [32m INFO[0m [2mconvenient_bitbake::pipeline[0m[2m:[0m Recipe "musl-utils.bb": 0 tasks total (0 from main, 0 from includes), 6 helpers total (0 from main, 6 from includes)
[2m2025-11-29T15:28:40.280985Z[0m [32m INFO[0m [2mconvenient_bitbake::pipeline[0m[2m:[0m ✓ Extracted 1 tasks from "newlib.inc" for recipe "newlib_4.2.0.bb"
[2m2025-11-29T15:28:40.281252Z[0m [32m INFO[0m [2mconvenient_bitbake::pipeline[0m[2m:[0m ✓ Extracted 1 tasks from "native.bbclass" for recipe "cross-localedef-native_2.35.bb"
[2m2025-11-29T15:28:40.281358Z[0m [32m INFO[0m [2mconvenient_bitbake::pipeline[0m[2m:[0m Recipe "cross-localedef-native_2.35.bb": 2 tasks total (1 from main, 1 from includes), 6 helpers total (0 from main, 6 from includes)
[2m2025-11-29T15:28:40.281746Z[0m [32m INFO[0m [2mconvenient_bitbake::pipeline[0m[2m:[0m ✓ Extracted 0 tasks from "toolchain-scripts-base.bbclass" for recipe "testexport-tarball.bb"
[2m2025-11-29T15:28:40.282651Z[0m [32m INFO[0m [2mconvenient_bitbake::pipeline[0m[2m:[0m ✓ Extracted 1 tasks from "binconfig-disabled.bbclass" for recipe "libxml2_2.9.14.bb"
[2m2025-11-29T15:28:40.283715Z[0m [32m INFO[0m [2mconvenient_bitbake::pipeline[0m[2m:[0m Recipe "testexport-tarball.bb": 0 tasks total (0 from main, 0 from includes), 1 helpers total (0 from main, 1 from includes)
[2m2025-11-29T15:28:40.286108Z[0m [32m INFO[0m [2mconvenient_bitbake::pipeline[0m[2m:[0m ✓ Extracted 4 tasks from "glibc-package.inc" for recipe "glibc_2.35.bb"
[2m2025-11-29T15:28:40.286163Z[0m [32m INFO[0m [2mconvenient_bitbake::pipeline[0m[2m:[0m Recipe "glibc_2.35.bb": 8 tasks total (4 from main, 4 from includes), 3 helpers total (0 from main, 3 from includes)
[2m2025-11-29T15:28:40.286301Z[0m [32m INFO[0m [2mconvenient_bitbake::pipeline[0m[2m:[0m ✓ Extracted 6 tasks from "ptest.bbclass" for recipe "openssh_8.9p1.bb"
[2m2025-11-29T15:28:40.286345Z[0m [32m INFO[0m [2mconvenient_bitbake::pipeline[0m[2m:[0m Recipe "openssh_8.9p1.bb": 8 tasks total (4 from main, 4 from includes), 7 helpers total (0 from main, 7 from includes)
[2m2025-11-29T15:28:40.286422Z[0m [32m INFO[0m [2mconvenient_bitbake::pipeline[0m[2m:[0m ✓ Extracted 1 tasks from "deploy.bbclass" for recipe "signing-keys.bb"
[2m2025-11-29T15:28:40.286486Z[0m [32m INFO[0m [2mconvenient_bitbake::pipeline[0m[2m:[0m Recipe "signing-keys.bb": 4 tasks total (3 from main, 1 from includes), 0 helpers total (0 from main, 0 from includes)
[2m2025-11-29T15:28:40.287390Z[0m [32m INFO[0m [2mconvenient_bitbake::pipeline[0m[2m:[0m ✓ Extracted 0 tasks from "autotools.bbclass" for recipe "libcgroup_2.0.2.bb"
[2m2025-11-29T15:28:40.287482Z[0m [32m INFO[0m [2mconvenient_bitbake::pipeline[0m[2m:[0m ✓ Extracted 0 tasks from "autotools.bbclass" for recipe "musl-obstack.bb"
[2m2025-11-29T15:28:40.288624Z[0m [32m INFO[0m [2mconvenient_bitbake::pipeline[0m[2m:[0m Recipe "libcgroup_2.0.2.bb": 1 tasks total (1 from main, 0 from includes), 6 helpers total (0 from main, 6 from includes)
[2m2025-11-29T15:28:40.288672Z[0m [32m INFO[0m [2mconvenient_bitbake::pipeline[0m[2m:[0m Recipe "musl-obstack.bb": 0 tasks total (0 from main, 0 from includes), 6 helpers total (0 from main, 6 from includes)
[2m2025-11-29T15:28:40.289129Z[0m [32m INFO[0m [2mconvenient_bitbake::pipeline[0m[2m:[0m ✓ Extracted 1 tasks from "meson.bbclass" for recipe "libucontext_1.2.bb"
[2m2025-11-29T15:28:40.289180Z[0m [32m INFO[0m [2mconvenient_bitbake::pipeline[0m[2m:[0m Recipe "libucontext_1.2.bb": 1 tasks total (0 from main, 1 from includes), 3 helpers total (0 from main, 3 from includes)
[2m2025-11-29T15:28:40.291378Z[0m [32m INFO[0m [2mconvenient_bitbake::pipeline[0m[2m:[0m ✓ Extracted 0 tasks from "dummy-sdk-package.inc" for recipe "target-sdk-provides-dummy.bb"
[2m2025-11-29T15:28:40.291425Z[0m [32m INFO[0m [2mconvenient_bitbake::pipeline[0m[2m:[0m Recipe "target-sdk-provides-dummy.bb": 0 tasks total (0 from main, 0 from includes), 1 helpers total (0 from main, 1 from includes)
[2m2025-11-29T15:28:40.292486Z[0m [32m INFO[0m [2mconvenient_bitbake::pipeline[0m[2m:[0m ✓ Extracted 2 tasks from "readline.inc" for recipe "readline_8.1.2.bb"
[2m2025-11-29T15:28:40.292528Z[0m [32m INFO[0m [2mconvenient_bitbake::pipeline[0m[2m:[0m Recipe "readline_8.1.2.bb": 2 tasks total (0 from main, 2 from includes), 0 helpers total (0 from main, 0 from includes)
[2m2025-11-29T15:28:40.295110Z[0m [32m INFO[0m [2mconvenient_bitbake::pipeline[0m[2m:[0m Recipe "bind_9.18.41.bb": 1 tasks total (1 from main, 0 from includes), 14 helpers total (0 from main, 14 from includes)
[2m2025-11-29T15:28:40.295932Z[0m [32m INFO[0m [2mconvenient_bitbake::pipeline[0m[2m:[0m ✓ Extracted 0 tasks from "update-rc.d.bbclass" for recipe "dbus_1.14.8.bb"
[2m2025-11-29T15:28:40.345160Z[0m [32m INFO[0m [2mconvenient_bitbake::pipeline[0m[2m:[0m Recipe "dbus_1.14.8.bb": 1 tasks total (1 from main, 0 from includes), 11 helpers total (0 from main, 11 from includes)
[2m2025-11-29T15:28:40.345342Z[0m [32m INFO[0m [2mconvenient_bitbake::pipeline[0m[2m:[0m ✓ Extracted 1 tasks from "native.bbclass" for recipe "cve-update-db-native.bb"
[2m2025-11-29T15:28:40.345416Z[0m [32m INFO[0m [2mconvenient_bitbake::pipeline[0m[2m:[0m Recipe "cve-update-db-native.bb": 2 tasks total (1 from main, 1 from includes), 0 helpers total (0 from main, 0 from includes)
[2m2025-11-29T15:28:40.346628Z[0m [32m INFO[0m [2mconvenient_bitbake::pipeline[0m[2m:[0m ✓ Extracted 1 tasks from "deploy.bbclass" for recipe "ovmf_git.bb"
[2m2025-11-29T15:28:40.346705Z[0m [32m INFO[0m [2mconvenient_bitbake::pipeline[0m[2m:[0m Recipe "ovmf_git.bb": 2 tasks total (1 from main, 1 from includes), 4 helpers total (4 from main, 0 from includes)
[2m2025-11-29T15:28:40.350140Z[0m [32m INFO[0m [2mconvenient_bitbake::pipeline[0m[2m:[0m ✓ Extracted 6 tasks from "ptest.bbclass" for recipe "coreutils_9.0.bb"
[2m2025-11-29T15:28:40.350207Z[0m [32m INFO[0m [2mconvenient_bitbake::pipeline[0m[2m:[0m Recipe "coreutils_9.0.bb": 8 tasks total (3 from main, 5 from includes), 6 helpers total (0 from main, 6 from includes)
[2m2025-11-29T15:28:40.351541Z[0m [32m INFO[0m [2mconvenient_bitbake::pipeline[0m[2m:[0m ✓ Extracted 1 tasks from "meson.bbclass" for recipe "seatd_0.6.4.bb"
[2m2025-11-29T15:28:40.351709Z[0m [32m INFO[0m [2mconvenient_bitbake::pipeline[0m[2m:[0m ✓ Extracted 0 tasks from "cross-canadian.bbclass" for recipe "packagegroup-rust-cross-canadian.bb"
[2m2025-11-29T15:28:40.352291Z[0m [32m INFO[0m [2mconvenient_bitbake::pipeline[0m[2m:[0m ✓ Extracted 4 tasks from "ncurses.inc" for recipe "ncurses_6.3+20220423.bb"
[2m2025-11-29T15:28:40.352390Z[0m [32m INFO[0m [2mconvenient_bitbake::pipeline[0m[2m:[0m Recipe "ncurses_6.3+20220423.bb": 4 tasks total (0 from main, 4 from includes), 1 helpers total (0 from main, 1 from includes)
[2m2025-11-29T15:28:40.356122Z[0m [32m INFO[0m [2mconvenient_bitbake::pipeline[0m[2m:[0m Recipe "packagegroup-rust-cross-canadian.bb": 0 tasks total (0 from main, 0 from includes), 1 helpers total (0 from main, 1 from includes)
[2m2025-11-29T15:28:40.356418Z[0m [32m INFO[0m [2mconvenient_bitbake::pipeline[0m[2m:[0m ✓ Extracted 0 tasks from "cross-canadian.bbclass" for recipe "packagegroup-cross-canadian.bb"
[2m2025-11-29T15:28:40.356905Z[0m [32m INFO[0m [2mconvenient_bitbake::pipeline[0m[2m:[0m ✓ Extracted 0 tasks from "systemd.bbclass" for recipe "systemd-machine-units_1.0.bb"
[2m2025-11-29T15:28:40.356968Z[0m [32m INFO[0m [2mconvenient_bitbake::pipeline[0m[2m:[0m Recipe "systemd-machine-units_1.0.bb": 0 tasks total (0 from main, 0 from includes), 2 helpers total (0 from main, 2 from includes)
[2m2025-11-29T15:28:40.357072Z[0m [32m INFO[0m [2mconvenient_bitbake::pipeline[0m[2m:[0m ✓ Extracted 6 tasks from "ptest.bbclass" for recipe "libxml2_2.9.14.bb"
[2m2025-11-29T15:28:40.358167Z[0m [32m INFO[0m [2mconvenient_bitbake::pipeline[0m[2m:[0m ✓ Extracted 0 tasks from "autotools.bbclass" for recipe "psplash_git.bb"
[2m2025-11-29T15:28:40.359299Z[0m [32m INFO[0m [2mconvenient_bitbake::pipeline[0m[2m:[0m ✓ Extracted 0 tasks from "cross-canadian.bbclass" for recipe "packagegroup-go-cross-canadian.bb"
[2m2025-11-29T15:28:40.360450Z[0m [32m INFO[0m [2mconvenient_bitbake::pipeline[0m[2m:[0m Recipe "kbd_2.4.0.bb": 1 tasks total (1 from main, 0 from includes), 6 helpers total (0 from main, 6 from includes)
[2m2025-11-29T15:28:40.361057Z[0m [32m INFO[0m [2mconvenient_bitbake::pipeline[0m[2m:[0m ✓ Extracted 0 tasks from "update-rc.d.bbclass" for recipe "seatd_0.6.4.bb"
[2m2025-11-29T15:28:40.361105Z[0m [32m INFO[0m [2mconvenient_bitbake::pipeline[0m[2m:[0m Recipe "seatd_0.6.4.bb": 2 tasks total (1 from main, 1 from includes), 6 helpers total (0 from main, 6 from includes)
[2m2025-11-29T15:28:40.361611Z[0m [32m INFO[0m [2mconvenient_bitbake::pipeline[0m[2m:[0m ✓ Extracted 0 tasks from "autotools.bbclass" for recipe "autoconf-archive_2022.02.11.bb"
[2m2025-11-29T15:28:40.362615Z[0m [32m INFO[0m [2mconvenient_bitbake::pipeline[0m[2m:[0m ✓ Extracted 1 tasks from "automake.inc" for recipe "automake_1.16.5.bb"
[2m2025-11-29T15:28:40.362677Z[0m [32m INFO[0m [2mconvenient_bitbake::pipeline[0m[2m:[0m Recipe "automake_1.16.5.bb": 2 tasks total (1 from main, 1 from includes), 0 helpers total (0 from main, 0 from includes)
[2m2025-11-29T15:28:40.362758Z[0m [32m INFO[0m [2mconvenient_bitbake::pipeline[0m[2m:[0m ✓ Extracted 1 tasks from "native.bbclass" for recipe "cve-update-nvd2-native.bb"
[2m2025-11-29T15:28:40.362822Z[0m [32m INFO[0m [2mconvenient_bitbake::pipeline[0m[2m:[0m Recipe "cve-update-nvd2-native.bb": 3 tasks total (2 from main, 1 from includes), 0 helpers total (0 from main, 0 from includes)
[2m2025-11-29T15:28:40.363429Z[0m [32m INFO[0m [2mconvenient_bitbake::pipeline[0m[2m:[0m Recipe "libxml2_2.9.14.bb": 8 tasks total (3 from main, 5 from includes), 7 helpers total (0 from main, 7 from includes)
[2m2025-11-29T15:28:40.363888Z[0m [32m INFO[0m [2mconvenient_bitbake::pipeline[0m[2m:[0m ✗ Include file not found: recipes-devtools/rust/rust-source.inc (recipe: "cargo-cross-canadian_1.59.0.bb")
[2m2025-11-29T15:28:40.364397Z[0m [32m INFO[0m [2mconvenient_bitbake::pipeline[0m[2m:[0m ✗ Include file not found: recipes-devtools/rust/rust-snapshot.inc (recipe: "cargo-cross-canadian_1.59.0.bb")
[2m2025-11-29T15:28:40.364742Z[0m [32m INFO[0m [2mconvenient_bitbake::pipeline[0m[2m:[0m Recipe "packagegroup-go-cross-canadian.bb": 0 tasks total (0 from main, 0 from includes), 1 helpers total (0 from main, 1 from includes)
[2m2025-11-29T15:28:40.364852Z[0m [32m INFO[0m [2mconvenient_bitbake::pipeline[0m[2m:[0m ✓ Extracted 0 tasks from "autotools.bbclass" for recipe "sysfsutils_2.1.0.bb"
[2m2025-11-29T15:28:40.364909Z[0m [32m INFO[0m [2mconvenient_bitbake::pipeline[0m[2m:[0m Recipe "sysfsutils_2.1.0.bb": 0 tasks total (0 from main, 0 from includes), 6 helpers total (0 from main, 6 from includes)
[2m2025-11-29T15:28:40.365077Z[0m [32m INFO[0m [2mconvenient_bitbake::pipeline[0m[2m:[0m Recipe "packagegroup-cross-canadian.bb": 0 tasks total (0 from main, 0 from includes), 1 helpers total (0 from main, 1 from includes)
[2m2025-11-29T15:28:40.366800Z[0m [32m INFO[0m [2mconvenient_bitbake::pipeline[0m[2m:[0m ✓ Extracted 0 tasks from "cmake.bbclass" for recipe "apt_2.4.5.bb"
[2m2025-11-29T15:28:40.366872Z[0m [32m INFO[0m [2mconvenient_bitbake::pipeline[0m[2m:[0m ✓ Extracted 0 tasks from "update-rc.d.bbclass" for recipe "psplash_git.bb"
[2m2025-11-29T15:28:40.367005Z[0m [32m INFO[0m [2mconvenient_bitbake::pipeline[0m[2m:[0m ✓ Extracted 3 tasks from "cargo-cross-canadian.inc" for recipe "cargo-cross-canadian_1.59.0.bb"
[2m2025-11-29T15:28:40.367048Z[0m [32m INFO[0m [2mconvenient_bitbake::pipeline[0m[2m:[0m Recipe "cargo-cross-canadian_1.59.0.bb": 3 tasks total (0 from main, 3 from includes), 0 helpers total (0 from main, 0 from includes)
[2m2025-11-29T15:28:40.368460Z[0m [32m INFO[0m [2mconvenient_bitbake::pipeline[0m[2m:[0m ✓ Extracted 0 tasks from "systemd.bbclass" for recipe "volatile-binds.bb"
[2m2025-11-29T15:28:40.368553Z[0m [32m INFO[0m [2mconvenient_bitbake::pipeline[0m[2m:[0m Recipe "autoconf-archive_2022.02.11.bb": 0 tasks total (0 from main, 0 from includes), 6 helpers total (0 from main, 6 from includes)
[2m2025-11-29T15:28:40.368743Z[0m [32m INFO[0m [2mconvenient_bitbake::pipeline[0m[2m:[0m ✗ Include file not found: recipes-devtools/rust/rust-source.inc (recipe: "cargo_1.59.0.bb")
[2m2025-11-29T15:28:40.369147Z[0m [32m INFO[0m [2mconvenient_bitbake::pipeline[0m[2m:[0m ✗ Include file not found: recipes-devtools/rust/rust-snapshot.inc (recipe: "cargo_1.59.0.bb")
[2m2025-11-29T15:28:40.369479Z[0m [32m INFO[0m [2mconvenient_bitbake::pipeline[0m[2m:[0m ✓ Extracted 3 tasks from "binutils.inc" for recipe "binutils-cross-canadian_2.38.bb"
[2m2025-11-29T15:28:40.370653Z[0m [32m INFO[0m [2mconvenient_bitbake::pipeline[0m[2m:[0m ✓ Extracted 0 tasks from "autotools.bbclass" for recipe "util-linux-libuuid_2.37.4.bb"
[2m2025-11-29T15:28:40.372443Z[0m [32m INFO[0m [2mconvenient_bitbake::pipeline[0m[2m:[0m Recipe "volatile-binds.bb": 2 tasks total (2 from main, 0 from includes), 2 helpers total (0 from main, 2 from includes)
[2m2025-11-29T15:28:40.373544Z[0m [32m INFO[0m [2mconvenient_bitbake::pipeline[0m[2m:[0m ✓ Extracted 1 tasks from "meson.bbclass" for recipe "systemd-boot_250.14.bb"
[2m2025-11-29T15:28:40.374747Z[0m [32m INFO[0m [2mconvenient_bitbake::pipeline[0m[2m:[0m Recipe "util-linux-libuuid_2.37.4.bb": 1 tasks total (1 from main, 0 from includes), 6 helpers total (0 from main, 6 from includes)
[2m2025-11-29T15:28:40.375113Z[0m [32m INFO[0m [2mconvenient_bitbake::pipeline[0m[2m:[0m ✓ Extracted 0 tasks from "cmake.bbclass" for recipe "createrepo-c_0.19.0.bb"
[2m2025-11-29T15:28:40.376008Z[0m [32m INFO[0m [2mconvenient_bitbake::pipeline[0m[2m:[0m ✓ Extracted 0 tasks from "cmake.bbclass" for recipe "ccache_4.6.bb"
[2m2025-11-29T15:28:40.376054Z[0m [32m INFO[0m [2mconvenient_bitbake::pipeline[0m[2m:[0m Recipe "ccache_4.6.bb": 0 tasks total (0 from main, 0 from includes), 6 helpers total (0 from main, 6 from includes)
[2m2025-11-29T15:28:40.376735Z[0m [32m INFO[0m [2mconvenient_bitbake::pipeline[0m[2m:[0m ✓ Extracted 0 tasks from "autotools.bbclass" for recipe "eudev_3.2.10.bb"
[2m2025-11-29T15:28:40.376722Z[0m [32m INFO[0m [2mconvenient_bitbake::pipeline[0m[2m:[0m ✓ Extracted 3 tasks from "binutils.inc" for recipe "binutils-cross-testsuite_2.38.bb"
[2m2025-11-29T15:28:40.379075Z[0m [32m INFO[0m [2mconvenient_bitbake::pipeline[0m[2m:[0m ✓ Extracted 3 tasks from "binutils.inc" for recipe "binutils_2.38.bb"
[2m2025-11-29T15:28:40.379088Z[0m [32m INFO[0m [2mconvenient_bitbake::pipeline[0m[2m:[0m ✓ Extracted 1 tasks from "deploy.bbclass" for recipe "systemd-boot_250.14.bb"
[2m2025-11-29T15:28:40.379183Z[0m [32m INFO[0m [2mconvenient_bitbake::pipeline[0m[2m:[0m Recipe "systemd-boot_250.14.bb": 5 tasks total (4 from main, 1 from includes), 3 helpers total (0 from main, 3 from includes)
[2m2025-11-29T15:28:40.380310Z[0m [32m INFO[0m [2mconvenient_bitbake::pipeline[0m[2m:[0m ✓ Extracted 1 tasks from "binutils-cross-canadian.inc" for recipe "binutils-cross-canadian_2.38.bb"
[2m2025-11-29T15:28:40.380350Z[0m [32m INFO[0m [2mconvenient_bitbake::pipeline[0m[2m:[0m Recipe "binutils-cross-canadian_2.38.bb": 3 tasks total (0 from main, 3 from includes), 0 helpers total (0 from main, 0 from includes)
[2m2025-11-29T15:28:40.381925Z[0m [32m INFO[0m [2mconvenient_bitbake::pipeline[0m[2m:[0m ✓ Extracted 6 tasks from "ptest.bbclass" for recipe "zlib_1.2.11.bb"
[2m2025-11-29T15:28:40.382064Z[0m [32m INFO[0m [2mconvenient_bitbake::pipeline[0m[2m:[0m Recipe "zlib_1.2.11.bb": 9 tasks total (4 from main, 5 from includes), 0 helpers total (0 from main, 0 from includes)
[2m2025-11-29T15:28:40.384013Z[0m [32m INFO[0m [2mconvenient_bitbake::pipeline[0m[2m:[0m Recipe "createrepo-c_0.19.0.bb": 0 tasks total (0 from main, 0 from includes), 6 helpers total (0 from main, 6 from includes)
[2m2025-11-29T15:28:40.384104Z[0m [32m INFO[0m [2mconvenient_bitbake::pipeline[0m[2m:[0m ✓ Extracted 3 tasks from "binutils.inc" for recipe "binutils-cross_2.38.bb"
[2m2025-11-29T15:28:40.385310Z[0m [32m INFO[0m [2mconvenient_bitbake::pipeline[0m[2m:[0m ✓ Extracted 0 tasks from "useradd.bbclass" for recipe "apt_2.4.5.bb"
[2m2025-11-29T15:28:40.385359Z[0m [32m INFO[0m [2mconvenient_bitbake::pipeline[0m[2m:[0m Recipe "apt_2.4.5.bb": 2 tasks total (2 from main, 0 from includes), 9 helpers total (1 from main, 8 from includes)
[2m2025-11-29T15:28:40.385686Z[0m [32m INFO[0m [2mconvenient_bitbake::pipeline[0m[2m:[0m ✓ Extracted 3 tasks from "cargo.inc" for recipe "cargo_1.59.0.bb"
[2m2025-11-29T15:28:40.385735Z[0m [32m INFO[0m [2mconvenient_bitbake::pipeline[0m[2m:[0m Recipe "cargo_1.59.0.bb": 3 tasks total (0 from main, 3 from includes), 0 helpers total (0 from main, 0 from includes)
[2m2025-11-29T15:28:40.385780Z[0m [32m INFO[0m [2mconvenient_bitbake::pipeline[0m[2m:[0m ✓ Extracted 0 tasks from "autotools.bbclass" for recipe "autoconf_2.71.bb"
[2m2025-11-29T15:28:40.386502Z[0m [32m INFO[0m [2mconvenient_bitbake::pipeline[0m[2m:[0m ✓ Extracted 0 tasks from "autotools.bbclass" for recipe "diffstat_1.64.bb"
[2m2025-11-29T15:28:40.386553Z[0m [32m INFO[0m [2mconvenient_bitbake::pipeline[0m[2m:[0m Recipe "glib-2.0_2.72.3.bb": 2 tasks total (0 from main, 2 from includes), 0 helpers total (0 from main, 0 from includes)
[2m2025-11-29T15:28:40.387751Z[0m [32m INFO[0m [2mconvenient_bitbake::pipeline[0m[2m:[0m Recipe "autoconf_2.71.bb": 1 tasks total (1 from main, 0 from includes), 7 helpers total (1 from main, 6 from includes)
[2m2025-11-29T15:28:40.387762Z[0m [32m INFO[0m [2mconvenient_bitbake::pipeline[0m[2m:[0m ✓ Extracted 0 tasks from "autotools.bbclass" for recipe "chrpath_0.16.bb"
[2m2025-11-29T15:28:40.387878Z[0m [32m INFO[0m [2mconvenient_bitbake::pipeline[0m[2m:[0m Recipe "chrpath_0.16.bb": 0 tasks total (0 from main, 0 from includes), 6 helpers total (0 from main, 6 from includes)
[2m2025-11-29T15:28:40.388362Z[0m [32m INFO[0m [2mconvenient_bitbake::pipeline[0m[2m:[0m ✓ Extracted 0 tasks from "xmlcatalog.bbclass" for recipe "docbook-xsl-stylesheets_1.79.1.bb"
[2m2025-11-29T15:28:40.388456Z[0m [32m INFO[0m [2mconvenient_bitbake::pipeline[0m[2m:[0m Recipe "docbook-xsl-stylesheets_1.79.1.bb": 3 tasks total (3 from main, 0 from includes), 2 helpers total (0 from main, 2 from includes)
[2m2025-11-29T15:28:40.388991Z[0m [32m INFO[0m [2mconvenient_bitbake::pipeline[0m[2m:[0m ✓ Extracted 0 tasks from "autotools.bbclass" for recipe "dejagnu_1.6.3.bb"
[2m2025-11-29T15:28:40.389076Z[0m [32m INFO[0m [2mconvenient_bitbake::pipeline[0m[2m:[0m Recipe "dejagnu_1.6.3.bb": 0 tasks total (0 from main, 0 from includes), 6 helpers total (0 from main, 6 from includes)
[2m2025-11-29T15:28:40.389369Z[0m [32m INFO[0m [2mconvenient_bitbake::pipeline[0m[2m:[0m Recipe "binutils_2.38.bb": 3 tasks total (0 from main, 3 from includes), 0 helpers total (0 from main, 0 from includes)
[2m2025-11-29T15:28:40.389490Z[0m [32m INFO[0m [2mconvenient_bitbake::pipeline[0m[2m:[0m ✓ Extracted 0 tasks from "autotools.bbclass" for recipe "dosfstools_4.2.bb"
[2m2025-11-29T15:28:40.390688Z[0m [32m INFO[0m [2mconvenient_bitbake::pipeline[0m[2m:[0m ✓ Extracted 0 tasks from "xmlcatalog.bbclass" for recipe "docbook-xml-dtd4_4.5.bb"
[2m2025-11-29T15:28:40.390737Z[0m [32m INFO[0m [2mconvenient_bitbake::pipeline[0m[2m:[0m Recipe "docbook-xml-dtd4_4.5.bb": 3 tasks total (3 from main, 0 from includes), 2 helpers total (0 from main, 2 from includes)
[2m2025-11-29T15:28:40.393320Z[0m [32m INFO[0m [2mconvenient_bitbake::pipeline[0m[2m:[0m ✓ Extracted 0 tasks from "autotools.bbclass" for recipe "desktop-file-utils_0.26.bb"
[2m2025-11-29T15:28:40.394076Z[0m [32m INFO[0m [2mconvenient_bitbake::pipeline[0m[2m:[0m ✓ Extracted 6 tasks from "ptest.bbclass" for recipe "diffstat_1.64.bb"
[2m2025-11-29T15:28:40.394118Z[0m [32m INFO[0m [2mconvenient_bitbake::pipeline[0m[2m:[0m Recipe "diffstat_1.64.bb": 6 tasks total (1 from main, 5 from includes), 6 helpers total (0 from main, 6 from includes)
[2m2025-11-29T15:28:40.395885Z[0m [32m INFO[0m [2mconvenient_bitbake::pipeline[0m[2m:[0m ✓ Extracted 1 tasks from "native.bbclass" for recipe "systemd-systemctl-native.bb"
[2m2025-11-29T15:28:40.395930Z[0m [32m INFO[0m [2mconvenient_bitbake::pipeline[0m[2m:[0m Recipe "systemd-systemctl-native.bb": 2 tasks total (1 from main, 1 from includes), 0 helpers total (0 from main, 0 from includes)
[2m2025-11-29T15:28:40.396063Z[0m [32m INFO[0m [2mconvenient_bitbake::pipeline[0m[2m:[0m ✓ Extracted 0 tasks from "autotools.bbclass" for recipe "bison_3.8.2.bb"
[2m2025-11-29T15:28:40.446647Z[0m [32m INFO[0m [2mconvenient_bitbake::pipeline[0m[2m:[0m ✓ Extracted 2 tasks from "dpkg.inc" for recipe "dpkg_1.21.4.bb"
[2m2025-11-29T15:28:40.446718Z[0m [32m INFO[0m [2mconvenient_bitbake::pipeline[0m[2m:[0m Recipe "dpkg_1.21.4.bb": 2 tasks total (0 from main, 2 from includes), 0 helpers total (0 from main, 0 from includes)
[2m2025-11-29T15:28:40.447035Z[0m [32m INFO[0m [2mconvenient_bitbake::pipeline[0m[2m:[0m Recipe "desktop-file-utils_0.26.bb": 1 tasks total (1 from main, 0 from includes), 6 helpers total (0 from main, 6 from includes)
[2m2025-11-29T15:28:40.447161Z[0m [32m INFO[0m [2mconvenient_bitbake::pipeline[0m[2m:[0m ✓ Extracted 0 tasks from "cmake.bbclass" for recipe "dnf_4.11.1.bb"
[2m2025-11-29T15:28:40.448158Z[0m [32m INFO[0m [2mconvenient_bitbake::pipeline[0m[2m:[0m Recipe "binutils-cross-testsuite_2.38.bb": 4 tasks total (2 from main, 2 from includes), 0 helpers total (0 from main, 0 from includes)
[2m2025-11-29T15:28:40.448492Z[0m [32m INFO[0m [2mconvenient_bitbake::pipeline[0m[2m:[0m ✓ Extracted 0 tasks from "update-rc.d.bbclass" for recipe "eudev_3.2.10.bb"
[2m2025-11-29T15:28:40.451178Z[0m [32m INFO[0m [2mconvenient_bitbake::pipeline[0m[2m:[0m ✓ Extracted 0 tasks from "autotools.bbclass" for recipe "distcc_3.4.bb"
[2m2025-11-29T15:28:40.452068Z[0m [32m INFO[0m [2mconvenient_bitbake::pipeline[0m[2m:[0m ✓ Extracted 1 tasks from "gdb-cross.inc" for recipe "gdb-cross_11.2.bb"
[2m2025-11-29T15:28:40.453671Z[0m [32m INFO[0m [2mconvenient_bitbake::pipeline[0m[2m:[0m Recipe "gdb-cross_11.2.bb": 1 tasks total (0 from main, 1 from includes), 0 helpers total (0 from main, 0 from includes)
[2m2025-11-29T15:28:40.454900Z[0m [32m INFO[0m [2mconvenient_bitbake::pipeline[0m[2m:[0m ✓ Extracted 1 tasks from "native.bbclass" for recipe "cdrtools-native_3.01.bb"
[2m2025-11-29T15:28:40.454990Z[0m [32m INFO[0m [2mconvenient_bitbake::pipeline[0m[2m:[0m Recipe "cdrtools-native_3.01.bb": 2 tasks total (1 from main, 1 from includes), 0 helpers total (0 from main, 0 from includes)
[2m2025-11-29T15:28:40.455141Z[0m [32m INFO[0m [2mconvenient_bitbake::pipeline[0m[2m:[0m   Progress: 200/884 recipes parsed (22.6%)
[2m2025-11-29T15:28:40.455585Z[0m [32m INFO[0m [2mconvenient_bitbake::pipeline[0m[2m:[0m ✓ Extracted 0 tasks from "autotools.bbclass" for recipe "expect_5.45.4.bb"
[2m2025-11-29T15:28:40.456324Z[0m [32m INFO[0m [2mconvenient_bitbake::pipeline[0m[2m:[0m ✓ Extracted 0 tasks from "systemd.bbclass" for recipe "bootchart2_0.14.9.bb"
[2m2025-11-29T15:28:40.457810Z[0m [32m INFO[0m [2mconvenient_bitbake::pipeline[0m[2m:[0m ✓ Extracted 1 tasks from "binutils-cross.inc" for recipe "binutils-cross_2.38.bb"
[2m2025-11-29T15:28:40.457853Z[0m [32m INFO[0m [2mconvenient_bitbake::pipeline[0m[2m:[0m Recipe "bison_3.8.2.bb": 1 tasks total (1 from main, 0 from includes), 6 helpers total (0 from main, 6 from includes)
[2m2025-11-29T15:28:40.457863Z[0m [32m INFO[0m [2mconvenient_bitbake::pipeline[0m[2m:[0m Recipe "binutils-cross_2.38.bb": 3 tasks total (0 from main, 3 from includes), 0 helpers total (0 from main, 0 from includes)
[2m2025-11-29T15:28:40.458081Z[0m [32m INFO[0m [2mconvenient_bitbake::pipeline[0m[2m:[0m ✓ Extracted 2 tasks from "image.bbclass" for recipe "ovmf-shell-image.bb"
[2m2025-11-29T15:28:40.458245Z[0m [32m INFO[0m [2mconvenient_bitbake::pipeline[0m[2m:[0m Recipe "ovmf-shell-image.bb": 3 tasks total (1 from main, 2 from includes), 5 helpers total (0 from main, 5 from includes)
[2m2025-11-29T15:28:40.459108Z[0m [32m INFO[0m [2mconvenient_bitbake::pipeline[0m[2m:[0m ✓ Extracted 0 tasks from "autotools.bbclass" for recipe "flex_2.6.4.bb"
[2m2025-11-29T15:28:40.460349Z[0m [32m INFO[0m [2mconvenient_bitbake::pipeline[0m[2m:[0m ✓ Extracted 0 tasks from "cmake.bbclass" for recipe "cmake_3.22.3.bb"
[2m2025-11-29T15:28:40.460539Z[0m [32m INFO[0m [2mconvenient_bitbake::pipeline[0m[2m:[0m ✓ Extracted 5 tasks from "gcc-cross.inc" for recipe "gcc-cross_11.5.bb"
[2m2025-11-29T15:28:40.460664Z[0m [32m INFO[0m [2mconvenient_bitbake::pipeline[0m[2m:[0m Recipe "gcc-cross_11.5.bb": 5 tasks total (0 from main, 5 from includes), 0 helpers total (0 from main, 0 from includes)
[2m2025-11-29T15:28:40.461278Z[0m [32m INFO[0m [2mconvenient_bitbake::pipeline[0m[2m:[0m ✓ Extracted 2 tasks from "gdb-common.inc" for recipe "gdb-cross-canadian_11.2.bb"
[2m2025-11-29T15:28:40.461962Z[0m [32m INFO[0m [2mconvenient_bitbake::pipeline[0m[2m:[0m ✓ Extracted 2 tasks from "gdb-common.inc" for recipe "gdb_11.2.bb"
[2m2025-11-29T15:28:40.462769Z[0m [32m INFO[0m [2mconvenient_bitbake::pipeline[0m[2m:[0m Recipe "cmake_3.22.3.bb": 0 tasks total (0 from main, 0 from includes), 6 helpers total (0 from main, 6 from includes)
[2m2025-11-29T15:28:40.463898Z[0m [32m INFO[0m [2mconvenient_bitbake::pipeline[0m[2m:[0m ✓ Extracted 0 tasks from "autotools.bbclass" for recipe "file_5.41.bb"
[2m2025-11-29T15:28:40.464547Z[0m [32m INFO[0m [2mconvenient_bitbake::pipeline[0m[2m:[0m ✓ Extracted 2 tasks from "go-crosssdk.inc" for recipe "go-crosssdk_1.17.13.bb"
[2m2025-11-29T15:28:40.464593Z[0m [32m INFO[0m [2mconvenient_bitbake::pipeline[0m[2m:[0m ✓ Extracted 2 tasks from "gdb-cross-canadian.inc" for recipe "gdb-cross-canadian_11.2.bb"
[2m2025-11-29T15:28:40.466327Z[0m [32m INFO[0m [2mconvenient_bitbake::pipeline[0m[2m:[0m ✓ Extracted 2 tasks from "go-cross.inc" for recipe "go-cross_1.17.13.bb"
[2m2025-11-29T15:28:40.467995Z[0m [32m INFO[0m [2mconvenient_bitbake::pipeline[0m[2m:[0m ✓ Extracted 0 tasks from "update-rc.d.bbclass" for recipe "distcc_3.4.bb"
[2m2025-11-29T15:28:40.468180Z[0m [32m INFO[0m [2mconvenient_bitbake::pipeline[0m[2m:[0m Recipe "dosfstools_4.2.bb": 0 tasks total (0 from main, 0 from includes), 6 helpers total (0 from main, 6 from includes)
[2m2025-11-29T15:28:40.468470Z[0m [32m INFO[0m [2mconvenient_bitbake::pipeline[0m[2m:[0m ✓ Extracted 3 tasks from "gcc-target.inc" for recipe "gcc_11.5.bb"
[2m2025-11-29T15:28:40.468551Z[0m [32m INFO[0m [2mconvenient_bitbake::pipeline[0m[2m:[0m Recipe "gcc_11.5.bb": 3 tasks total (0 from main, 3 from includes), 0 helpers total (0 from main, 0 from includes)
[2m2025-11-29T15:28:40.469167Z[0m [32m INFO[0m [2mconvenient_bitbake::pipeline[0m[2m:[0m ✓ Extracted 4 tasks from "gcc-runtime.inc" for recipe "gcc-runtime_11.5.bb"
[2m2025-11-29T15:28:40.469301Z[0m [32m INFO[0m [2mconvenient_bitbake::pipeline[0m[2m:[0m Recipe "gcc-runtime_11.5.bb": 4 tasks total (0 from main, 4 from includes), 0 helpers total (0 from main, 0 from includes)
[2m2025-11-29T15:28:40.472688Z[0m [32m INFO[0m [2mconvenient_bitbake::pipeline[0m[2m:[0m ✓ Extracted 0 tasks from "autotools.bbclass" for recipe "erofs-utils_1.4.bb"
[2m2025-11-29T15:28:40.472816Z[0m [32m INFO[0m [2mconvenient_bitbake::pipeline[0m[2m:[0m Recipe "erofs-utils_1.4.bb": 0 tasks total (0 from main, 0 from includes), 6 helpers total (0 from main, 6 from includes)
[2m2025-11-29T15:28:40.473096Z[0m [32m INFO[0m [2mconvenient_bitbake::pipeline[0m[2m:[0m Recipe "gdb-cross-canadian_11.2.bb": 2 tasks total (0 from main, 2 from includes), 0 helpers total (0 from main, 0 from includes)
[2m2025-11-29T15:28:40.474165Z[0m [32m INFO[0m [2mconvenient_bitbake::pipeline[0m[2m:[0m ✓ Extracted 0 tasks from "go.bbclass" for recipe "glide_0.13.3.bb"
[2m2025-11-29T15:28:40.474229Z[0m [32m INFO[0m [2mconvenient_bitbake::pipeline[0m[2m:[0m Recipe "glide_0.13.3.bb": 0 tasks total (0 from main, 0 from includes), 7 helpers total (0 from main, 7 from includes)
[2m2025-11-29T15:28:40.474254Z[0m [32m INFO[0m [2mconvenient_bitbake::pipeline[0m[2m:[0m ✓ Extracted 0 tasks from "autotools.bbclass" for recipe "util-linux_2.37.4.bb"
[2m2025-11-29T15:28:40.474416Z[0m [32m INFO[0m [2mconvenient_bitbake::pipeline[0m[2m:[0m ✓ Extracted 2 tasks from "go-cross-canadian.inc" for recipe "go-cross-canadian_1.17.13.bb"
[2m2025-11-29T15:28:40.474533Z[0m [32m INFO[0m [2mconvenient_bitbake::pipeline[0m[2m:[0m Recipe "expect_5.45.4.bb": 1 tasks total (1 from main, 0 from includes), 6 helpers total (0 from main, 6 from includes)
[2m2025-11-29T15:28:40.474579Z[0m [32m INFO[0m [2mconvenient_bitbake::pipeline[0m[2m:[0m Recipe "eudev_3.2.10.bb": 1 tasks total (1 from main, 0 from includes), 9 helpers total (0 from main, 9 from includes)
[2m2025-11-29T15:28:40.474849Z[0m [32m INFO[0m [2mconvenient_bitbake::pipeline[0m[2m:[0m ✓ Extracted 1 tasks from "gcc-source.inc" for recipe "gcc-source_11.5.bb"
[2m2025-11-29T15:28:40.474892Z[0m [32m INFO[0m [2mconvenient_bitbake::pipeline[0m[2m:[0m Recipe "gcc-source_11.5.bb": 1 tasks total (0 from main, 1 from includes), 0 helpers total (0 from main, 0 from includes)
[2m2025-11-29T15:28:40.476987Z[0m [32m INFO[0m [2mconvenient_bitbake::pipeline[0m[2m:[0m ✓ Extracted 0 tasks from "systemd.bbclass" for recipe "dnf_4.11.1.bb"
[2m2025-11-29T15:28:40.477094Z[0m [32m INFO[0m [2mconvenient_bitbake::pipeline[0m[2m:[0m Recipe "dnf_4.11.1.bb": 1 tasks total (1 from main, 0 from includes), 8 helpers total (0 from main, 8 from includes)
[2m2025-11-29T15:28:40.477475Z[0m [32m INFO[0m [2mconvenient_bitbake::pipeline[0m[2m:[0m ✓ Extracted 3 tasks from "libgcc-initial.inc" for recipe "libgcc-initial_11.5.bb"
[2m2025-11-29T15:28:40.477528Z[0m [32m INFO[0m [2mconvenient_bitbake::pipeline[0m[2m:[0m Recipe "libgcc-initial_11.5.bb": 3 tasks total (0 from main, 3 from includes), 0 helpers total (0 from main, 0 from includes)
[2m2025-11-29T15:28:40.478344Z[0m [32m INFO[0m [2mconvenient_bitbake::pipeline[0m[2m:[0m ✓ Extracted 0 tasks from "update-rc.d.bbclass" for recipe "bootchart2_0.14.9.bb"
[2m2025-11-29T15:28:40.478464Z[0m [32m INFO[0m [2mconvenient_bitbake::pipeline[0m[2m:[0m ✓ Extracted 1 tasks from "native.bbclass" for recipe "cmake-native_3.22.3.bb"
[2m2025-11-29T15:28:40.478534Z[0m [32m INFO[0m [2mconvenient_bitbake::pipeline[0m[2m:[0m Recipe "cmake-native_3.22.3.bb": 4 tasks total (3 from main, 1 from includes), 0 helpers total (0 from main, 0 from includes)
[2m2025-11-29T15:28:40.478726Z[0m [32m INFO[0m [2mconvenient_bitbake::pipeline[0m[2m:[0m ✓ Extracted 0 tasks from "autotools.bbclass" for recipe "elfutils_0.186.bb"
[2m2025-11-29T15:28:40.480846Z[0m [32m INFO[0m [2mconvenient_bitbake::pipeline[0m[2m:[0m Recipe "go-crosssdk_1.17.13.bb": 2 tasks total (0 from main, 2 from includes), 1 helpers total (0 from main, 1 from includes)
[2m2025-11-29T15:28:40.481195Z[0m [32m INFO[0m [2mconvenient_bitbake::pipeline[0m[2m:[0m ✓ Extracted 3 tasks from "go-runtime.inc" for recipe "go-runtime_1.17.13.bb"
[2m2025-11-29T15:28:40.481248Z[0m [32m INFO[0m [2mconvenient_bitbake::pipeline[0m[2m:[0m Recipe "go-runtime_1.17.13.bb": 3 tasks total (0 from main, 3 from includes), 0 helpers total (0 from main, 0 from includes)
[2m2025-11-29T15:28:40.481309Z[0m [32m INFO[0m [2mconvenient_bitbake::pipeline[0m[2m:[0m ✓ Extracted 3 tasks from "gcc-cross-canadian.inc" for recipe "gcc-cross-canadian_11.5.bb"
[2m2025-11-29T15:28:40.481389Z[0m [32m INFO[0m [2mconvenient_bitbake::pipeline[0m[2m:[0m Recipe "gcc-cross-canadian_11.5.bb": 3 tasks total (0 from main, 3 from includes), 0 helpers total (0 from main, 0 from includes)
[2m2025-11-29T15:28:40.482024Z[0m [32m INFO[0m [2mconvenient_bitbake::pipeline[0m[2m:[0m Recipe "gdb_11.2.bb": 2 tasks total (1 from main, 1 from includes), 0 helpers total (0 from main, 0 from includes)
[2m2025-11-29T15:28:40.484440Z[0m [32m INFO[0m [2mconvenient_bitbake::pipeline[0m[2m:[0m ✓ Extracted 0 tasks from "useradd.bbclass" for recipe "distcc_3.4.bb"
[2m2025-11-29T15:28:40.485263Z[0m [32m INFO[0m [2mconvenient_bitbake::pipeline[0m[2m:[0m ✓ Extracted 3 tasks from "libgfortran.inc" for recipe "libgfortran_11.5.bb"
[2m2025-11-29T15:28:40.485361Z[0m [32m INFO[0m [2mconvenient_bitbake::pipeline[0m[2m:[0m Recipe "libgfortran_11.5.bb": 3 tasks total (0 from main, 3 from includes), 0 helpers total (0 from main, 0 from includes)
[2m2025-11-29T15:28:40.485808Z[0m [32m INFO[0m [2mconvenient_bitbake::pipeline[0m[2m:[0m Recipe "go-cross-canadian_1.17.13.bb": 2 tasks total (0 from main, 2 from includes), 1 helpers total (0 from main, 1 from includes)
[2m2025-11-29T15:28:40.486716Z[0m [32m INFO[0m [2mconvenient_bitbake::pipeline[0m[2m:[0m ✓ Extracted 3 tasks from "gcc-sanitizers.inc" for recipe "gcc-sanitizers_11.5.bb"
[2m2025-11-29T15:28:40.486878Z[0m [32m INFO[0m [2mconvenient_bitbake::pipeline[0m[2m:[0m Recipe "gcc-sanitizers_11.5.bb": 3 tasks total (0 from main, 3 from includes), 0 helpers total (0 from main, 0 from includes)
[2m2025-11-29T15:28:40.487748Z[0m [32m INFO[0m [2mconvenient_bitbake::pipeline[0m[2m:[0m ✓ Extracted 0 tasks from "cmake.bbclass" for recipe "librepo_1.14.3.bb"
[2m2025-11-29T15:28:40.487851Z[0m [32m INFO[0m [2mconvenient_bitbake::pipeline[0m[2m:[0m ✓ Extracted 1 tasks from "libtool-2.4.7.inc" for recipe "libtool_2.4.7.bb"
[2m2025-11-29T15:28:40.487806Z[0m [32m INFO[0m [2mconvenient_bitbake::pipeline[0m[2m:[0m ✓ Extracted 1 tasks from "libtool-2.4.7.inc" for recipe "libtool-cross_2.4.7.bb"
[2m2025-11-29T15:28:40.489247Z[0m [32m INFO[0m [2mconvenient_bitbake::pipeline[0m[2m:[0m Recipe "go-cross_1.17.13.bb": 2 tasks total (0 from main, 2 from includes), 1 helpers total (0 from main, 1 from includes)
[2m2025-11-29T15:28:40.489600Z[0m [32m INFO[0m [2mconvenient_bitbake::pipeline[0m[2m:[0m ✓ Extracted 1 tasks from "meson.bbclass" for recipe "libmodulemd_git.bb"
[2m2025-11-29T15:28:40.489880Z[0m [32m INFO[0m [2mconvenient_bitbake::pipeline[0m[2m:[0m ✓ Extracted 0 tasks from "useradd.bbclass" for recipe "systemd_250.14.bb"
[2m2025-11-29T15:28:40.490140Z[0m [32m INFO[0m [2mconvenient_bitbake::pipeline[0m[2m:[0m ✓ Extracted 0 tasks from "systemd.bbclass" for recipe "psplash_git.bb"
[2m2025-11-29T15:28:40.490185Z[0m [32m INFO[0m [2mconvenient_bitbake::pipeline[0m[2m:[0m Recipe "psplash_git.bb": 2 tasks total (2 from main, 0 from includes), 11 helpers total (0 from main, 11 from includes)
[2m2025-11-29T15:28:40.490418Z[0m [32m INFO[0m [2mconvenient_bitbake::pipeline[0m[2m:[0m ✓ Extracted 1 tasks from "gtk-doc.bbclass" for recipe "libdnf_0.66.0.bb"
[2m2025-11-29T15:28:40.490621Z[0m [32m INFO[0m [2mconvenient_bitbake::pipeline[0m[2m:[0m ✓ Extracted 2 tasks from "m4-1.4.19.inc" for recipe "m4_1.4.19.bb"
[2m2025-11-29T15:28:40.490717Z[0m [32m INFO[0m [2mconvenient_bitbake::pipeline[0m[2m:[0m Recipe "m4_1.4.19.bb": 2 tasks total (0 from main, 2 from includes), 0 helpers total (0 from main, 0 from includes)
[2m2025-11-29T15:28:40.491772Z[0m [32m INFO[0m [2mconvenient_bitbake::pipeline[0m[2m:[0m ✓ Extracted 1 tasks from "libtool-2.4.7.inc" for recipe "libtool-native_2.4.7.bb"
[2m2025-11-29T15:28:40.491859Z[0m [32m INFO[0m [2mconvenient_bitbake::pipeline[0m[2m:[0m Recipe "libtool-cross_2.4.7.bb": 3 tasks total (2 from main, 1 from includes), 0 helpers total (0 from main, 0 from includes)
[2m2025-11-29T15:28:40.491986Z[0m [32m INFO[0m [2mconvenient_bitbake::pipeline[0m[2m:[0m ✓ Extracted 0 tasks from "autotools.bbclass" for recipe "libedit_20210910-3.1.bb"
[2m2025-11-29T15:28:40.491984Z[0m [32m INFO[0m [2mconvenient_bitbake::pipeline[0m[2m:[0m ✓ Extracted 1 tasks from "libtool-2.4.7.inc" for recipe "nativesdk-libtool_2.4.7.bb"
[2m2025-11-29T15:28:40.492356Z[0m [32m INFO[0m [2mconvenient_bitbake::pipeline[0m[2m:[0m Recipe "librepo_1.14.3.bb": 0 tasks total (0 from main, 0 from includes), 6 helpers total (0 from main, 6 from includes)
[2m2025-11-29T15:28:40.493202Z[0m [32m INFO[0m [2mconvenient_bitbake::pipeline[0m[2m:[0m ✓ Extracted 0 tasks from "autotools.bbclass" for recipe "log4cplus_2.0.8.bb"
[2m2025-11-29T15:28:40.494135Z[0m [32m INFO[0m [2mconvenient_bitbake::pipeline[0m[2m:[0m ✓ Extracted 0 tasks from "cmake.bbclass" for recipe "libcomps_0.1.18.bb"
[2m2025-11-29T15:28:40.494660Z[0m [32m INFO[0m [2mconvenient_bitbake::pipeline[0m[2m:[0m Recipe "log4cplus_2.0.8.bb": 0 tasks total (0 from main, 0 from includes), 6 helpers total (0 from main, 6 from includes)
[2m2025-11-29T15:28:40.494836Z[0m [32m INFO[0m [2mconvenient_bitbake::pipeline[0m[2m:[0m ✓ Extracted 6 tasks from "ptest.bbclass" for recipe "elfutils_0.186.bb"
[2m2025-11-29T15:28:40.495545Z[0m [32m INFO[0m [2mconvenient_bitbake::pipeline[0m[2m:[0m ✓ Extracted 0 tasks from "autotools.bbclass" for recipe "help2man_1.49.1.bb"
[2m2025-11-29T15:28:40.495598Z[0m [32m INFO[0m [2mconvenient_bitbake::pipeline[0m[2m:[0m Recipe "help2man_1.49.1.bb": 1 tasks total (1 from main, 0 from includes), 6 helpers total (0 from main, 6 from includes)
[2m2025-11-29T15:28:40.495866Z[0m [32m INFO[0m [2mconvenient_bitbake::pipeline[0m[2m:[0m ✓ Extracted 0 tasks from "multilib_script.bbclass" for recipe "libtool_2.4.7.bb"
[2m2025-11-29T15:28:40.496545Z[0m [32m INFO[0m [2mconvenient_bitbake::pipeline[0m[2m:[0m ✓ Extracted 6 tasks from "ptest.bbclass" for recipe "flex_2.6.4.bb"
[2m2025-11-29T15:28:40.545164Z[0m [32m INFO[0m [2mconvenient_bitbake::pipeline[0m[2m:[0m Recipe "libtool_2.4.7.bb": 2 tasks total (1 from main, 1 from includes), 1 helpers total (0 from main, 1 from includes)
[2m2025-11-29T15:28:40.496756Z[0m [32m INFO[0m [2mconvenient_bitbake::pipeline[0m[2m:[0m ✓ Extracted 2 tasks from "go-target.inc" for recipe "go_1.17.13.bb"
[2m2025-11-29T15:28:40.545221Z[0m [32m INFO[0m [2mconvenient_bitbake::pipeline[0m[2m:[0m ✓ Extracted 1 tasks from "native.bbclass" for recipe "go-native_1.17.13.bb"
[2m2025-11-29T15:28:40.545228Z[0m [32m INFO[0m [2mconvenient_bitbake::pipeline[0m[2m:[0m Recipe "flex_2.6.4.bb": 6 tasks total (2 from main, 4 from includes), 6 helpers total (0 from main, 6 from includes)
[2m2025-11-29T15:28:40.545306Z[0m [32m INFO[0m [2mconvenient_bitbake::pipeline[0m[2m:[0m Recipe "go-native_1.17.13.bb": 4 tasks total (3 from main, 1 from includes), 1 helpers total (1 from main, 0 from includes)
[2m2025-11-29T15:28:40.546441Z[0m [32m INFO[0m [2mconvenient_bitbake::pipeline[0m[2m:[0m ✓ Extracted 1 tasks from "native.bbclass" for recipe "go-binary-native_1.17.13.bb"
[2m2025-11-29T15:28:40.546482Z[0m [32m INFO[0m [2mconvenient_bitbake::pipeline[0m[2m:[0m Recipe "go-binary-native_1.17.13.bb": 3 tasks total (2 from main, 1 from includes), 1 helpers total (1 from main, 0 from includes)
[2m2025-11-29T15:28:40.546517Z[0m [32m INFO[0m [2mconvenient_bitbake::pipeline[0m[2m:[0m ✓ Extracted 0 tasks from "cmake.bbclass" for recipe "json-c_0.15.bb"
[2m2025-11-29T15:28:40.546843Z[0m [32m INFO[0m [2mconvenient_bitbake::pipeline[0m[2m:[0m Recipe "libmodulemd_git.bb": 1 tasks total (0 from main, 1 from includes), 3 helpers total (0 from main, 3 from includes)
[2m2025-11-29T15:28:40.547662Z[0m [32m INFO[0m [2mconvenient_bitbake::pipeline[0m[2m:[0m Recipe "elfutils_0.186.bb": 6 tasks total (2 from main, 4 from includes), 6 helpers total (0 from main, 6 from includes)
[2m2025-11-29T15:28:40.550417Z[0m [32m INFO[0m [2mconvenient_bitbake::pipeline[0m[2m:[0m ✓ Extracted 0 tasks from "cmake.bbclass" for recipe "llvm_git.bb"
[2m2025-11-29T15:28:40.551900Z[0m [32m INFO[0m [2mconvenient_bitbake::pipeline[0m[2m:[0m ✓ Extracted 0 tasks from "binconfig.bbclass" for recipe "lua_5.4.4.bb"
[2m2025-11-29T15:28:40.552054Z[0m [32m INFO[0m [2mconvenient_bitbake::pipeline[0m[2m:[0m Recipe "file_5.41.bb": 0 tasks total (0 from main, 0 from includes), 6 helpers total (0 from main, 6 from includes)
[2m2025-11-29T15:28:40.552139Z[0m [32m INFO[0m [2mconvenient_bitbake::pipeline[0m[2m:[0m Recipe "go_1.17.13.bb": 2 tasks total (0 from main, 2 from includes), 1 helpers total (1 from main, 0 from includes)
[2m2025-11-29T15:28:40.553541Z[0m [32m INFO[0m [2mconvenient_bitbake::pipeline[0m[2m:[0m Recipe "llvm_git.bb": 3 tasks total (3 from main, 0 from includes), 6 helpers total (0 from main, 6 from includes)
[2m2025-11-29T15:28:40.553843Z[0m [32m INFO[0m [2mconvenient_bitbake::pipeline[0m[2m:[0m ✓ Extracted 0 tasks from "cpan.bbclass" for recipe "liburi-perl_5.08.bb"
[2m2025-11-29T15:28:40.554490Z[0m [32m INFO[0m [2mconvenient_bitbake::pipeline[0m[2m:[0m ✓ Extracted 6 tasks from "ptest.bbclass" for recipe "json-c_0.15.bb"
[2m2025-11-29T15:28:40.554545Z[0m [32m INFO[0m [2mconvenient_bitbake::pipeline[0m[2m:[0m Recipe "json-c_0.15.bb": 6 tasks total (1 from main, 5 from includes), 6 helpers total (0 from main, 6 from includes)
[2m2025-11-29T15:28:40.554853Z[0m [32m INFO[0m [2mconvenient_bitbake::pipeline[0m[2m:[0m ✓ Extracted 0 tasks from "cpan.bbclass" for recipe "libtest-needs-perl_0.002009.bb"
[2m2025-11-29T15:28:40.555152Z[0m [32m INFO[0m [2mconvenient_bitbake::pipeline[0m[2m:[0m ✓ Extracted 0 tasks from "autotools.bbclass" for recipe "mtools_4.0.38.bb"
[2m2025-11-29T15:28:40.556894Z[0m [32m INFO[0m [2mconvenient_bitbake::pipeline[0m[2m:[0m ✓ Extracted 2 tasks from "m4-1.4.19.inc" for recipe "m4-native_1.4.19.bb"
[2m2025-11-29T15:28:40.557040Z[0m [32m INFO[0m [2mconvenient_bitbake::pipeline[0m[2m:[0m ✓ Extracted 1 tasks from "native.bbclass" for recipe "libtool-native_2.4.7.bb"
[2m2025-11-29T15:28:40.557131Z[0m [32m INFO[0m [2mconvenient_bitbake::pipeline[0m[2m:[0m Recipe "libtool-native_2.4.7.bb": 4 tasks total (2 from main, 2 from includes), 0 helpers total (0 from main, 0 from includes)
[2m2025-11-29T15:28:40.557569Z[0m [32m INFO[0m [2mconvenient_bitbake::pipeline[0m[2m:[0m ✓ Extracted 0 tasks from "cmake.bbclass" for recipe "libdnf_0.66.0.bb"
[2m2025-11-29T15:28:40.557636Z[0m [32m INFO[0m [2mconvenient_bitbake::pipeline[0m[2m:[0m Recipe "mtools_4.0.38.bb": 1 tasks total (1 from main, 0 from includes), 6 helpers total (0 from main, 6 from includes)
[2m2025-11-29T15:28:40.557699Z[0m [32m INFO[0m [2mconvenient_bitbake::pipeline[0m[2m:[0m ✓ Extracted 1 tasks from "ptest-perl.bbclass" for recipe "libtest-needs-perl_0.002009.bb"
[2m2025-11-29T15:28:40.557731Z[0m [32m INFO[0m [2mconvenient_bitbake::pipeline[0m[2m:[0m ✓ Extracted 1 tasks from "ptest-perl.bbclass" for recipe "liburi-perl_5.08.bb"
[2m2025-11-29T15:28:40.557741Z[0m [32m INFO[0m [2mconvenient_bitbake::pipeline[0m[2m:[0m Recipe "libtest-needs-perl_0.002009.bb": 1 tasks total (0 from main, 1 from includes), 3 helpers total (0 from main, 3 from includes)
[2m2025-11-29T15:28:40.557801Z[0m [32m INFO[0m [2mconvenient_bitbake::pipeline[0m[2m:[0m Recipe "liburi-perl_5.08.bb": 3 tasks total (2 from main, 1 from includes), 3 helpers total (0 from main, 3 from includes)
[2m2025-11-29T15:28:40.558046Z[0m [32m INFO[0m [2mconvenient_bitbake::pipeline[0m[2m:[0m ✓ Extracted 0 tasks from "cpan.bbclass" for recipe "libxml-simple-perl_2.25.bb"
[2m2025-11-29T15:28:40.558608Z[0m [32m INFO[0m [2mconvenient_bitbake::pipeline[0m[2m:[0m ✓ Extracted 0 tasks from "setuptools3.bbclass" for recipe "python3-alabaster_0.7.12.bb"
[2m2025-11-29T15:28:40.558638Z[0m [32m INFO[0m [2mconvenient_bitbake::pipeline[0m[2m:[0m ✓ Extracted 0 tasks from "autotools.bbclass" for recipe "patchelf_0.14.5.bb"
[2m2025-11-29T15:28:40.558678Z[0m [32m INFO[0m [2mconvenient_bitbake::pipeline[0m[2m:[0m Recipe "patchelf_0.14.5.bb": 0 tasks total (0 from main, 0 from includes), 6 helpers total (0 from main, 6 from includes)
[2m2025-11-29T15:28:40.559851Z[0m [32m INFO[0m [2mconvenient_bitbake::pipeline[0m[2m:[0m Recipe "libcomps_0.1.18.bb": 0 tasks total (0 from main, 0 from includes), 6 helpers total (0 from main, 6 from includes)
[2m2025-11-29T15:28:40.560501Z[0m [32m INFO[0m [2mconvenient_bitbake::pipeline[0m[2m:[0m ✓ Extracted 0 tasks from "setuptools3.bbclass" for recipe "python3-async_0.6.2.bb"
[2m2025-11-29T15:28:40.560630Z[0m [32m INFO[0m [2mconvenient_bitbake::pipeline[0m[2m:[0m ✓ Extracted 1 tasks from "ptest-perl.bbclass" for recipe "libxml-simple-perl_2.25.bb"
[2m2025-11-29T15:28:40.560692Z[0m [32m INFO[0m [2mconvenient_bitbake::pipeline[0m[2m:[0m Recipe "libxml-simple-perl_2.25.bb": 1 tasks total (0 from main, 1 from includes), 3 helpers total (0 from main, 3 from includes)
[2m2025-11-29T15:28:40.560784Z[0m [32m INFO[0m [2mconvenient_bitbake::pipeline[0m[2m:[0m ✓ Extracted 1 tasks from "meson.bbclass" for recipe "systemd_250.14.bb"
[2m2025-11-29T15:28:40.561013Z[0m [32m INFO[0m [2mconvenient_bitbake::pipeline[0m[2m:[0m ✓ Extracted 0 tasks from "autotools.bbclass" for recipe "intltool_0.51.0.bb"
[2m2025-11-29T15:28:40.561118Z[0m [32m INFO[0m [2mconvenient_bitbake::pipeline[0m[2m:[0m ✓ Extracted 0 tasks from "autotools.bbclass" for recipe "mtd-utils_git.bb"
[2m2025-11-29T15:28:40.561456Z[0m [32m INFO[0m [2mconvenient_bitbake::pipeline[0m[2m:[0m ✓ Extracted 0 tasks from "cpan.bbclass" for recipe "liberror-perl_0.17029.bb"
[2m2025-11-29T15:28:40.562241Z[0m [32m INFO[0m [2mconvenient_bitbake::pipeline[0m[2m:[0m Recipe "libdnf_0.66.0.bb": 1 tasks total (0 from main, 1 from includes), 6 helpers total (0 from main, 6 from includes)
[2m2025-11-29T15:28:40.562282Z[0m [32m INFO[0m [2mconvenient_bitbake::pipeline[0m[2m:[0m Recipe "nativesdk-libtool_2.4.7.bb": 3 tasks total (2 from main, 1 from includes), 1 helpers total (1 from main, 0 from includes)
[2m2025-11-29T15:28:40.562459Z[0m [32m INFO[0m [2mconvenient_bitbake::pipeline[0m[2m:[0m ✓ Extracted 3 tasks from "pseudo.inc" for recipe "pseudo_git.bb"
[2m2025-11-29T15:28:40.562510Z[0m [32m INFO[0m [2mconvenient_bitbake::pipeline[0m[2m:[0m Recipe "pseudo_git.bb": 3 tasks total (0 from main, 3 from includes), 2 helpers total (0 from main, 2 from includes)
[2m2025-11-29T15:28:40.563068Z[0m [32m INFO[0m [2mconvenient_bitbake::pipeline[0m[2m:[0m ✓ Extracted 0 tasks from "systemd.bbclass" for recipe "distcc_3.4.bb"
[2m2025-11-29T15:28:40.563088Z[0m [32m INFO[0m [2mconvenient_bitbake::pipeline[0m[2m:[0m ✓ Extracted 0 tasks from "cpan.bbclass" for recipe "libxml-parser-perl_2.46.bb"
[2m2025-11-29T15:28:40.563163Z[0m [32m INFO[0m [2mconvenient_bitbake::pipeline[0m[2m:[0m Recipe "distcc_3.4.bb": 1 tasks total (1 from main, 0 from includes), 14 helpers total (1 from main, 13 from includes)
[2m2025-11-29T15:28:40.563351Z[0m [32m INFO[0m [2mconvenient_bitbake::pipeline[0m[2m:[0m ✓ Extracted 1 tasks from "meson.bbclass" for recipe "orc_0.4.40.bb"
[2m2025-11-29T15:28:40.563360Z[0m [32m INFO[0m [2mconvenient_bitbake::pipeline[0m[2m:[0m ✓ Extracted 0 tasks from "cpan_build.bbclass" for recipe "libmodule-build-perl_0.4231.bb"
[2m2025-11-29T15:28:40.563499Z[0m [32m INFO[0m [2mconvenient_bitbake::pipeline[0m[2m:[0m ✓ Extracted 0 tasks from "setuptools3.bbclass" for recipe "python3-asn1crypto_1.5.1.bb"
[2m2025-11-29T15:28:40.563532Z[0m [32m INFO[0m [2mconvenient_bitbake::pipeline[0m[2m:[0m Recipe "python3-asn1crypto_1.5.1.bb": 0 tasks total (0 from main, 0 from includes), 3 helpers total (0 from main, 3 from includes)
[2m2025-11-29T15:28:40.563745Z[0m [32m INFO[0m [2mconvenient_bitbake::pipeline[0m[2m:[0m Recipe "python3-async_0.6.2.bb": 0 tasks total (0 from main, 0 from includes), 3 helpers total (0 from main, 3 from includes)
[2m2025-11-29T15:28:40.564398Z[0m [32m INFO[0m [2mconvenient_bitbake::pipeline[0m[2m:[0m ✓ Extracted 0 tasks from "cpan.bbclass" for recipe "libxml-perl_0.08.bb"
[2m2025-11-29T15:28:40.564831Z[0m [32m INFO[0m [2mconvenient_bitbake::pipeline[0m[2m:[0m ✓ Extracted 1 tasks from "ptest-perl.bbclass" for recipe "liberror-perl_0.17029.bb"
[2m2025-11-29T15:28:40.564881Z[0m [32m INFO[0m [2mconvenient_bitbake::pipeline[0m[2m:[0m Recipe "liberror-perl_0.17029.bb": 2 tasks total (1 from main, 1 from includes), 3 helpers total (0 from main, 3 from includes)
[2m2025-11-29T15:28:40.565341Z[0m [32m INFO[0m [2mconvenient_bitbake::pipeline[0m[2m:[0m ✓ Extracted 0 tasks from "setuptools3.bbclass" for recipe "python3-babel_2.9.1.bb"
[2m2025-11-29T15:28:40.565402Z[0m [32m INFO[0m [2mconvenient_bitbake::pipeline[0m[2m:[0m Recipe "python3-babel_2.9.1.bb": 0 tasks total (0 from main, 0 from includes), 3 helpers total (0 from main, 3 from includes)
[2m2025-11-29T15:28:40.565699Z[0m [32m INFO[0m [2mconvenient_bitbake::pipeline[0m[2m:[0m Recipe "intltool_0.51.0.bb": 0 tasks total (0 from main, 0 from includes), 6 helpers total (0 from main, 6 from includes)
[2m2025-11-29T15:28:40.566451Z[0m [32m INFO[0m [2mconvenient_bitbake::pipeline[0m[2m:[0m ✓ Extracted 1 tasks from "ptest-perl.bbclass" for recipe "libmodule-build-perl_0.4231.bb"
[2m2025-11-29T15:28:40.566726Z[0m [32m INFO[0m [2mconvenient_bitbake::pipeline[0m[2m:[0m Recipe "libmodule-build-perl_0.4231.bb": 4 tasks total (3 from main, 1 from includes), 3 helpers total (0 from main, 3 from includes)
[2m2025-11-29T15:28:40.566843Z[0m [32m INFO[0m [2mconvenient_bitbake::pipeline[0m[2m:[0m Recipe "python3-alabaster_0.7.12.bb": 0 tasks total (0 from main, 0 from includes), 3 helpers total (0 from main, 3 from includes)
[2m2025-11-29T15:28:40.567715Z[0m [32m INFO[0m [2mconvenient_bitbake::pipeline[0m[2m:[0m ✓ Extracted 6 tasks from "ptest.bbclass" for recipe "lua_5.4.4.bb"
[2m2025-11-29T15:28:40.567860Z[0m [32m INFO[0m [2mconvenient_bitbake::pipeline[0m[2m:[0m ✓ Extracted 0 tasks from "setuptools3.bbclass" for recipe "python3-certifi_2021.10.8.bb"
[2m2025-11-29T15:28:40.567916Z[0m [32m INFO[0m [2mconvenient_bitbake::pipeline[0m[2m:[0m Recipe "python3-certifi_2021.10.8.bb": 0 tasks total (0 from main, 0 from includes), 3 helpers total (0 from main, 3 from includes)
[2m2025-11-29T15:28:40.568022Z[0m [32m INFO[0m [2mconvenient_bitbake::pipeline[0m[2m:[0m Recipe "libedit_20210910-3.1.bb": 0 tasks total (0 from main, 0 from includes), 6 helpers total (0 from main, 6 from includes)
[2m2025-11-29T15:28:40.568906Z[0m [32m INFO[0m [2mconvenient_bitbake::pipeline[0m[2m:[0m ✓ Extracted 0 tasks from "setuptools3.bbclass" for recipe "python3-atomicwrites_1.4.0.bb"
[2m2025-11-29T15:28:40.569193Z[0m [32m INFO[0m [2mconvenient_bitbake::pipeline[0m[2m:[0m ✓ Extracted 1 tasks from "ptest-perl.bbclass" for recipe "libxml-parser-perl_2.46.bb"
[2m2025-11-29T15:28:40.569301Z[0m [32m INFO[0m [2mconvenient_bitbake::pipeline[0m[2m:[0m Recipe "libxml-parser-perl_2.46.bb": 4 tasks total (3 from main, 1 from includes), 3 helpers total (0 from main, 3 from includes)
[2m2025-11-29T15:28:40.569948Z[0m [32m INFO[0m [2mconvenient_bitbake::pipeline[0m[2m:[0m Recipe "bootchart2_0.14.9.bb": 2 tasks total (2 from main, 0 from includes), 5 helpers total (0 from main, 5 from includes)
[2m2025-11-29T15:28:40.570135Z[0m [32m INFO[0m [2mconvenient_bitbake::pipeline[0m[2m:[0m ✓ Extracted 0 tasks from "setuptools3.bbclass" for recipe "python3-cffi_1.15.0.bb"
[2m2025-11-29T15:28:40.570176Z[0m [32m INFO[0m [2mconvenient_bitbake::pipeline[0m[2m:[0m Recipe "python3-cffi_1.15.0.bb": 0 tasks total (0 from main, 0 from includes), 3 helpers total (0 from main, 3 from includes)
[2m2025-11-29T15:28:40.570602Z[0m [32m INFO[0m [2mconvenient_bitbake::pipeline[0m[2m:[0m ✓ Extracted 0 tasks from "setuptools3.bbclass" for recipe "python3-cryptography-vectors_36.0.2.bb"
[2m2025-11-29T15:28:40.570643Z[0m [32m INFO[0m [2mconvenient_bitbake::pipeline[0m[2m:[0m Recipe "python3-cryptography-vectors_36.0.2.bb": 1 tasks total (1 from main, 0 from includes), 3 helpers total (0 from main, 3 from includes)
[2m2025-11-29T15:28:40.571011Z[0m [32m INFO[0m [2mconvenient_bitbake::pipeline[0m[2m:[0m ✓ Extracted 0 tasks from "setuptools3.bbclass" for recipe "python3-gitdb_4.0.9.bb"
[2m2025-11-29T15:28:40.571225Z[0m [32m INFO[0m [2mconvenient_bitbake::pipeline[0m[2m:[0m ✓ Extracted 0 tasks from "setuptools3.bbclass" for recipe "python3-dbusmock_0.27.3.bb"
[2m2025-11-29T15:28:40.571292Z[0m [32m INFO[0m [2mconvenient_bitbake::pipeline[0m[2m:[0m Recipe "python3-dbusmock_0.27.3.bb": 0 tasks total (0 from main, 0 from includes), 3 helpers total (0 from main, 3 from includes)
[2m2025-11-29T15:28:40.571421Z[0m [32m INFO[0m [2mconvenient_bitbake::pipeline[0m[2m:[0m ✓ Extracted 0 tasks from "systemd.bbclass" for recipe "util-linux_2.37.4.bb"
[2m2025-11-29T15:28:40.571431Z[0m [32m INFO[0m [2mconvenient_bitbake::pipeline[0m[2m:[0m ✓ Extracted 0 tasks from "multilib_script.bbclass" for recipe "lua_5.4.4.bb"
[2m2025-11-29T15:28:40.571527Z[0m [32m INFO[0m [2mconvenient_bitbake::pipeline[0m[2m:[0m Recipe "lua_5.4.4.bb": 9 tasks total (4 from main, 5 from includes), 3 helpers total (0 from main, 3 from includes)
[2m2025-11-29T15:28:40.572056Z[0m [32m INFO[0m [2mconvenient_bitbake::pipeline[0m[2m:[0m ✓ Extracted 0 tasks from "setuptools3.bbclass" for recipe "python3-cython_0.29.28.bb"
[2m2025-11-29T15:28:40.572569Z[0m [32m INFO[0m [2mconvenient_bitbake::pipeline[0m[2m:[0m ✓ Extracted 1 tasks from "ptest-perl.bbclass" for recipe "libxml-perl_0.08.bb"
[2m2025-11-29T15:28:40.572684Z[0m [32m INFO[0m [2mconvenient_bitbake::pipeline[0m[2m:[0m Recipe "libxml-perl_0.08.bb": 2 tasks total (1 from main, 1 from includes), 3 helpers total (0 from main, 3 from includes)
[2m2025-11-29T15:28:40.572629Z[0m [32m INFO[0m [2mconvenient_bitbake::pipeline[0m[2m:[0m ✓ Extracted 0 tasks from "setuptools3.bbclass" for recipe "python3-imagesize_1.3.0.bb"
[2m2025-11-29T15:28:40.573304Z[0m [32m INFO[0m [2mconvenient_bitbake::pipeline[0m[2m:[0m Recipe "python3-gitdb_4.0.9.bb": 0 tasks total (0 from main, 0 from includes), 3 helpers total (0 from main, 3 from includes)
[2m2025-11-29T15:28:40.573556Z[0m [32m INFO[0m [2mconvenient_bitbake::pipeline[0m[2m:[0m ✓ Extracted 0 tasks from "setuptools3.bbclass" for recipe "python3-extras_1.0.0.bb"
[2m2025-11-29T15:28:40.573633Z[0m [32m INFO[0m [2mconvenient_bitbake::pipeline[0m[2m:[0m ✓ Extracted 6 tasks from "ptest.bbclass" for recipe "python3-bcrypt_3.2.0.bb"
[2m2025-11-29T15:28:40.573682Z[0m [32m INFO[0m [2mconvenient_bitbake::pipeline[0m[2m:[0m Recipe "python3-bcrypt_3.2.0.bb": 6 tasks total (1 from main, 5 from includes), 0 helpers total (0 from main, 0 from includes)
[2m2025-11-29T15:28:40.574936Z[0m [32m INFO[0m [2mconvenient_bitbake::pipeline[0m[2m:[0m ✓ Extracted 1 tasks from "python-cython.inc" for recipe "python3-cython_0.29.28.bb"
[2m2025-11-29T15:28:40.574981Z[0m [32m INFO[0m [2mconvenient_bitbake::pipeline[0m[2m:[0m Recipe "python3-cython_0.29.28.bb": 2 tasks total (1 from main, 1 from includes), 4 helpers total (1 from main, 3 from includes)
[2m2025-11-29T15:28:40.575607Z[0m [32m INFO[0m [2mconvenient_bitbake::pipeline[0m[2m:[0m Recipe "python3-extras_1.0.0.bb": 0 tasks total (0 from main, 0 from includes), 3 helpers total (0 from main, 3 from includes)
[2m2025-11-29T15:28:40.576477Z[0m [32m INFO[0m [2mconvenient_bitbake::pipeline[0m[2m:[0m ✓ Extracted 0 tasks from "setuptools3.bbclass" for recipe "python3-dtschema_2022.1.bb"
[2m2025-11-29T15:28:40.576518Z[0m [32m INFO[0m [2mconvenient_bitbake::pipeline[0m[2m:[0m Recipe "python3-dtschema_2022.1.bb": 0 tasks total (0 from main, 0 from includes), 3 helpers total (0 from main, 3 from includes)
[2m2025-11-29T15:28:40.576879Z[0m [32m INFO[0m [2mconvenient_bitbake::pipeline[0m[2m:[0m ✓ Extracted 0 tasks from "setuptools3.bbclass" for recipe "python3-idna_3.3.bb"
[2m2025-11-29T15:28:40.576911Z[0m [32m INFO[0m [2mconvenient_bitbake::pipeline[0m[2m:[0m Recipe "python3-idna_3.3.bb": 1 tasks total (1 from main, 0 from includes), 3 helpers total (0 from main, 3 from includes)
[2m2025-11-29T15:28:40.577190Z[0m [32m INFO[0m [2mconvenient_bitbake::pipeline[0m[2m:[0m ✓ Extracted 0 tasks from "autotools.bbclass" for recipe "pkgconfig_git.bb"
[2m2025-11-29T15:28:40.577192Z[0m [32m INFO[0m [2mconvenient_bitbake::pipeline[0m[2m:[0m ✓ Extracted 0 tasks from "setuptools3.bbclass" for recipe "python3-chardet_4.0.0.bb"
[2m2025-11-29T15:28:40.577257Z[0m [32m INFO[0m [2mconvenient_bitbake::pipeline[0m[2m:[0m Recipe "pkgconfig_git.bb": 0 tasks total (0 from main, 0 from includes), 7 helpers total (1 from main, 6 from includes)
[2m2025-11-29T15:28:40.577475Z[0m [32m INFO[0m [2mconvenient_bitbake::pipeline[0m[2m:[0m ✓ Extracted 0 tasks from "setuptools3.bbclass" for recipe "python3-docutils_0.18.1.bb"
[2m2025-11-29T15:28:40.577554Z[0m [32m INFO[0m [2mconvenient_bitbake::pipeline[0m[2m:[0m Recipe "python3-docutils_0.18.1.bb": 0 tasks total (0 from main, 0 from includes), 3 helpers total (0 from main, 3 from includes)
[2m2025-11-29T15:28:40.577416Z[0m [32m INFO[0m [2mconvenient_bitbake::pipeline[0m[2m:[0m Recipe "python3-chardet_4.0.0.bb": 0 tasks total (0 from main, 0 from includes), 3 helpers total (0 from main, 3 from includes)
[2m2025-11-29T15:28:40.577696Z[0m [32m INFO[0m [2mconvenient_bitbake::pipeline[0m[2m:[0m ✓ Extracted 0 tasks from "setuptools3.bbclass" for recipe "python3-iniparse_0.5.bb"
[2m2025-11-29T15:28:40.577701Z[0m [32m INFO[0m [2mconvenient_bitbake::pipeline[0m[2m:[0m Recipe "python3-imagesize_1.3.0.bb": 0 tasks total (0 from main, 0 from includes), 3 helpers total (0 from main, 3 from includes)
[2m2025-11-29T15:28:40.577784Z[0m [32m INFO[0m [2mconvenient_bitbake::pipeline[0m[2m:[0m Recipe "python3-iniparse_0.5.bb": 0 tasks total (0 from main, 0 from includes), 3 helpers total (0 from main, 3 from includes)
[2m2025-11-29T15:28:40.577940Z[0m [32m INFO[0m [2mconvenient_bitbake::pipeline[0m[2m:[0m   Progress: 300/884 recipes parsed (33.9%)
[2m2025-11-29T15:28:40.578624Z[0m [32m INFO[0m [2mconvenient_bitbake::pipeline[0m[2m:[0m ✓ Extracted 0 tasks from "update-rc.d.bbclass" for recipe "systemd_250.14.bb"
[2m2025-11-29T15:28:40.579322Z[0m [32m INFO[0m [2mconvenient_bitbake::pipeline[0m[2m:[0m ✓ Extracted 6 tasks from "ptest.bbclass" for recipe "python3-atomicwrites_1.4.0.bb"
[2m2025-11-29T15:28:40.579381Z[0m [32m INFO[0m [2mconvenient_bitbake::pipeline[0m[2m:[0m Recipe "python3-atomicwrites_1.4.0.bb": 6 tasks total (1 from main, 5 from includes), 3 helpers total (0 from main, 3 from includes)
[2m2025-11-29T15:28:40.580129Z[0m [32m INFO[0m [2mconvenient_bitbake::pipeline[0m[2m:[0m ✓ Extracted 1 tasks from "native.bbclass" for recipe "m4-native_1.4.19.bb"
[2m2025-11-29T15:28:40.580210Z[0m [32m INFO[0m [2mconvenient_bitbake::pipeline[0m[2m:[0m Recipe "m4-native_1.4.19.bb": 4 tasks total (1 from main, 3 from includes), 0 helpers total (0 from main, 0 from includes)
[2m2025-11-29T15:28:40.580259Z[0m [32m INFO[0m [2mconvenient_bitbake::pipeline[0m[2m:[0m ✓ Extracted 0 tasks from "autotools.bbclass" for recipe "opkg_0.5.0.bb"
[2m2025-11-29T15:28:40.580830Z[0m [32m INFO[0m [2mconvenient_bitbake::pipeline[0m[2m:[0m ✓ Extracted 0 tasks from "setuptools3.bbclass" for recipe "python3-hypothesis_6.39.5.bb"
[2m2025-11-29T15:28:40.581235Z[0m [32m INFO[0m [2mconvenient_bitbake::pipeline[0m[2m:[0m ✓ Extracted 0 tasks from "setuptools3.bbclass" for recipe "python3-libarchive-c_4.0.bb"
[2m2025-11-29T15:28:40.581289Z[0m [32m INFO[0m [2mconvenient_bitbake::pipeline[0m[2m:[0m Recipe "python3-libarchive-c_4.0.bb": 0 tasks total (0 from main, 0 from includes), 3 helpers total (0 from main, 3 from includes)
[2m2025-11-29T15:28:40.582461Z[0m [32m INFO[0m [2mconvenient_bitbake::pipeline[0m[2m:[0m ✓ Extracted 1 tasks from "gtk-doc.bbclass" for recipe "orc_0.4.40.bb"
[2m2025-11-29T15:28:40.582502Z[0m [32m INFO[0m [2mconvenient_bitbake::pipeline[0m[2m:[0m Recipe "orc_0.4.40.bb": 2 tasks total (0 from main, 2 from includes), 3 helpers total (0 from main, 3 from includes)
[2m2025-11-29T15:28:40.582539Z[0m [32m INFO[0m [2mconvenient_bitbake::pipeline[0m[2m:[0m ✓ Extracted 0 tasks from "setuptools3.bbclass" for recipe "python3-magic_0.4.25.bb"
[2m2025-11-29T15:28:40.582579Z[0m [32m INFO[0m [2mconvenient_bitbake::pipeline[0m[2m:[0m Recipe "python3-magic_0.4.25.bb": 0 tasks total (0 from main, 0 from includes), 3 helpers total (0 from main, 3 from includes)
[2m2025-11-29T15:28:40.583463Z[0m [32m INFO[0m [2mconvenient_bitbake::pipeline[0m[2m:[0m ✓ Extracted 6 tasks from "ptest.bbclass" for recipe "python3-jsonpointer_2.2.bb"
[2m2025-11-29T15:28:40.586094Z[0m [32m INFO[0m [2mconvenient_bitbake::pipeline[0m[2m:[0m ✓ Extracted 0 tasks from "autotools.bbclass" for recipe "pkgconf_1.8.0.bb"
[2m2025-11-29T15:28:40.586146Z[0m [32m INFO[0m [2mconvenient_bitbake::pipeline[0m[2m:[0m Recipe "pkgconf_1.8.0.bb": 1 tasks total (1 from main, 0 from includes), 7 helpers total (1 from main, 6 from includes)
[2m2025-11-29T15:28:40.586676Z[0m [32m INFO[0m [2mconvenient_bitbake::pipeline[0m[2m:[0m ✓ Extracted 0 tasks from "setuptools3.bbclass" for recipe "python3-pbr_5.8.1.bb"
[2m2025-11-29T15:28:40.586699Z[0m [32m INFO[0m [2mconvenient_bitbake::pipeline[0m[2m:[0m ✓ Extracted 0 tasks from "setuptools3.bbclass" for recipe "python3-jsonpointer_2.2.bb"
[2m2025-11-29T15:28:40.586786Z[0m [32m INFO[0m [2mconvenient_bitbake::pipeline[0m[2m:[0m Recipe "python3-jsonpointer_2.2.bb": 6 tasks total (1 from main, 5 from includes), 3 helpers total (0 from main, 3 from includes)
[2m2025-11-29T15:28:40.586969Z[0m [32m INFO[0m [2mconvenient_bitbake::pipeline[0m[2m:[0m Recipe "mtd-utils_git.bb": 1 tasks total (1 from main, 0 from includes), 6 helpers total (0 from main, 6 from includes)
[2m2025-11-29T15:28:40.587100Z[0m [32m INFO[0m [2mconvenient_bitbake::pipeline[0m[2m:[0m ✓ Extracted 6 tasks from "ptest.bbclass" for recipe "python3-hypothesis_6.39.5.bb"
[2m2025-11-29T15:28:40.587147Z[0m [32m INFO[0m [2mconvenient_bitbake::pipeline[0m[2m:[0m Recipe "python3-hypothesis_6.39.5.bb": 6 tasks total (1 from main, 5 from includes), 3 helpers total (0 from main, 3 from includes)
[2m2025-11-29T15:28:40.588739Z[0m [32m INFO[0m [2mconvenient_bitbake::pipeline[0m[2m:[0m ✓ Extracted 0 tasks from "setuptools3.bbclass" for recipe "python3-markupsafe_2.1.1.bb"
[2m2025-11-29T15:28:40.588754Z[0m [32m INFO[0m [2mconvenient_bitbake::pipeline[0m[2m:[0m ✓ Extracted 0 tasks from "setuptools3.bbclass" for recipe "python3-pyasn1_0.4.8.bb"
[2m2025-11-29T15:28:40.588870Z[0m [32m INFO[0m [2mconvenient_bitbake::pipeline[0m[2m:[0m Recipe "python3-pbr_5.8.1.bb": 0 tasks total (0 from main, 0 from includes), 3 helpers total (0 from main, 3 from includes)
[2m2025-11-29T15:28:40.590239Z[0m [32m INFO[0m [2mconvenient_bitbake::pipeline[0m[2m:[0m ✓ Extracted 0 tasks from "setuptools3.bbclass" for recipe "python3-ndg-httpsclient_0.5.1.bb"
[2m2025-11-29T15:28:40.590280Z[0m [32m INFO[0m [2mconvenient_bitbake::pipeline[0m[2m:[0m ✓ Extracted 6 tasks from "ptest.bbclass" for recipe "python3-numpy_1.22.3.bb"
[2m2025-11-29T15:28:40.590337Z[0m [32m INFO[0m [2mconvenient_bitbake::pipeline[0m[2m:[0m ✓ Extracted 6 tasks from "ptest.bbclass" for recipe "opkg_0.5.0.bb"
[2m2025-11-29T15:28:40.590402Z[0m [32m INFO[0m [2mconvenient_bitbake::pipeline[0m[2m:[0m Recipe "opkg_0.5.0.bb": 7 tasks total (2 from main, 5 from includes), 6 helpers total (0 from main, 6 from includes)
[2m2025-11-29T15:28:40.590428Z[0m [32m INFO[0m [2mconvenient_bitbake::pipeline[0m[2m:[0m ✓ Extracted 0 tasks from "setuptools3.bbclass" for recipe "python3-pathlib2_2.3.7.bb"
[2m2025-11-29T15:28:40.590474Z[0m [32m INFO[0m [2mconvenient_bitbake::pipeline[0m[2m:[0m Recipe "python3-pathlib2_2.3.7.bb": 0 tasks total (0 from main, 0 from includes), 3 helpers total (0 from main, 3 from includes)
[2m2025-11-29T15:28:40.590869Z[0m [32m INFO[0m [2mconvenient_bitbake::pipeline[0m[2m:[0m ✓ Extracted 0 tasks from "setuptools3.bbclass" for recipe "python3-pygments_2.11.2.bb"
[2m2025-11-29T15:28:40.591287Z[0m [32m INFO[0m [2mconvenient_bitbake::pipeline[0m[2m:[0m ✓ Extracted 0 tasks from "autotools.bbclass" for recipe "python3-dbus_1.2.18.bb"
[2m2025-11-29T15:28:40.591301Z[0m [32m INFO[0m [2mconvenient_bitbake::pipeline[0m[2m:[0m ✓ Extracted 0 tasks from "setuptools3.bbclass" for recipe "python3-pycparser_2.21.bb"
[2m2025-11-29T15:28:40.591455Z[0m [32m INFO[0m [2mconvenient_bitbake::pipeline[0m[2m:[0m Recipe "python3-pycparser_2.21.bb": 0 tasks total (0 from main, 0 from includes), 3 helpers total (0 from main, 3 from includes)
[2m2025-11-29T15:28:40.591372Z[0m [32m INFO[0m [2mconvenient_bitbake::pipeline[0m[2m:[0m ✓ Extracted 0 tasks from "setuptools3.bbclass" for recipe "python3-ply_3.11.bb"
[2m2025-11-29T15:28:40.591571Z[0m [32m INFO[0m [2mconvenient_bitbake::pipeline[0m[2m:[0m Recipe "python3-ply_3.11.bb": 0 tasks total (0 from main, 0 from includes), 3 helpers total (0 from main, 3 from includes)
[2m2025-11-29T15:28:40.592376Z[0m [32m INFO[0m [2mconvenient_bitbake::pipeline[0m[2m:[0m ✓ Extracted 0 tasks from "setuptools3.bbclass" for recipe "python3-pretend_1.0.9.bb"
[2m2025-11-29T15:28:40.592420Z[0m [32m INFO[0m [2mconvenient_bitbake::pipeline[0m[2m:[0m Recipe "python3-pretend_1.0.9.bb": 0 tasks total (0 from main, 0 from includes), 3 helpers total (0 from main, 3 from includes)
[2m2025-11-29T15:28:40.592720Z[0m [32m INFO[0m [2mconvenient_bitbake::pipeline[0m[2m:[0m ✓ Extracted 0 tasks from "python_setuptools3_rust.bbclass" for recipe "python3-cryptography_36.0.2.bb"
[2m2025-11-29T15:28:40.592772Z[0m [32m INFO[0m [2mconvenient_bitbake::pipeline[0m[2m:[0m ✓ Extracted 1 tasks from "gnomebase.bbclass" for recipe "python3-pygobject_3.42.0.bb"
[2m2025-11-29T15:28:40.593197Z[0m [32m INFO[0m [2mconvenient_bitbake::pipeline[0m[2m:[0m ✓ Extracted 0 tasks from "setuptools3.bbclass" for recipe "python3-more-itertools_8.12.0.bb"
[2m2025-11-29T15:28:40.593487Z[0m [32m INFO[0m [2mconvenient_bitbake::pipeline[0m[2m:[0m Recipe "python3-dbus_1.2.18.bb": 0 tasks total (0 from main, 0 from includes), 6 helpers total (0 from main, 6 from includes)
[2m2025-11-29T15:28:40.593505Z[0m [32m INFO[0m [2mconvenient_bitbake::pipeline[0m[2m:[0m ✓ Extracted 1 tasks from "python-pyasn1.inc" for recipe "python3-pyasn1_0.4.8.bb"
[2m2025-11-29T15:28:40.593633Z[0m [32m INFO[0m [2mconvenient_bitbake::pipeline[0m[2m:[0m Recipe "python3-pyasn1_0.4.8.bb": 1 tasks total (0 from main, 1 from includes), 3 helpers total (0 from main, 3 from includes)
[2m2025-11-29T15:28:40.593767Z[0m [32m INFO[0m [2mconvenient_bitbake::pipeline[0m[2m:[0m ✓ Extracted 0 tasks from "setuptools3.bbclass" for recipe "python3-numpy_1.22.3.bb"
[2m2025-11-29T15:28:40.593841Z[0m [32m INFO[0m [2mconvenient_bitbake::pipeline[0m[2m:[0m Recipe "python3-numpy_1.22.3.bb": 8 tasks total (2 from main, 6 from includes), 3 helpers total (0 from main, 3 from includes)
[2m2025-11-29T15:28:40.594162Z[0m [32m INFO[0m [2mconvenient_bitbake::pipeline[0m[2m:[0m Recipe "python3-markupsafe_2.1.1.bb": 1 tasks total (1 from main, 0 from includes), 3 helpers total (0 from main, 3 from includes)
[2m2025-11-29T15:28:40.594854Z[0m [32m INFO[0m [2mconvenient_bitbake::pipeline[0m[2m:[0m Recipe "python3-pygments_2.11.2.bb": 0 tasks total (0 from main, 0 from includes), 3 helpers total (0 from main, 3 from includes)
[2m2025-11-29T15:28:40.595289Z[0m [32m INFO[0m [2mconvenient_bitbake::pipeline[0m[2m:[0m ✓ Extracted 1 tasks from "meson.bbclass" for recipe "python3-pycairo_1.21.0.bb"
[2m2025-11-29T15:28:40.595571Z[0m [32m INFO[0m [2mconvenient_bitbake::pipeline[0m[2m:[0m ✓ Extracted 6 tasks from "ptest.bbclass" for recipe "python3-pluggy_1.0.0.bb"
[2m2025-11-29T15:28:40.596873Z[0m [32m INFO[0m [2mconvenient_bitbake::pipeline[0m[2m:[0m ✓ Extracted 0 tasks from "setuptools3.bbclass" for recipe "python3-pytz_2022.1.bb"
[2m2025-11-29T15:28:40.597308Z[0m [32m INFO[0m [2mconvenient_bitbake::pipeline[0m[2m:[0m ✓ Extracted 0 tasks from "setuptools3.bbclass" for recipe "python3-psutil_5.9.0.bb"
[2m2025-11-29T15:28:40.597372Z[0m [32m INFO[0m [2mconvenient_bitbake::pipeline[0m[2m:[0m Recipe "python3-psutil_5.9.0.bb": 0 tasks total (0 from main, 0 from includes), 3 helpers total (0 from main, 3 from includes)
[2m2025-11-29T15:28:40.597781Z[0m [32m INFO[0m [2mconvenient_bitbake::pipeline[0m[2m:[0m Recipe "python3-pluggy_1.0.0.bb": 6 tasks total (1 from main, 5 from includes), 0 helpers total (0 from main, 0 from includes)
[2m2025-11-29T15:28:40.598113Z[0m [32m INFO[0m [2mconvenient_bitbake::pipeline[0m[2m:[0m ✓ Extracted 6 tasks from "ptest.bbclass" for recipe "python3-more-itertools_8.12.0.bb"
[2m2025-11-29T15:28:40.598164Z[0m [32m INFO[0m [2mconvenient_bitbake::pipeline[0m[2m:[0m Recipe "python3-more-itertools_8.12.0.bb": 6 tasks total (1 from main, 5 from includes), 3 helpers total (0 from main, 3 from includes)
[2m2025-11-29T15:28:40.598501Z[0m [32m INFO[0m [2mconvenient_bitbake::pipeline[0m[2m:[0m ✓ Extracted 0 tasks from "setuptools3.bbclass" for recipe "python3-six_1.16.0.bb"
[2m2025-11-29T15:28:40.598502Z[0m [32m INFO[0m [2mconvenient_bitbake::pipeline[0m[2m:[0m ✓ Extracted 0 tasks from "setuptools3.bbclass" for recipe "python3-rfc3339-validator_0.1.4.bb"
[2m2025-11-29T15:28:40.598586Z[0m [32m INFO[0m [2mconvenient_bitbake::pipeline[0m[2m:[0m ✓ Extracted 0 tasks from "setuptools3.bbclass" for recipe "python3-pysocks_1.7.1.bb"
[2m2025-11-29T15:28:40.598521Z[0m [32m INFO[0m [2mconvenient_bitbake::pipeline[0m[2m:[0m ✓ Extracted 0 tasks from "setuptools3.bbclass" for recipe "python3-pyelftools_0.28.bb"
[2m2025-11-29T15:28:40.598599Z[0m [32m INFO[0m [2mconvenient_bitbake::pipeline[0m[2m:[0m Recipe "python3-rfc3339-validator_0.1.4.bb": 0 tasks total (0 from main, 0 from includes), 3 helpers total (0 from main, 3 from includes)
[2m2025-11-29T15:28:40.598640Z[0m [32m INFO[0m [2mconvenient_bitbake::pipeline[0m[2m:[0m Recipe "python3-pysocks_1.7.1.bb": 0 tasks total (0 from main, 0 from includes), 3 helpers total (0 from main, 3 from includes)
[2m2025-11-29T15:28:40.598661Z[0m [32m INFO[0m [2mconvenient_bitbake::pipeline[0m[2m:[0m Recipe "python3-pyelftools_0.28.bb": 0 tasks total (0 from main, 0 from includes), 3 helpers total (0 from main, 3 from includes)
[2m2025-11-29T15:28:40.598768Z[0m [32m INFO[0m [2mconvenient_bitbake::pipeline[0m[2m:[0m ✓ Extracted 0 tasks from "setuptools3.bbclass" for recipe "python3-rfc3987_1.3.8.bb"
[2m2025-11-29T15:28:40.598996Z[0m [32m INFO[0m [2mconvenient_bitbake::pipeline[0m[2m:[0m Recipe "python3-rfc3987_1.3.8.bb": 0 tasks total (0 from main, 0 from includes), 3 helpers total (0 from main, 3 from includes)
[2m2025-11-29T15:28:40.599322Z[0m [32m INFO[0m [2mconvenient_bitbake::pipeline[0m[2m:[0m ✓ Extracted 0 tasks from "setuptools3.bbclass" for recipe "python3-pyopenssl_22.0.0.bb"
[2m2025-11-29T15:28:40.603770Z[0m [32m INFO[0m [2mconvenient_bitbake::pipeline[0m[2m:[0m ✓ Extracted 6 tasks from "ptest.bbclass" for recipe "python3-pytz_2022.1.bb"
[2m2025-11-29T15:28:40.645233Z[0m [32m INFO[0m [2mconvenient_bitbake::pipeline[0m[2m:[0m Recipe "python3-pyopenssl_22.0.0.bb": 0 tasks total (0 from main, 0 from includes), 3 helpers total (0 from main, 3 from includes)
[2m2025-11-29T15:28:40.645268Z[0m [32m INFO[0m [2mconvenient_bitbake::pipeline[0m[2m:[0m Recipe "python3-pytz_2022.1.bb": 6 tasks total (1 from main, 5 from includes), 3 helpers total (0 from main, 3 from includes)
[2m2025-11-29T15:28:40.646313Z[0m [32m INFO[0m [2mconvenient_bitbake::pipeline[0m[2m:[0m ✓ Extracted 0 tasks from "cargo.bbclass" for recipe "python3-setuptools-rust-native_1.1.2.bb"
[2m2025-11-29T15:28:40.646570Z[0m [32m INFO[0m [2mconvenient_bitbake::pipeline[0m[2m:[0m Recipe "python3-six_1.16.0.bb": 0 tasks total (0 from main, 0 from includes), 3 helpers total (0 from main, 3 from includes)
[2m2025-11-29T15:28:40.647219Z[0m [32m INFO[0m [2mconvenient_bitbake::pipeline[0m[2m:[0m ✓ Extracted 0 tasks from "setuptools3.bbclass" for recipe "python3-semantic-version_2.9.0.bb"
[2m2025-11-29T15:28:40.647275Z[0m [32m INFO[0m [2mconvenient_bitbake::pipeline[0m[2m:[0m Recipe "python3-semantic-version_2.9.0.bb": 0 tasks total (0 from main, 0 from includes), 3 helpers total (0 from main, 3 from includes)
[2m2025-11-29T15:28:40.647232Z[0m [32m INFO[0m [2mconvenient_bitbake::pipeline[0m[2m:[0m ✓ Extracted 6 tasks from "ptest.bbclass" for recipe "python3-cryptography_36.0.2.bb"
[2m2025-11-29T15:28:40.647358Z[0m [32m INFO[0m [2mconvenient_bitbake::pipeline[0m[2m:[0m Recipe "python3-cryptography_36.0.2.bb": 6 tasks total (1 from main, 5 from includes), 1 helpers total (0 from main, 1 from includes)
[2m2025-11-29T15:28:40.647758Z[0m [32m INFO[0m [2mconvenient_bitbake::pipeline[0m[2m:[0m Recipe "python3-pycairo_1.21.0.bb": 1 tasks total (0 from main, 1 from includes), 3 helpers total (0 from main, 3 from includes)
[2m2025-11-29T15:28:40.648234Z[0m [32m INFO[0m [2mconvenient_bitbake::pipeline[0m[2m:[0m ✓ Extracted 0 tasks from "setuptools3.bbclass" for recipe "python3-pytest-subtests_0.7.0.bb"
[2m2025-11-29T15:28:40.648285Z[0m [32m INFO[0m [2mconvenient_bitbake::pipeline[0m[2m:[0m Recipe "python3-pytest-subtests_0.7.0.bb": 0 tasks total (0 from main, 0 from includes), 3 helpers total (0 from main, 3 from includes)
[2m2025-11-29T15:28:40.648302Z[0m [32m INFO[0m [2mconvenient_bitbake::pipeline[0m[2m:[0m ✓ Extracted 0 tasks from "setuptools3.bbclass" for recipe "python3-scons_4.3.0.bb"
[2m2025-11-29T15:28:40.648566Z[0m [32m INFO[0m [2mconvenient_bitbake::pipeline[0m[2m:[0m Recipe "python3-scons_4.3.0.bb": 1 tasks total (1 from main, 0 from includes), 3 helpers total (0 from main, 3 from includes)
[2m2025-11-29T15:28:40.648610Z[0m [32m INFO[0m [2mconvenient_bitbake::pipeline[0m[2m:[0m ✓ Extracted 0 tasks from "setuptools3.bbclass" for recipe "python3-sphinx-rtd-theme_0.5.0.bb"
[2m2025-11-29T15:28:40.649035Z[0m [32m INFO[0m [2mconvenient_bitbake::pipeline[0m[2m:[0m ✓ Extracted 0 tasks from "setuptools3.bbclass" for recipe "python3-smartypants_2.0.0.bb"
[2m2025-11-29T15:28:40.649078Z[0m [32m INFO[0m [2mconvenient_bitbake::pipeline[0m[2m:[0m Recipe "python3-smartypants_2.0.0.bb": 0 tasks total (0 from main, 0 from includes), 3 helpers total (0 from main, 3 from includes)
[2m2025-11-29T15:28:40.649299Z[0m [32m INFO[0m [2mconvenient_bitbake::pipeline[0m[2m:[0m ✓ Extracted 0 tasks from "setuptools3.bbclass" for recipe "python3-pyparsing_3.0.7.bb"
[2m2025-11-29T15:28:40.649372Z[0m [32m INFO[0m [2mconvenient_bitbake::pipeline[0m[2m:[0m Recipe "python3-pyparsing_3.0.7.bb": 0 tasks total (0 from main, 0 from includes), 3 helpers total (0 from main, 3 from includes)
[2m2025-11-29T15:28:40.649596Z[0m [32m INFO[0m [2mconvenient_bitbake::pipeline[0m[2m:[0m ✓ Extracted 0 tasks from "setuptools3.bbclass" for recipe "python3-requests_2.27.1.bb"
[2m2025-11-29T15:28:40.649659Z[0m [32m INFO[0m [2mconvenient_bitbake::pipeline[0m[2m:[0m Recipe "python3-requests_2.27.1.bb": 0 tasks total (0 from main, 0 from includes), 3 helpers total (0 from main, 3 from includes)
[2m2025-11-29T15:28:40.650137Z[0m [32m INFO[0m [2mconvenient_bitbake::pipeline[0m[2m:[0m ✓ Extracted 0 tasks from "setuptools3.bbclass" for recipe "python3-rfc3986-validator_0.1.1.bb"
[2m2025-11-29T15:28:40.650177Z[0m [32m INFO[0m [2mconvenient_bitbake::pipeline[0m[2m:[0m Recipe "python3-rfc3986-validator_0.1.1.bb": 0 tasks total (0 from main, 0 from includes), 3 helpers total (0 from main, 3 from includes)
[2m2025-11-29T15:28:40.651363Z[0m [32m INFO[0m [2mconvenient_bitbake::pipeline[0m[2m:[0m ✓ Extracted 0 tasks from "setuptools3.bbclass" for recipe "python3-sphinx_4.4.0.bb"
[2m2025-11-29T15:28:40.651551Z[0m [32m INFO[0m [2mconvenient_bitbake::pipeline[0m[2m:[0m ✓ Extracted 0 tasks from "setuptools3.bbclass" for recipe "python3-sortedcontainers_2.4.0.bb"
[2m2025-11-29T15:28:40.651606Z[0m [32m INFO[0m [2mconvenient_bitbake::pipeline[0m[2m:[0m Recipe "python3-sortedcontainers_2.4.0.bb": 0 tasks total (0 from main, 0 from includes), 3 helpers total (0 from main, 3 from includes)
[2m2025-11-29T15:28:40.652964Z[0m [32m INFO[0m [2mconvenient_bitbake::pipeline[0m[2m:[0m Recipe "python3-sphinx-rtd-theme_0.5.0.bb": 0 tasks total (0 from main, 0 from includes), 3 helpers total (0 from main, 3 from includes)
[2m2025-11-29T15:28:40.653537Z[0m [32m INFO[0m [2mconvenient_bitbake::pipeline[0m[2m:[0m ✓ Extracted 0 tasks from "setuptools3.bbclass" for recipe "python3-ruamel-yaml_0.17.21.bb"
[2m2025-11-29T15:28:40.653584Z[0m [32m INFO[0m [2mconvenient_bitbake::pipeline[0m[2m:[0m Recipe "python3-ruamel-yaml_0.17.21.bb": 1 tasks total (1 from main, 0 from includes), 3 helpers total (0 from main, 3 from includes)
[2m2025-11-29T15:28:40.653950Z[0m [32m INFO[0m [2mconvenient_bitbake::pipeline[0m[2m:[0m ✓ Extracted 0 tasks from "setuptools3.bbclass" for recipe "python3-sphinxcontrib-devhelp_1.0.2.bb"
[2m2025-11-29T15:28:40.654006Z[0m [32m INFO[0m [2mconvenient_bitbake::pipeline[0m[2m:[0m Recipe "python3-sphinxcontrib-devhelp_1.0.2.bb": 0 tasks total (0 from main, 0 from includes), 3 helpers total (0 from main, 3 from includes)
[2m2025-11-29T15:28:40.653979Z[0m [32m INFO[0m [2mconvenient_bitbake::pipeline[0m[2m:[0m ✓ Extracted 0 tasks from "setuptools3.bbclass" for recipe "python3-sphinxcontrib-jsmath_1.0.1.bb"
[2m2025-11-29T15:28:40.654073Z[0m [32m INFO[0m [2mconvenient_bitbake::pipeline[0m[2m:[0m Recipe "python3-sphinxcontrib-jsmath_1.0.1.bb": 0 tasks total (0 from main, 0 from includes), 3 helpers total (0 from main, 3 from includes)
[2m2025-11-29T15:28:40.654155Z[0m [32m INFO[0m [2mconvenient_bitbake::pipeline[0m[2m:[0m ✓ Extracted 0 tasks from "setuptools3.bbclass" for recipe "python3-snowballstemmer_2.2.0.bb"
[2m2025-11-29T15:28:40.654205Z[0m [32m INFO[0m [2mconvenient_bitbake::pipeline[0m[2m:[0m ✓ Extracted 0 tasks from "setuptools3.bbclass" for recipe "python3-sphinxcontrib-applehelp_1.0.2.bb"
[2m2025-11-29T15:28:40.654208Z[0m [32m INFO[0m [2mconvenient_bitbake::pipeline[0m[2m:[0m Recipe "python3-snowballstemmer_2.2.0.bb": 0 tasks total (0 from main, 0 from includes), 3 helpers total (0 from main, 3 from includes)
[2m2025-11-29T15:28:40.654269Z[0m [32m INFO[0m [2mconvenient_bitbake::pipeline[0m[2m:[0m Recipe "python3-sphinxcontrib-applehelp_1.0.2.bb": 0 tasks total (0 from main, 0 from includes), 3 helpers total (0 from main, 3 from includes)
[2m2025-11-29T15:28:40.655403Z[0m [32m INFO[0m [2mconvenient_bitbake::pipeline[0m[2m:[0m Recipe "python3-sphinx_4.4.0.bb": 1 tasks total (1 from main, 0 from includes), 3 helpers total (0 from main, 3 from includes)
[2m2025-11-29T15:28:40.655523Z[0m [32m INFO[0m [2mconvenient_bitbake::pipeline[0m[2m:[0m ✓ Extracted 0 tasks from "setuptools3.bbclass" for recipe "python3-sphinxcontrib-serializinghtml_1.1.5.bb"
[2m2025-11-29T15:28:40.655562Z[0m [32m INFO[0m [2mconvenient_bitbake::pipeline[0m[2m:[0m Recipe "python3-sphinxcontrib-serializinghtml_1.1.5.bb": 0 tasks total (0 from main, 0 from includes), 3 helpers total (0 from main, 3 from includes)
[2m2025-11-29T15:28:40.655680Z[0m [32m INFO[0m [2mconvenient_bitbake::pipeline[0m[2m:[0m ✓ Extracted 0 tasks from "setuptools3.bbclass" for recipe "python3-subunit_1.4.0.bb"
[2m2025-11-29T15:28:40.655720Z[0m [32m INFO[0m [2mconvenient_bitbake::pipeline[0m[2m:[0m Recipe "python3-subunit_1.4.0.bb": 0 tasks total (0 from main, 0 from includes), 3 helpers total (0 from main, 3 from includes)
[2m2025-11-29T15:28:40.655737Z[0m [32m INFO[0m [2mconvenient_bitbake::pipeline[0m[2m:[0m ✓ Extracted 0 tasks from "setuptools3.bbclass" for recipe "python3-testtools_2.5.0.bb"
[2m2025-11-29T15:28:40.656254Z[0m [32m INFO[0m [2mconvenient_bitbake::pipeline[0m[2m:[0m ✓ Extracted 0 tasks from "setuptools3.bbclass" for recipe "python3-smmap_5.0.0.bb"
[2m2025-11-29T15:28:40.656301Z[0m [32m INFO[0m [2mconvenient_bitbake::pipeline[0m[2m:[0m Recipe "python3-smmap_5.0.0.bb": 0 tasks total (0 from main, 0 from includes), 3 helpers total (0 from main, 3 from includes)
[2m2025-11-29T15:28:40.656441Z[0m [32m INFO[0m [2mconvenient_bitbake::pipeline[0m[2m:[0m ✓ Extracted 0 tasks from "setuptools3.bbclass" for recipe "python3-toml_0.10.2.bb"
[2m2025-11-29T15:28:40.656478Z[0m [32m INFO[0m [2mconvenient_bitbake::pipeline[0m[2m:[0m Recipe "python3-toml_0.10.2.bb": 0 tasks total (0 from main, 0 from includes), 3 helpers total (0 from main, 3 from includes)
[2m2025-11-29T15:28:40.657150Z[0m [32m INFO[0m [2mconvenient_bitbake::pipeline[0m[2m:[0m ✓ Extracted 0 tasks from "setuptools3.bbclass" for recipe "python3-typing-extensions_3.10.0.0.bb"
[2m2025-11-29T15:28:40.657206Z[0m [32m INFO[0m [2mconvenient_bitbake::pipeline[0m[2m:[0m Recipe "python3-typing-extensions_3.10.0.0.bb": 0 tasks total (0 from main, 0 from includes), 3 helpers total (0 from main, 3 from includes)
[2m2025-11-29T15:28:40.658649Z[0m [32m INFO[0m [2mconvenient_bitbake::pipeline[0m[2m:[0m Recipe "python3-testtools_2.5.0.bb": 0 tasks total (0 from main, 0 from includes), 3 helpers total (0 from main, 3 from includes)
[2m2025-11-29T15:28:40.659014Z[0m [32m INFO[0m [2mconvenient_bitbake::pipeline[0m[2m:[0m ✓ Extracted 0 tasks from "setuptools3.bbclass" for recipe "python3-webcolors_1.11.1.bb"
[2m2025-11-29T15:28:40.659167Z[0m [32m INFO[0m [2mconvenient_bitbake::pipeline[0m[2m:[0m ✓ Extracted 0 tasks from "setuptools3.bbclass" for recipe "python3-vcversioner_2.16.0.0.bb"
[2m2025-11-29T15:28:40.659281Z[0m [32m INFO[0m [2mconvenient_bitbake::pipeline[0m[2m:[0m Recipe "python3-vcversioner_2.16.0.0.bb": 0 tasks total (0 from main, 0 from includes), 3 helpers total (0 from main, 3 from includes)
[2m2025-11-29T15:28:40.659479Z[0m [32m INFO[0m [2mconvenient_bitbake::pipeline[0m[2m:[0m ✓ Extracted 6 tasks from "ptest.bbclass" for recipe "util-linux_2.37.4.bb"
[2m2025-11-29T15:28:40.659641Z[0m [32m INFO[0m [2mconvenient_bitbake::pipeline[0m[2m:[0m ✓ Extracted 0 tasks from "setuptools3.bbclass" for recipe "python3-strict-rfc3339_0.7.bb"
[2m2025-11-29T15:28:40.660557Z[0m [32m INFO[0m [2mconvenient_bitbake::pipeline[0m[2m:[0m ✓ Extracted 0 tasks from "setuptools3.bbclass" for recipe "python3-sphinxcontrib-qthelp_1.0.3.bb"
[2m2025-11-29T15:28:40.681613Z[0m [32m INFO[0m [2mconvenient_bitbake::pipeline[0m[2m:[0m Recipe "python3-strict-rfc3339_0.7.bb": 0 tasks total (0 from main, 0 from includes), 3 helpers total (0 from main, 3 from includes)
[2m2025-11-29T15:28:40.664221Z[0m [32m INFO[0m [2mconvenient_bitbake::pipeline[0m[2m:[0m ✓ Extracted 1 tasks from "native.bbclass" for recipe "python3-setuptools-rust-native_1.1.2.bb"
[2m2025-11-29T15:28:40.681641Z[0m [32m INFO[0m [2mconvenient_bitbake::pipeline[0m[2m:[0m Recipe "python3-sphinxcontrib-qthelp_1.0.3.bb": 0 tasks total (0 from main, 0 from includes), 3 helpers total (0 from main, 3 from includes)
[2m2025-11-29T15:28:40.665155Z[0m [32m INFO[0m [2mconvenient_bitbake::pipeline[0m[2m:[0m ✓ Extracted 5 tasks from "quilt.inc" for recipe "quilt-native_0.67.bb"
[2m2025-11-29T15:28:40.669757Z[0m [32m INFO[0m [2mconvenient_bitbake::pipeline[0m[2m:[0m ✓ Extracted 4 tasks from "qemu.inc" for recipe "qemu_6.2.0.bb"
[2m2025-11-29T15:28:40.681390Z[0m [32m INFO[0m [2mconvenient_bitbake::pipeline[0m[2m:[0m Recipe "util-linux_2.37.4.bb": 7 tasks total (4 from main, 3 from includes), 8 helpers total (0 from main, 8 from includes)
[2m2025-11-29T15:28:40.681774Z[0m [32m INFO[0m [2mconvenient_bitbake::pipeline[0m[2m:[0m Recipe "qemu_6.2.0.bb": 4 tasks total (0 from main, 4 from includes), 0 helpers total (0 from main, 0 from includes)
[2m2025-11-29T15:28:40.661642Z[0m [32m INFO[0m [2mconvenient_bitbake::pipeline[0m[2m:[0m ✓ Extracted 0 tasks from "setuptools3.bbclass" for recipe "python3-sphinxcontrib-htmlhelp_2.0.0.bb"
[2m2025-11-29T15:28:40.681694Z[0m [32m INFO[0m [2mconvenient_bitbake::pipeline[0m[2m:[0m Recipe "python3-setuptools-rust-native_1.1.2.bb": 1 tasks total (0 from main, 1 from includes), 3 helpers total (0 from main, 3 from includes)
[2m2025-11-29T15:28:40.681858Z[0m [32m INFO[0m [2mconvenient_bitbake::pipeline[0m[2m:[0m Recipe "python3-sphinxcontrib-htmlhelp_2.0.0.bb": 0 tasks total (0 from main, 0 from includes), 3 helpers total (0 from main, 3 from includes)
[2m2025-11-29T15:28:40.682231Z[0m [32m INFO[0m [2mconvenient_bitbake::pipeline[0m[2m:[0m ✓ Extracted 0 tasks from "setuptools3.bbclass" for recipe "python3-typogrify_2.0.7.bb"
[2m2025-11-29T15:28:40.682233Z[0m [32m INFO[0m [2mconvenient_bitbake::pipeline[0m[2m:[0m ✓ Extracted 0 tasks from "setuptools3.bbclass" for recipe "python3-urllib3_1.26.20.bb"
[2m2025-11-29T15:28:40.682501Z[0m [32m INFO[0m [2mconvenient_bitbake::pipeline[0m[2m:[0m Recipe "python3-urllib3_1.26.20.bb": 0 tasks total (0 from main, 0 from includes), 3 helpers total (0 from main, 3 from includes)
[2m2025-11-29T15:28:40.682446Z[0m [32m INFO[0m [2mconvenient_bitbake::pipeline[0m[2m:[0m Recipe "python3-typogrify_2.0.7.bb": 0 tasks total (0 from main, 0 from includes), 3 helpers total (0 from main, 3 from includes)
[2m2025-11-29T15:28:40.683175Z[0m [32m INFO[0m [2mconvenient_bitbake::pipeline[0m[2m:[0m ✓ Extracted 0 tasks from "setuptools3.bbclass" for recipe "python3-wcwidth_0.2.5.bb"
[2m2025-11-29T15:28:40.684132Z[0m [32m INFO[0m [2mconvenient_bitbake::pipeline[0m[2m:[0m Recipe "python3-ndg-httpsclient_0.5.1.bb": 0 tasks total (0 from main, 0 from includes), 3 helpers total (0 from main, 3 from includes)
[2m2025-11-29T15:28:40.684233Z[0m [32m INFO[0m [2mconvenient_bitbake::pipeline[0m[2m:[0m ✓ Extracted 2 tasks from "libstd-rs.inc" for recipe "libstd-rs_1.59.0.bb"
[2m2025-11-29T15:28:40.684277Z[0m [32m INFO[0m [2mconvenient_bitbake::pipeline[0m[2m:[0m Recipe "libstd-rs_1.59.0.bb": 2 tasks total (0 from main, 2 from includes), 0 helpers total (0 from main, 0 from includes)
[2m2025-11-29T15:28:40.684702Z[0m [32m INFO[0m [2mconvenient_bitbake::pipeline[0m[2m:[0m Recipe "python3-pygobject_3.42.0.bb": 1 tasks total (0 from main, 1 from includes), 0 helpers total (0 from main, 0 from includes)
[2m2025-11-29T15:28:40.685021Z[0m [32m INFO[0m [2mconvenient_bitbake::pipeline[0m[2m:[0m ✓ Extracted 5 tasks from "quilt.inc" for recipe "quilt_0.67.bb"
[2m2025-11-29T15:28:40.686052Z[0m [32m INFO[0m [2mconvenient_bitbake::pipeline[0m[2m:[0m ✓ Extracted 2 tasks from "rust-cross-canadian.inc" for recipe "rust-cross-canadian_1.59.0.bb"
[2m2025-11-29T15:28:40.686767Z[0m [32m INFO[0m [2mconvenient_bitbake::pipeline[0m[2m:[0m ✓ Extracted 4 tasks from "rust.inc" for recipe "rust-cross_1.59.0.bb"
[2m2025-11-29T15:28:40.688888Z[0m [32m INFO[0m [2mconvenient_bitbake::pipeline[0m[2m:[0m ✓ Extracted 6 tasks from "ptest.bbclass" for recipe "python3-webcolors_1.11.1.bb"
[2m2025-11-29T15:28:40.688925Z[0m [32m INFO[0m [2mconvenient_bitbake::pipeline[0m[2m:[0m Recipe "python3-webcolors_1.11.1.bb": 6 tasks total (1 from main, 5 from includes), 3 helpers total (0 from main, 3 from includes)
[2m2025-11-29T15:28:40.689065Z[0m [32m INFO[0m [2mconvenient_bitbake::pipeline[0m[2m:[0m ✓ Extracted 1 tasks from "native.bbclass" for recipe "qemu-helper-native_1.0.bb"
[2m2025-11-29T15:28:40.689111Z[0m [32m INFO[0m [2mconvenient_bitbake::pipeline[0m[2m:[0m Recipe "qemu-helper-native_1.0.bb": 3 tasks total (2 from main, 1 from includes), 0 helpers total (0 from main, 0 from includes)
[2m2025-11-29T15:28:40.689349Z[0m [32m INFO[0m [2mconvenient_bitbake::pipeline[0m[2m:[0m ✓ Extracted 0 tasks from "autotools.bbclass" for recipe "rpm_4.17.1.bb"
[2m2025-11-29T15:28:40.690527Z[0m [32m INFO[0m [2mconvenient_bitbake::pipeline[0m[2m:[0m ✓ Extracted 0 tasks from "systemd.bbclass" for recipe "systemd_250.14.bb"
[2m2025-11-29T15:28:40.692531Z[0m [32m INFO[0m [2mconvenient_bitbake::pipeline[0m[2m:[0m ✓ Extracted 2 tasks from "rust-tools-cross-canadian.inc" for recipe "rust-tools-cross-canadian_1.59.0.bb"
[2m2025-11-29T15:28:40.692910Z[0m [32m INFO[0m [2mconvenient_bitbake::pipeline[0m[2m:[0m Recipe "quilt_0.67.bb": 4 tasks total (0 from main, 4 from includes), 0 helpers total (0 from main, 0 from includes)
[2m2025-11-29T15:28:40.693813Z[0m [32m INFO[0m [2mconvenient_bitbake::pipeline[0m[2m:[0m ✓ Extracted 6 tasks from "ptest.bbclass" for recipe "python3-wcwidth_0.2.5.bb"
[2m2025-11-29T15:28:40.693929Z[0m [32m INFO[0m [2mconvenient_bitbake::pipeline[0m[2m:[0m Recipe "python3-wcwidth_0.2.5.bb": 6 tasks total (1 from main, 5 from includes), 3 helpers total (0 from main, 3 from includes)
[2m2025-11-29T15:28:40.693977Z[0m [32m INFO[0m [2mconvenient_bitbake::pipeline[0m[2m:[0m   Progress: 400/884 recipes parsed (45.2%)
[2m2025-11-29T15:28:40.694527Z[0m [32m INFO[0m [2mconvenient_bitbake::pipeline[0m[2m:[0m ✓ Extracted 0 tasks from "cargo.bbclass" for recipe "rust-hello-world_git.bb"
[2m2025-11-29T15:28:40.694578Z[0m [32m INFO[0m [2mconvenient_bitbake::pipeline[0m[2m:[0m Recipe "rust-hello-world_git.bb": 0 tasks total (0 from main, 0 from includes), 3 helpers total (0 from main, 3 from includes)
[2m2025-11-29T15:28:40.694949Z[0m [32m INFO[0m [2mconvenient_bitbake::pipeline[0m[2m:[0m ✓ Extracted 4 tasks from "rust.inc" for recipe "rust-crosssdk_1.59.0.bb"
[2m2025-11-29T15:28:40.695087Z[0m [32m INFO[0m [2mconvenient_bitbake::pipeline[0m[2m:[0m ✓ Extracted 0 tasks from "setuptools3.bbclass" for recipe "asciidoc_10.1.4.bb"
[2m2025-11-29T15:28:40.695162Z[0m [32m INFO[0m [2mconvenient_bitbake::pipeline[0m[2m:[0m Recipe "asciidoc_10.1.4.bb": 0 tasks total (0 from main, 0 from includes), 3 helpers total (0 from main, 3 from includes)
[2m2025-11-29T15:28:40.696324Z[0m [32m INFO[0m [2mconvenient_bitbake::pipeline[0m[2m:[0m Recipe "rust-tools-cross-canadian_1.59.0.bb": 2 tasks total (0 from main, 2 from includes), 0 helpers total (0 from main, 0 from includes)
[2m2025-11-29T15:28:40.696548Z[0m [32m INFO[0m [2mconvenient_bitbake::pipeline[0m[2m:[0m ✓ Extracted 1 tasks from "swig.inc" for recipe "swig_4.0.2.bb"
[2m2025-11-29T15:28:40.696601Z[0m [32m INFO[0m [2mconvenient_bitbake::pipeline[0m[2m:[0m ✓ Extracted 0 tasks from "update-rc.d.bbclass" for recipe "tcf-agent_git.bb"
[2m2025-11-29T15:28:40.696609Z[0m [32m INFO[0m [2mconvenient_bitbake::pipeline[0m[2m:[0m Recipe "swig_4.0.2.bb": 1 tasks total (0 from main, 1 from includes), 0 helpers total (0 from main, 0 from includes)
[2m2025-11-29T15:28:40.696995Z[0m [32m INFO[0m [2mconvenient_bitbake::pipeline[0m[2m:[0m ✓ Extracted 1 tasks from "cross.bbclass" for recipe "rust-cross_1.59.0.bb"
[2m2025-11-29T15:28:40.697626Z[0m [32m INFO[0m [2mconvenient_bitbake::pipeline[0m[2m:[0m ✓ Extracted 1 tasks from "rust-llvm.inc" for recipe "rust-llvm_1.59.0.bb"
[2m2025-11-29T15:28:40.697670Z[0m [32m INFO[0m [2mconvenient_bitbake::pipeline[0m[2m:[0m Recipe "rust-llvm_1.59.0.bb": 1 tasks total (0 from main, 1 from includes), 0 helpers total (0 from main, 0 from includes)
[2m2025-11-29T15:28:40.698559Z[0m [32m INFO[0m [2mconvenient_bitbake::pipeline[0m[2m:[0m Recipe "rust-cross-canadian_1.59.0.bb": 2 tasks total (0 from main, 2 from includes), 0 helpers total (0 from main, 0 from includes)
[2m2025-11-29T15:28:40.699942Z[0m [32m INFO[0m [2mconvenient_bitbake::pipeline[0m[2m:[0m ✓ Extracted 5 tasks from "rust-cross.inc" for recipe "rust-cross_1.59.0.bb"
[2m2025-11-29T15:28:40.701562Z[0m [32m INFO[0m [2mconvenient_bitbake::pipeline[0m[2m:[0m Recipe "rust-cross_1.59.0.bb": 6 tasks total (0 from main, 6 from includes), 5 helpers total (0 from main, 5 from includes)
[2m2025-11-29T15:28:40.702851Z[0m [32m INFO[0m [2mconvenient_bitbake::pipeline[0m[2m:[0m ✓ Extracted 0 tasks from "autotools.bbclass" for recipe "python3_3.10.19.bb"
[2m2025-11-29T15:28:40.703284Z[0m [32m INFO[0m [2mconvenient_bitbake::pipeline[0m[2m:[0m ✓ Extracted 0 tasks from "autotools.bbclass" for recipe "bc_1.07.1.bb"
[2m2025-11-29T15:28:40.703809Z[0m [32m INFO[0m [2mconvenient_bitbake::pipeline[0m[2m:[0m ✓ Extracted 6 tasks from "bash.inc" for recipe "bash_5.1.16.bb"
[2m2025-11-29T15:28:40.703828Z[0m [32m INFO[0m [2mconvenient_bitbake::pipeline[0m[2m:[0m Recipe "rpm_4.17.1.bb": 2 tasks total (2 from main, 0 from includes), 7 helpers total (1 from main, 6 from includes)
[2m2025-11-29T15:28:40.703882Z[0m [32m INFO[0m [2mconvenient_bitbake::pipeline[0m[2m:[0m Recipe "bash_5.1.16.bb": 6 tasks total (0 from main, 6 from includes), 0 helpers total (0 from main, 0 from includes)
[2m2025-11-29T15:28:40.704279Z[0m [32m INFO[0m [2mconvenient_bitbake::pipeline[0m[2m:[0m ✓ Extracted 0 tasks from "autotools.bbclass" for recipe "unfs3_git.bb"
[2m2025-11-29T15:28:40.704359Z[0m [32m INFO[0m [2mconvenient_bitbake::pipeline[0m[2m:[0m Recipe "unfs3_git.bb": 0 tasks total (0 from main, 0 from includes), 6 helpers total (0 from main, 6 from includes)
[2m2025-11-29T15:28:40.705430Z[0m [32m INFO[0m [2mconvenient_bitbake::pipeline[0m[2m:[0m ✓ Extracted 5 tasks from "rust-cross.inc" for recipe "rust-crosssdk_1.59.0.bb"
[2m2025-11-29T15:28:40.707133Z[0m [32m INFO[0m [2mconvenient_bitbake::pipeline[0m[2m:[0m ✓ Extracted 0 tasks from "autotools.bbclass" for recipe "cpio_2.14.bb"
[2m2025-11-29T15:28:40.707151Z[0m [32m INFO[0m [2mconvenient_bitbake::pipeline[0m[2m:[0m Recipe "rust-crosssdk_1.59.0.bb": 5 tasks total (0 from main, 5 from includes), 5 helpers total (0 from main, 5 from includes)
[2m2025-11-29T15:28:40.709932Z[0m [32m INFO[0m [2mconvenient_bitbake::pipeline[0m[2m:[0m ✓ Extracted 0 tasks from "vala.inc" for recipe "vala_0.56.3.bb"
[2m2025-11-29T15:28:40.709990Z[0m [32m INFO[0m [2mconvenient_bitbake::pipeline[0m[2m:[0m Recipe "vala_0.56.3.bb": 0 tasks total (0 from main, 0 from includes), 2 helpers total (0 from main, 2 from includes)
[2m2025-11-29T15:28:40.710072Z[0m [32m INFO[0m [2mconvenient_bitbake::pipeline[0m[2m:[0m ✓ Extracted 0 tasks from "autotools.bbclass" for recipe "tcl_8.6.11.bb"
[2m2025-11-29T15:28:40.710309Z[0m [32m INFO[0m [2mconvenient_bitbake::pipeline[0m[2m:[0m ✓ Extracted 0 tasks from "systemd.bbclass" for recipe "tcf-agent_git.bb"
[2m2025-11-29T15:28:40.710356Z[0m [32m INFO[0m [2mconvenient_bitbake::pipeline[0m[2m:[0m Recipe "tcf-agent_git.bb": 1 tasks total (1 from main, 0 from includes), 5 helpers total (0 from main, 5 from includes)
[2m2025-11-29T15:28:40.710757Z[0m [32m INFO[0m [2mconvenient_bitbake::pipeline[0m[2m:[0m ✓ Extracted 0 tasks from "autotools.bbclass" for recipe "bzip2_1.0.8.bb"
[2m2025-11-29T15:28:40.710765Z[0m [32m INFO[0m [2mconvenient_bitbake::pipeline[0m[2m:[0m Recipe "systemd_250.14.bb": 3 tasks total (2 from main, 1 from includes), 10 helpers total (0 from main, 10 from includes)
[2m2025-11-29T15:28:40.711114Z[0m [32m INFO[0m [2mconvenient_bitbake::pipeline[0m[2m:[0m ✓ Extracted 6 tasks from "ptest.bbclass" for recipe "valgrind_3.18.1.bb"
[2m2025-11-29T15:28:40.711098Z[0m [32m INFO[0m [2mconvenient_bitbake::pipeline[0m[2m:[0m ✓ Extracted 0 tasks from "autotools.bbclass" for recipe "subversion_1.14.2.bb"
[2m2025-11-29T15:28:40.712464Z[0m [32m INFO[0m [2mconvenient_bitbake::pipeline[0m[2m:[0m ✓ Extracted 0 tasks from "autotools.bbclass" for recipe "systemd-bootchart_234.bb"
[2m2025-11-29T15:28:40.713430Z[0m [32m INFO[0m [2mconvenient_bitbake::pipeline[0m[2m:[0m ✓ Extracted 0 tasks from "autotools.bbclass" for recipe "strace_5.16.bb"
[2m2025-11-29T15:28:40.713933Z[0m [32m INFO[0m [2mconvenient_bitbake::pipeline[0m[2m:[0m ✓ Extracted 0 tasks from "autotools.bbclass" for recipe "ruby_3.1.3.bb"
[2m2025-11-29T15:28:40.714282Z[0m [32m INFO[0m [2mconvenient_bitbake::pipeline[0m[2m:[0m ✓ Extracted 0 tasks from "multilib_header.bbclass" for recipe "valgrind_3.18.1.bb"
[2m2025-11-29T15:28:40.714305Z[0m [32m INFO[0m [2mconvenient_bitbake::pipeline[0m[2m:[0m ✓ Extracted 0 tasks from "go.bbclass" for recipe "go-helloworld_0.1.bb"
[2m2025-11-29T15:28:40.714345Z[0m [32m INFO[0m [2mconvenient_bitbake::pipeline[0m[2m:[0m Recipe "valgrind_3.18.1.bb": 10 tasks total (6 from main, 4 from includes), 1 helpers total (0 from main, 1 from includes)
[2m2025-11-29T15:28:40.714370Z[0m [32m INFO[0m [2mconvenient_bitbake::pipeline[0m[2m:[0m Recipe "go-helloworld_0.1.bb": 1 tasks total (1 from main, 0 from includes), 7 helpers total (0 from main, 7 from includes)
[2m2025-11-29T15:28:40.714416Z[0m [32m INFO[0m [2mconvenient_bitbake::pipeline[0m[2m:[0m ✓ Extracted 1 tasks from "gzip.inc" for recipe "gzip_1.12.bb"
[2m2025-11-29T15:28:40.715080Z[0m [32m INFO[0m [2mconvenient_bitbake::pipeline[0m[2m:[0m ✓ Extracted 0 tasks from "autotools.bbclass" for recipe "xmlto_0.0.28.bb"
[2m2025-11-29T15:28:40.715121Z[0m [32m INFO[0m [2mconvenient_bitbake::pipeline[0m[2m:[0m Recipe "xmlto_0.0.28.bb": 1 tasks total (1 from main, 0 from includes), 6 helpers total (0 from main, 6 from includes)
[2m2025-11-29T15:28:40.715951Z[0m [32m INFO[0m [2mconvenient_bitbake::pipeline[0m[2m:[0m ✓ Extracted 0 tasks from "autotools.bbclass" for recipe "cracklib_2.9.8.bb"
[2m2025-11-29T15:28:40.716027Z[0m [32m INFO[0m [2mconvenient_bitbake::pipeline[0m[2m:[0m ✓ Extracted 6 tasks from "ptest.bbclass" for recipe "python3_3.10.19.bb"
[2m2025-11-29T15:28:40.716990Z[0m [32m INFO[0m [2mconvenient_bitbake::pipeline[0m[2m:[0m ✓ Extracted 1 tasks from "perl-ptest.inc" for recipe "perl_5.34.3.bb"
[2m2025-11-29T15:28:40.717203Z[0m [32m INFO[0m [2mconvenient_bitbake::pipeline[0m[2m:[0m ✓ Extracted 1 tasks from "native.bbclass" for recipe "quilt-native_0.67.bb"
[2m2025-11-29T15:28:40.717263Z[0m [32m INFO[0m [2mconvenient_bitbake::pipeline[0m[2m:[0m Recipe "quilt-native_0.67.bb": 5 tasks total (0 from main, 5 from includes), 0 helpers total (0 from main, 0 from includes)
[2m2025-11-29T15:28:40.717227Z[0m [32m INFO[0m [2mconvenient_bitbake::pipeline[0m[2m:[0m ✓ Extracted 6 tasks from "ptest.bbclass" for recipe "diffutils_3.10.bb"
[2m2025-11-29T15:28:40.717323Z[0m [32m INFO[0m [2mconvenient_bitbake::pipeline[0m[2m:[0m Recipe "diffutils_3.10.bb": 6 tasks total (1 from main, 5 from includes), 0 helpers total (0 from main, 0 from includes)
[2m2025-11-29T15:28:40.720024Z[0m [32m INFO[0m [2mconvenient_bitbake::pipeline[0m[2m:[0m ✓ Extracted 0 tasks from "autotools.bbclass" for recipe "blktool_4-7.1.bb"
[2m2025-11-29T15:28:40.722028Z[0m [32m INFO[0m [2mconvenient_bitbake::pipeline[0m[2m:[0m ✓ Extracted 0 tasks from "autotools.bbclass" for recipe "gawk_5.1.1.bb"
[2m2025-11-29T15:28:40.722156Z[0m [32m INFO[0m [2mconvenient_bitbake::pipeline[0m[2m:[0m ✓ Extracted 0 tasks from "multilib_script.bbclass" for recipe "groff_1.22.4.bb"
[2m2025-11-29T15:28:40.722213Z[0m [32m INFO[0m [2mconvenient_bitbake::pipeline[0m[2m:[0m ✓ Extracted 0 tasks from "autotools.bbclass" for recipe "ethtool_5.16.bb"
[2m2025-11-29T15:28:40.722868Z[0m [32m INFO[0m [2mconvenient_bitbake::pipeline[0m[2m:[0m ✓ Extracted 6 tasks from "ptest.bbclass" for recipe "gzip_1.12.bb"
[2m2025-11-29T15:28:40.722915Z[0m [32m INFO[0m [2mconvenient_bitbake::pipeline[0m[2m:[0m Recipe "gzip_1.12.bb": 7 tasks total (1 from main, 6 from includes), 0 helpers total (0 from main, 0 from includes)
[2m2025-11-29T15:28:40.744978Z[0m [32m INFO[0m [2mconvenient_bitbake::pipeline[0m[2m:[0m Recipe "cracklib_2.9.8.bb": 1 tasks total (1 from main, 0 from includes), 6 helpers total (0 from main, 6 from includes)
[2m2025-11-29T15:28:40.745360Z[0m [32m INFO[0m [2mconvenient_bitbake::pipeline[0m[2m:[0m ✓ Extracted 0 tasks from "systemd.bbclass" for recipe "run-postinsts_1.0.bb"
[2m2025-11-29T15:28:40.745497Z[0m [32m INFO[0m [2mconvenient_bitbake::pipeline[0m[2m:[0m Recipe "blktool_4-7.1.bb": 0 tasks total (0 from main, 0 from includes), 6 helpers total (0 from main, 6 from includes)
[2m2025-11-29T15:28:40.745727Z[0m [32m INFO[0m [2mconvenient_bitbake::pipeline[0m[2m:[0m ✓ Extracted 0 tasks from "systemd.bbclass" for recipe "at_3.2.5.bb"
[2m2025-11-29T15:28:40.745751Z[0m [32m INFO[0m [2mconvenient_bitbake::pipeline[0m[2m:[0m Recipe "groff_1.22.4.bb": 2 tasks total (2 from main, 0 from includes), 1 helpers total (0 from main, 1 from includes)
[2m2025-11-29T15:28:40.745987Z[0m [32m INFO[0m [2mconvenient_bitbake::pipeline[0m[2m:[0m ✓ Extracted 0 tasks from "autotools.bbclass" for recipe "cronie_1.6.1.bb"
[2m2025-11-29T15:28:40.746004Z[0m [32m INFO[0m [2mconvenient_bitbake::pipeline[0m[2m:[0m ✓ Extracted 0 tasks from "autotools.bbclass" for recipe "gperf_3.1.bb"
[2m2025-11-29T15:28:40.746121Z[0m [32m INFO[0m [2mconvenient_bitbake::pipeline[0m[2m:[0m Recipe "gperf_3.1.bb": 0 tasks total (0 from main, 0 from includes), 6 helpers total (0 from main, 6 from includes)
[2m2025-11-29T15:28:40.746543Z[0m [32m INFO[0m [2mconvenient_bitbake::pipeline[0m[2m:[0m ✓ Extracted 0 tasks from "multilib_header.bbclass" for recipe "python3_3.10.19.bb"
[2m2025-11-29T15:28:40.748738Z[0m [32m INFO[0m [2mconvenient_bitbake::pipeline[0m[2m:[0m ✓ Extracted 1 tasks from "cups.inc" for recipe "cups_2.4.2.bb"
[2m2025-11-29T15:28:40.748893Z[0m [32m INFO[0m [2mconvenient_bitbake::pipeline[0m[2m:[0m Recipe "cups_2.4.2.bb": 1 tasks total (0 from main, 1 from includes), 1 helpers total (0 from main, 1 from includes)
[2m2025-11-29T15:28:40.750075Z[0m [32m INFO[0m [2mconvenient_bitbake::pipeline[0m[2m:[0m ✓ Extracted 0 tasks from "autotools.bbclass" for recipe "grep_3.7.bb"
[2m2025-11-29T15:28:40.750213Z[0m [32m INFO[0m [2mconvenient_bitbake::pipeline[0m[2m:[0m ✓ Extracted 6 tasks from "ptest.bbclass" for recipe "strace_5.16.bb"
[2m2025-11-29T15:28:40.750317Z[0m [32m INFO[0m [2mconvenient_bitbake::pipeline[0m[2m:[0m Recipe "strace_5.16.bb": 6 tasks total (2 from main, 4 from includes), 6 helpers total (0 from main, 6 from includes)
[2m2025-11-29T15:28:40.751157Z[0m [32m INFO[0m [2mconvenient_bitbake::pipeline[0m[2m:[0m Recipe "subversion_1.14.2.bb": 1 tasks total (1 from main, 0 from includes), 6 helpers total (0 from main, 6 from includes)
[2m2025-11-29T15:28:40.752870Z[0m [32m INFO[0m [2mconvenient_bitbake::pipeline[0m[2m:[0m ✓ Extracted 0 tasks from "update-rc.d.bbclass" for recipe "cronie_1.6.1.bb"
[2m2025-11-29T15:28:40.753154Z[0m [32m INFO[0m [2mconvenient_bitbake::pipeline[0m[2m:[0m ✓ Extracted 0 tasks from "systemd.bbclass" for recipe "systemd-bootchart_234.bb"
[2m2025-11-29T15:28:40.753410Z[0m [32m INFO[0m [2mconvenient_bitbake::pipeline[0m[2m:[0m ✓ Extracted 0 tasks from "autotools.bbclass" for recipe "libidn2_2.3.2.bb"
[2m2025-11-29T15:28:40.753872Z[0m [32m INFO[0m [2mconvenient_bitbake::pipeline[0m[2m:[0m ✓ Extracted 0 tasks from "autotools.bbclass" for recipe "libmnl_1.0.4.bb"
[2m2025-11-29T15:28:40.755411Z[0m [32m INFO[0m [2mconvenient_bitbake::pipeline[0m[2m:[0m ✓ Extracted 6 tasks from "ptest.bbclass" for recipe "ruby_3.1.3.bb"
[2m2025-11-29T15:28:40.755754Z[0m [32m INFO[0m [2mconvenient_bitbake::pipeline[0m[2m:[0m Recipe "libmnl_1.0.4.bb": 0 tasks total (0 from main, 0 from includes), 6 helpers total (0 from main, 6 from includes)
[2m2025-11-29T15:28:40.756448Z[0m [32m INFO[0m [2mconvenient_bitbake::pipeline[0m[2m:[0m ✓ Extracted 0 tasks from "autotools.bbclass" for recipe "libtirpc_1.3.2.bb"
[2m2025-11-29T15:28:40.756917Z[0m [32m INFO[0m [2mconvenient_bitbake::pipeline[0m[2m:[0m ✓ Extracted 1 tasks from "meson.bbclass" for recipe "lighttpd_1.4.67.bb"
[2m2025-11-29T15:28:40.756975Z[0m [32m INFO[0m [2mconvenient_bitbake::pipeline[0m[2m:[0m Recipe "ruby_3.1.3.bb": 7 tasks total (2 from main, 5 from includes), 6 helpers total (0 from main, 6 from includes)
[2m2025-11-29T15:28:40.757495Z[0m [32m INFO[0m [2mconvenient_bitbake::pipeline[0m[2m:[0m ✓ Extracted 0 tasks from "update-rc.d.bbclass" for recipe "run-postinsts_1.0.bb"
[2m2025-11-29T15:28:40.757556Z[0m [32m INFO[0m [2mconvenient_bitbake::pipeline[0m[2m:[0m Recipe "run-postinsts_1.0.bb": 3 tasks total (3 from main, 0 from includes), 5 helpers total (0 from main, 5 from includes)
[2m2025-11-29T15:28:40.757965Z[0m [32m INFO[0m [2mconvenient_bitbake::pipeline[0m[2m:[0m ✓ Extracted 0 tasks from "autotools.bbclass" for recipe "libnss-nis.bb"
[2m2025-11-29T15:28:40.758070Z[0m [32m INFO[0m [2mconvenient_bitbake::pipeline[0m[2m:[0m ✓ Extracted 6 tasks from "ptest.bbclass" for recipe "tcl_8.6.11.bb"
[2m2025-11-29T15:28:40.758232Z[0m [32m INFO[0m [2mconvenient_bitbake::pipeline[0m[2m:[0m Recipe "libtirpc_1.3.2.bb": 1 tasks total (1 from main, 0 from includes), 6 helpers total (0 from main, 6 from includes)
[2m2025-11-29T15:28:40.758909Z[0m [32m INFO[0m [2mconvenient_bitbake::pipeline[0m[2m:[0m ✓ Extracted 6 tasks from "ptest.bbclass" for recipe "ethtool_5.16.bb"
[2m2025-11-29T15:28:40.759141Z[0m [32m INFO[0m [2mconvenient_bitbake::pipeline[0m[2m:[0m Recipe "libnss-nis.bb": 0 tasks total (0 from main, 0 from includes), 6 helpers total (0 from main, 6 from includes)
[2m2025-11-29T15:28:40.759486Z[0m [32m INFO[0m [2mconvenient_bitbake::pipeline[0m[2m:[0m Recipe "systemd-bootchart_234.bb": 1 tasks total (1 from main, 0 from includes), 8 helpers total (0 from main, 8 from includes)
[2m2025-11-29T15:28:40.761858Z[0m [32m INFO[0m [2mconvenient_bitbake::pipeline[0m[2m:[0m Recipe "ethtool_5.16.bb": 6 tasks total (2 from main, 4 from includes), 6 helpers total (0 from main, 6 from includes)
[2m2025-11-29T15:28:40.762204Z[0m [32m INFO[0m [2mconvenient_bitbake::pipeline[0m[2m:[0m ✓ Extracted 0 tasks from "update-rc.d.bbclass" for recipe "at_3.2.5.bb"
[2m2025-11-29T15:28:40.762258Z[0m [32m INFO[0m [2mconvenient_bitbake::pipeline[0m[2m:[0m Recipe "at_3.2.5.bb": 1 tasks total (1 from main, 0 from includes), 6 helpers total (1 from main, 5 from includes)
[2m2025-11-29T15:28:40.762949Z[0m [32m INFO[0m [2mconvenient_bitbake::pipeline[0m[2m:[0m ✓ Extracted 0 tasks from "autotools.bbclass" for recipe "less_600.bb"
[2m2025-11-29T15:28:40.763181Z[0m [32m INFO[0m [2mconvenient_bitbake::pipeline[0m[2m:[0m ✓ Extracted 0 tasks from "autotools.bbclass" for recipe "logrotate_3.20.1.bb"
[2m2025-11-29T15:28:40.765384Z[0m [32m INFO[0m [2mconvenient_bitbake::pipeline[0m[2m:[0m ✓ Extracted 0 tasks from "autotools.bbclass" for recipe "libarchive_3.6.2.bb"
[2m2025-11-29T15:28:40.767891Z[0m [32m INFO[0m [2mconvenient_bitbake::pipeline[0m[2m:[0m ✓ Extracted 0 tasks from "autotools.bbclass" for recipe "libnsl2_git.bb"
[2m2025-11-29T15:28:40.769604Z[0m [32m INFO[0m [2mconvenient_bitbake::pipeline[0m[2m:[0m ✓ Extracted 0 tasks from "autotools.bbclass" for recipe "minicom_2.8.bb"
[2m2025-11-29T15:28:40.769671Z[0m [32m INFO[0m [2mconvenient_bitbake::pipeline[0m[2m:[0m ✓ Extracted 0 tasks from "useradd.bbclass" for recipe "cronie_1.6.1.bb"
[2m2025-11-29T15:28:40.769684Z[0m [32m INFO[0m [2mconvenient_bitbake::pipeline[0m[2m:[0m ✓ Extracted 0 tasks from "autotools.bbclass" for recipe "iptables_1.8.7.bb"
[2m2025-11-29T15:28:40.770058Z[0m [32m INFO[0m [2mconvenient_bitbake::pipeline[0m[2m:[0m ✓ Extracted 1 tasks from "gtk-doc.bbclass" for recipe "libidn2_2.3.2.bb"
[2m2025-11-29T15:28:40.770468Z[0m [32m INFO[0m [2mconvenient_bitbake::pipeline[0m[2m:[0m ✓ Extracted 6 tasks from "ptest.bbclass" for recipe "bzip2_1.0.8.bb"
[2m2025-11-29T15:28:40.771567Z[0m [32m INFO[0m [2mconvenient_bitbake::pipeline[0m[2m:[0m Recipe "libidn2_2.3.2.bb": 2 tasks total (1 from main, 1 from includes), 6 helpers total (0 from main, 6 from includes)
[2m2025-11-29T15:28:40.771759Z[0m [32m INFO[0m [2mconvenient_bitbake::pipeline[0m[2m:[0m Recipe "libnsl2_git.bb": 0 tasks total (0 from main, 0 from includes), 6 helpers total (0 from main, 6 from includes)
[2m2025-11-29T15:28:40.771874Z[0m [32m INFO[0m [2mconvenient_bitbake::pipeline[0m[2m:[0m ✓ Extracted 0 tasks from "autotools.bbclass" for recipe "msmtp_1.8.20.bb"
[2m2025-11-29T15:28:40.772157Z[0m [32m INFO[0m [2mconvenient_bitbake::pipeline[0m[2m:[0m Recipe "bzip2_1.0.8.bb": 7 tasks total (2 from main, 5 from includes), 6 helpers total (0 from main, 6 from includes)
[2m2025-11-29T15:28:40.776144Z[0m [32m INFO[0m [2mconvenient_bitbake::pipeline[0m[2m:[0m Recipe "cpio_2.14.bb": 1 tasks total (1 from main, 0 from includes), 6 helpers total (0 from main, 6 from includes)
[2m2025-11-29T15:28:40.776654Z[0m [32m INFO[0m [2mconvenient_bitbake::pipeline[0m[2m:[0m ✓ Extracted 6 tasks from "ptest.bbclass" for recipe "mdadm_4.2.bb"
[2m2025-11-29T15:28:40.776646Z[0m [32m INFO[0m [2mconvenient_bitbake::pipeline[0m[2m:[0m ✓ Extracted 1 tasks from "meson.bbclass" for recipe "iputils_20211215.bb"
[2m2025-11-29T15:28:40.777263Z[0m [32m INFO[0m [2mconvenient_bitbake::pipeline[0m[2m:[0m ✓ Extracted 0 tasks from "cpan.bbclass" for recipe "libxml-namespacesupport-perl_1.12.bb"
[2m2025-11-29T15:28:40.778317Z[0m [32m INFO[0m [2mconvenient_bitbake::pipeline[0m[2m:[0m ✓ Extracted 0 tasks from "autotools.bbclass" for recipe "libpipeline_1.5.5.bb"
[2m2025-11-29T15:28:40.778327Z[0m [32m INFO[0m [2mconvenient_bitbake::pipeline[0m[2m:[0m ✓ Extracted 0 tasks from "cmake.bbclass" for recipe "libsolv_0.7.22.bb"
[2m2025-11-29T15:28:40.778376Z[0m [32m INFO[0m [2mconvenient_bitbake::pipeline[0m[2m:[0m Recipe "minicom_2.8.bb": 1 tasks total (1 from main, 0 from includes), 6 helpers total (0 from main, 6 from includes)
[2m2025-11-29T15:28:40.778399Z[0m [32m INFO[0m [2mconvenient_bitbake::pipeline[0m[2m:[0m Recipe "libpipeline_1.5.5.bb": 0 tasks total (0 from main, 0 from includes), 6 helpers total (0 from main, 6 from includes)
[2m2025-11-29T15:28:40.778462Z[0m [32m INFO[0m [2mconvenient_bitbake::pipeline[0m[2m:[0m Recipe "libsolv_0.7.22.bb": 0 tasks total (0 from main, 0 from includes), 6 helpers total (0 from main, 6 from includes)
[2m2025-11-29T15:28:40.778636Z[0m [32m INFO[0m [2mconvenient_bitbake::pipeline[0m[2m:[0m Recipe "bc_1.07.1.bb": 1 tasks total (1 from main, 0 from includes), 6 helpers total (0 from main, 6 from includes)
[2m2025-11-29T15:28:40.778693Z[0m [32m INFO[0m [2mconvenient_bitbake::pipeline[0m[2m:[0m ✓ Extracted 0 tasks from "update-rc.d.bbclass" for recipe "lighttpd_1.4.67.bb"
[2m2025-11-29T15:28:40.779378Z[0m [32m INFO[0m [2mconvenient_bitbake::pipeline[0m[2m:[0m ✓ Extracted 1 tasks from "ptest-perl.bbclass" for recipe "libxml-namespacesupport-perl_1.12.bb"
[2m2025-11-29T15:28:40.779417Z[0m [32m INFO[0m [2mconvenient_bitbake::pipeline[0m[2m:[0m Recipe "libxml-namespacesupport-perl_1.12.bb": 1 tasks total (0 from main, 1 from includes), 3 helpers total (0 from main, 3 from includes)
[2m2025-11-29T15:28:40.780593Z[0m [32m INFO[0m [2mconvenient_bitbake::pipeline[0m[2m:[0m ✓ Extracted 0 tasks from "cpan.bbclass" for recipe "libconvert-asn1-perl_0.33.bb"
[2m2025-11-29T15:28:40.781993Z[0m [32m INFO[0m [2mconvenient_bitbake::pipeline[0m[2m:[0m ✓ Extracted 0 tasks from "cpan.bbclass" for recipe "libxml-sax-base-perl_1.09.bb"
[2m2025-11-29T15:28:40.782195Z[0m [32m INFO[0m [2mconvenient_bitbake::pipeline[0m[2m:[0m ✓ Extracted 0 tasks from "cpan.bbclass" for recipe "libxml-sax-perl_1.02.bb"
[2m2025-11-29T15:28:40.782884Z[0m [32m INFO[0m [2mconvenient_bitbake::pipeline[0m[2m:[0m ✓ Extracted 1 tasks from "ptest-perl.bbclass" for recipe "libconvert-asn1-perl_0.33.bb"
[2m2025-11-29T15:28:40.782901Z[0m [32m INFO[0m [2mconvenient_bitbake::pipeline[0m[2m:[0m ✓ Extracted 0 tasks from "cpan.bbclass" for recipe "libtimedate-perl_2.30.bb"
[2m2025-11-29T15:28:40.782912Z[0m [32m INFO[0m [2mconvenient_bitbake::pipeline[0m[2m:[0m Recipe "libconvert-asn1-perl_0.33.bb": 1 tasks total (0 from main, 1 from includes), 3 helpers total (0 from main, 3 from includes)
[2m2025-11-29T15:28:40.784098Z[0m [32m INFO[0m [2mconvenient_bitbake::pipeline[0m[2m:[0m ✓ Extracted 1 tasks from "ptest-perl.bbclass" for recipe "libxml-sax-perl_1.02.bb"
[2m2025-11-29T15:28:40.784185Z[0m [32m INFO[0m [2mconvenient_bitbake::pipeline[0m[2m:[0m Recipe "libxml-sax-perl_1.02.bb": 2 tasks total (1 from main, 1 from includes), 3 helpers total (0 from main, 3 from includes)
[2m2025-11-29T15:28:40.784413Z[0m [32m INFO[0m [2mconvenient_bitbake::pipeline[0m[2m:[0m ✓ Extracted 1 tasks from "ptest-perl.bbclass" for recipe "libxml-sax-base-perl_1.09.bb"
[2m2025-11-29T15:28:40.784500Z[0m [32m INFO[0m [2mconvenient_bitbake::pipeline[0m[2m:[0m Recipe "libxml-sax-base-perl_1.09.bb": 1 tasks total (0 from main, 1 from includes), 3 helpers total (0 from main, 3 from includes)
[2m2025-11-29T15:28:40.785228Z[0m [32m INFO[0m [2mconvenient_bitbake::pipeline[0m[2m:[0m Recipe "less_600.bb": 1 tasks total (1 from main, 0 from includes), 6 helpers total (0 from main, 6 from includes)
[2m2025-11-29T15:28:40.786542Z[0m [32m INFO[0m [2mconvenient_bitbake::pipeline[0m[2m:[0m Recipe "python3_3.10.19.bb": 9 tasks total (4 from main, 5 from includes), 10 helpers total (3 from main, 7 from includes)
[2m2025-11-29T15:28:40.786668Z[0m [32m INFO[0m [2mconvenient_bitbake::pipeline[0m[2m:[0m ✓ Extracted 0 tasks from "autotools.bbclass" for recipe "mc_4.8.27.bb"
[2m2025-11-29T15:28:40.788772Z[0m [32m INFO[0m [2mconvenient_bitbake::pipeline[0m[2m:[0m ✓ Extracted 0 tasks from "autotools.bbclass" for recipe "man-db_2.10.2.bb"
[2m2025-11-29T15:28:40.789663Z[0m [32m INFO[0m [2mconvenient_bitbake::pipeline[0m[2m:[0m ✓ Extracted 1 tasks from "psmisc.inc" for recipe "psmisc_23.4.bb"
[2m2025-11-29T15:28:40.789785Z[0m [32m INFO[0m [2mconvenient_bitbake::pipeline[0m[2m:[0m Recipe "psmisc_23.4.bb": 1 tasks total (0 from main, 1 from includes), 0 helpers total (0 from main, 0 from includes)
[2m2025-11-29T15:28:40.790165Z[0m [32m INFO[0m [2mconvenient_bitbake::pipeline[0m[2m:[0m ✓ Extracted 1 tasks from "ptest-perl.bbclass" for recipe "libtimedate-perl_2.30.bb"
[2m2025-11-29T15:28:40.790216Z[0m [32m INFO[0m [2mconvenient_bitbake::pipeline[0m[2m:[0m Recipe "libtimedate-perl_2.30.bb": 1 tasks total (0 from main, 1 from includes), 3 helpers total (0 from main, 3 from includes)
[2m2025-11-29T15:28:40.791512Z[0m [32m INFO[0m [2mconvenient_bitbake::pipeline[0m[2m:[0m ✓ Extracted 2 tasks from "sysstat.inc" for recipe "sysstat_12.4.5.bb"
[2m2025-11-29T15:28:40.791553Z[0m [32m INFO[0m [2mconvenient_bitbake::pipeline[0m[2m:[0m Recipe "sysstat_12.4.5.bb": 2 tasks total (0 from main, 2 from includes), 0 helpers total (0 from main, 0 from includes)
[2m2025-11-29T15:28:40.792748Z[0m [32m INFO[0m [2mconvenient_bitbake::pipeline[0m[2m:[0m ✓ Extracted 0 tasks from "binconfig.bbclass" for recipe "tcl_8.6.11.bb"
[2m2025-11-29T15:28:40.792835Z[0m [32m INFO[0m [2mconvenient_bitbake::pipeline[0m[2m:[0m ✓ Extracted 0 tasks from "systemd.bbclass" for recipe "lighttpd_1.4.67.bb"
[2m2025-11-29T15:28:40.795121Z[0m [32m INFO[0m [2mconvenient_bitbake::pipeline[0m[2m:[0m ✓ Extracted 0 tasks from "autotools.bbclass" for recipe "screen_4.9.0.bb"
[2m2025-11-29T15:28:40.792991Z[0m [32m INFO[0m [2mconvenient_bitbake::pipeline[0m[2m:[0m Recipe "tcl_8.6.11.bb": 7 tasks total (3 from main, 4 from includes), 9 helpers total (1 from main, 8 from includes)
[2m2025-11-29T15:28:40.845283Z[0m [32m INFO[0m [2mconvenient_bitbake::pipeline[0m[2m:[0m ✓ Extracted 0 tasks from "autotools.bbclass" for recipe "sed_4.8.bb"
[2m2025-11-29T15:28:40.792995Z[0m [32m INFO[0m [2mconvenient_bitbake::pipeline[0m[2m:[0m ✓ Extracted 0 tasks from "systemd.bbclass" for recipe "logrotate_3.20.1.bb"
[2m2025-11-29T15:28:40.845289Z[0m [32m INFO[0m [2mconvenient_bitbake::pipeline[0m[2m:[0m Recipe "lighttpd_1.4.67.bb": 2 tasks total (1 from main, 1 from includes), 8 helpers total (0 from main, 8 from includes)
[2m2025-11-29T15:28:40.845460Z[0m [32m INFO[0m [2mconvenient_bitbake::pipeline[0m[2m:[0m Recipe "logrotate_3.20.1.bb": 1 tasks total (1 from main, 0 from includes), 8 helpers total (0 from main, 8 from includes)
[2m2025-11-29T15:28:40.845603Z[0m [32m INFO[0m [2mconvenient_bitbake::pipeline[0m[2m:[0m ✓ Extracted 0 tasks from "autotools.bbclass" for recipe "libpam_1.5.2.bb"
[2m2025-11-29T15:28:40.845826Z[0m [32m INFO[0m [2mconvenient_bitbake::pipeline[0m[2m:[0m Recipe "mc_4.8.27.bb": 1 tasks total (1 from main, 0 from includes), 6 helpers total (0 from main, 6 from includes)
[2m2025-11-29T15:28:40.846118Z[0m [32m INFO[0m [2mconvenient_bitbake::pipeline[0m[2m:[0m ✓ Extracted 0 tasks from "systemd.bbclass" for recipe "iptables_1.8.7.bb"
[2m2025-11-29T15:28:40.846201Z[0m [32m INFO[0m [2mconvenient_bitbake::pipeline[0m[2m:[0m Recipe "iptables_1.8.7.bb": 2 tasks total (2 from main, 0 from includes), 8 helpers total (0 from main, 8 from includes)
[2m2025-11-29T15:28:40.847438Z[0m [32m INFO[0m [2mconvenient_bitbake::pipeline[0m[2m:[0m Recipe "screen_4.9.0.bb": 1 tasks total (1 from main, 0 from includes), 6 helpers total (0 from main, 6 from includes)
[2m2025-11-29T15:28:40.849232Z[0m [32m INFO[0m [2mconvenient_bitbake::pipeline[0m[2m:[0m Recipe "grep_3.7.bb": 2 tasks total (2 from main, 0 from includes), 6 helpers total (0 from main, 6 from includes)
[2m2025-11-29T15:28:40.850247Z[0m [32m INFO[0m [2mconvenient_bitbake::pipeline[0m[2m:[0m ✓ Extracted 0 tasks from "autotools.bbclass" for recipe "rpcsvc-proto.bb"
[2m2025-11-29T15:28:40.851917Z[0m [32m INFO[0m [2mconvenient_bitbake::pipeline[0m[2m:[0m ✓ Extracted 0 tasks from "systemd.bbclass" for recipe "mdadm_4.2.bb"
[2m2025-11-29T15:28:40.852015Z[0m [32m INFO[0m [2mconvenient_bitbake::pipeline[0m[2m:[0m Recipe "mdadm_4.2.bb": 8 tasks total (5 from main, 3 from includes), 2 helpers total (0 from main, 2 from includes)
[2m2025-11-29T15:28:40.852167Z[0m [32m INFO[0m [2mconvenient_bitbake::pipeline[0m[2m:[0m Recipe "msmtp_1.8.20.bb": 0 tasks total (0 from main, 0 from includes), 6 helpers total (0 from main, 6 from includes)
[2m2025-11-29T15:28:40.852535Z[0m [32m INFO[0m [2mconvenient_bitbake::pipeline[0m[2m:[0m Recipe "libarchive_3.6.2.bb": 1 tasks total (1 from main, 0 from includes), 6 helpers total (0 from main, 6 from includes)
[2m2025-11-29T15:28:40.852562Z[0m [32m INFO[0m [2mconvenient_bitbake::pipeline[0m[2m:[0m Recipe "rpcsvc-proto.bb": 2 tasks total (2 from main, 0 from includes), 6 helpers total (0 from main, 6 from includes)
[2m2025-11-29T15:28:40.853211Z[0m [32m INFO[0m [2mconvenient_bitbake::pipeline[0m[2m:[0m ✓ Extracted 0 tasks from "autotools.bbclass" for recipe "rpcbind_1.2.6.bb"
[2m2025-11-29T15:28:40.853656Z[0m [32m INFO[0m [2mconvenient_bitbake::pipeline[0m[2m:[0m ✓ Extracted 0 tasks from "autotools.bbclass" for recipe "procps_3.3.17.bb"
[2m2025-11-29T15:28:40.856081Z[0m [32m INFO[0m [2mconvenient_bitbake::pipeline[0m[2m:[0m ✓ Extracted 2 tasks from "sudo.inc" for recipe "sudo_1.9.17p1.bb"
[2m2025-11-29T15:28:40.856136Z[0m [32m INFO[0m [2mconvenient_bitbake::pipeline[0m[2m:[0m Recipe "sudo_1.9.17p1.bb": 3 tasks total (1 from main, 2 from includes), 0 helpers total (0 from main, 0 from includes)
[2m2025-11-29T15:28:40.856228Z[0m [32m INFO[0m [2mconvenient_bitbake::pipeline[0m[2m:[0m ✓ Extracted 2 tasks from "shadow.inc" for recipe "shadow_4.11.1.bb"
[2m2025-11-29T15:28:40.856267Z[0m [32m INFO[0m [2mconvenient_bitbake::pipeline[0m[2m:[0m Recipe "shadow_4.11.1.bb": 2 tasks total (0 from main, 2 from includes), 0 helpers total (0 from main, 0 from includes)
[2m2025-11-29T15:28:40.856884Z[0m [32m INFO[0m [2mconvenient_bitbake::pipeline[0m[2m:[0m ✓ Extracted 6 tasks from "ptest.bbclass" for recipe "gawk_5.1.1.bb"
[2m2025-11-29T15:28:40.856944Z[0m [32m INFO[0m [2mconvenient_bitbake::pipeline[0m[2m:[0m Recipe "gawk_5.1.1.bb": 7 tasks total (2 from main, 5 from includes), 6 helpers total (0 from main, 6 from includes)
[2m2025-11-29T15:28:40.857616Z[0m [32m INFO[0m [2mconvenient_bitbake::pipeline[0m[2m:[0m ✓ Extracted 1 tasks from "native.bbclass" for recipe "texinfo-dummy-native.bb"
[2m2025-11-29T15:28:40.857695Z[0m [32m INFO[0m [2mconvenient_bitbake::pipeline[0m[2m:[0m Recipe "texinfo-dummy-native.bb": 3 tasks total (2 from main, 1 from includes), 0 helpers total (0 from main, 0 from includes)
[2m2025-11-29T15:28:40.860319Z[0m [32m INFO[0m [2mconvenient_bitbake::pipeline[0m[2m:[0m   Progress: 500/884 recipes parsed (56.6%)
[2m2025-11-29T15:28:40.861418Z[0m [32m INFO[0m [2mconvenient_bitbake::pipeline[0m[2m:[0m ✓ Extracted 6 tasks from "ptest.bbclass" for recipe "slang_2.3.2.bb"
[2m2025-11-29T15:28:40.861465Z[0m [32m INFO[0m [2mconvenient_bitbake::pipeline[0m[2m:[0m Recipe "slang_2.3.2.bb": 7 tasks total (3 from main, 4 from includes), 0 helpers total (0 from main, 0 from includes)
[2m2025-11-29T15:28:40.862319Z[0m [32m INFO[0m [2mconvenient_bitbake::pipeline[0m[2m:[0m ✓ Extracted 0 tasks from "setuptools3.bbclass" for recipe "gi-docgen_git.bb"
[2m2025-11-29T15:28:40.862368Z[0m [32m INFO[0m [2mconvenient_bitbake::pipeline[0m[2m:[0m Recipe "gi-docgen_git.bb": 0 tasks total (0 from main, 0 from includes), 3 helpers total (0 from main, 3 from includes)
[2m2025-11-29T15:28:40.863160Z[0m [32m INFO[0m [2mconvenient_bitbake::pipeline[0m[2m:[0m ✓ Extracted 1 tasks from "gnomebase.bbclass" for recipe "gcr_3.40.0.bb"
[2m2025-11-29T15:28:40.863199Z[0m [32m INFO[0m [2mconvenient_bitbake::pipeline[0m[2m:[0m ✓ Extracted 0 tasks from "update-rc.d.bbclass" for recipe "sysklogd_2.3.0.bb"
[2m2025-11-29T15:28:40.864644Z[0m [32m INFO[0m [2mconvenient_bitbake::pipeline[0m[2m:[0m ✓ Extracted 0 tasks from "systemd.bbclass" for recipe "cronie_1.6.1.bb"
[2m2025-11-29T15:28:40.864776Z[0m [32m INFO[0m [2mconvenient_bitbake::pipeline[0m[2m:[0m Recipe "cronie_1.6.1.bb": 1 tasks total (1 from main, 0 from includes), 13 helpers total (0 from main, 13 from includes)
[2m2025-11-29T15:28:40.864807Z[0m [32m INFO[0m [2mconvenient_bitbake::pipeline[0m[2m:[0m ✓ Extracted 0 tasks from "autotools.bbclass" for recipe "parted_3.4.bb"
[2m2025-11-29T15:28:40.865167Z[0m [32m INFO[0m [2mconvenient_bitbake::pipeline[0m[2m:[0m ✓ Extracted 1 tasks from "gnomebase.bbclass" for recipe "gsettings-desktop-schemas_42.0.bb"
[2m2025-11-29T15:28:40.865728Z[0m [32m INFO[0m [2mconvenient_bitbake::pipeline[0m[2m:[0m ✓ Extracted 0 tasks from "autotools.bbclass" for recipe "which_2.21.bb"
[2m2025-11-29T15:28:40.865867Z[0m [32m INFO[0m [2mconvenient_bitbake::pipeline[0m[2m:[0m ✓ Extracted 0 tasks from "update-rc.d.bbclass" for recipe "rpcbind_1.2.6.bb"
[2m2025-11-29T15:28:40.866014Z[0m [32m INFO[0m [2mconvenient_bitbake::pipeline[0m[2m:[0m ✓ Extracted 0 tasks from "autotools.bbclass" for recipe "tar_1.35.bb"
[2m2025-11-29T15:28:40.866655Z[0m [32m INFO[0m [2mconvenient_bitbake::pipeline[0m[2m:[0m ✓ Extracted 1 tasks from "gnomebase.bbclass" for recipe "gconf_3.2.6.bb"
[2m2025-11-29T15:28:40.868451Z[0m [32m INFO[0m [2mconvenient_bitbake::pipeline[0m[2m:[0m ✓ Extracted 0 tasks from "autotools.bbclass" for recipe "watchdog_5.16.bb"
[2m2025-11-29T15:28:40.868840Z[0m [32m INFO[0m [2mconvenient_bitbake::pipeline[0m[2m:[0m ✓ Extracted 0 tasks from "gtk-icon-cache.bbclass" for recipe "gcr_3.40.0.bb"
[2m2025-11-29T15:28:40.869212Z[0m [32m INFO[0m [2mconvenient_bitbake::pipeline[0m[2m:[0m ✓ Extracted 1 tasks from "gnomebase.bbclass" for recipe "gtk-doc_1.33.2.bb"
[2m2025-11-29T15:28:40.869254Z[0m [32m INFO[0m [2mconvenient_bitbake::pipeline[0m[2m:[0m Recipe "gtk-doc_1.33.2.bb": 3 tasks total (2 from main, 1 from includes), 1 helpers total (1 from main, 0 from includes)
[2m2025-11-29T15:28:40.870243Z[0m [32m INFO[0m [2mconvenient_bitbake::pipeline[0m[2m:[0m ✓ Extracted 2 tasks from "gtk+3.inc" for recipe "gtk+3_3.24.34.bb"
[2m2025-11-29T15:28:40.870294Z[0m [32m INFO[0m [2mconvenient_bitbake::pipeline[0m[2m:[0m Recipe "gtk+3_3.24.34.bb": 2 tasks total (0 from main, 2 from includes), 1 helpers total (0 from main, 1 from includes)
[2m2025-11-29T15:28:40.871481Z[0m [32m INFO[0m [2mconvenient_bitbake::pipeline[0m[2m:[0m ✓ Extracted 0 tasks from "autotools.bbclass" for recipe "xz_5.2.6.bb"
[2m2025-11-29T15:28:40.871615Z[0m [32m INFO[0m [2mconvenient_bitbake::pipeline[0m[2m:[0m ✓ Extracted 1 tasks from "gnomebase.bbclass" for recipe "json-glib_1.6.6.bb"
[2m2025-11-29T15:28:40.872416Z[0m [32m INFO[0m [2mconvenient_bitbake::pipeline[0m[2m:[0m ✓ Extracted 0 tasks from "autotools.bbclass" for recipe "texinfo_6.8.bb"
[2m2025-11-29T15:28:40.872657Z[0m [32m INFO[0m [2mconvenient_bitbake::pipeline[0m[2m:[0m ✓ Extracted 1 tasks from "gnomebase.bbclass" for recipe "libnotify_0.7.9.bb"
[2m2025-11-29T15:28:40.872895Z[0m [32m INFO[0m [2mconvenient_bitbake::pipeline[0m[2m:[0m ✓ Extracted 1 tasks from "gnomebase.bbclass" for recipe "libdazzle_3.44.0.bb"
[2m2025-11-29T15:28:40.873889Z[0m [32m INFO[0m [2mconvenient_bitbake::pipeline[0m[2m:[0m ✓ Extracted 1 tasks from "gtk-doc.bbclass" for recipe "gconf_3.2.6.bb"
[2m2025-11-29T15:28:40.874329Z[0m [32m INFO[0m [2mconvenient_bitbake::pipeline[0m[2m:[0m ✓ Extracted 1 tasks from "meson.bbclass" for recipe "gdk-pixbuf_2.42.10.bb"
[2m2025-11-29T15:28:40.874805Z[0m [32m INFO[0m [2mconvenient_bitbake::pipeline[0m[2m:[0m ✓ Extracted 1 tasks from "gnomebase.bbclass" for recipe "libsecret_0.20.5.bb"
[2m2025-11-29T15:28:40.876038Z[0m [32m INFO[0m [2mconvenient_bitbake::pipeline[0m[2m:[0m ✓ Extracted 1 tasks from "gnomebase.bbclass" for recipe "libgudev_237.bb"
[2m2025-11-29T15:28:40.876097Z[0m [32m INFO[0m [2mconvenient_bitbake::pipeline[0m[2m:[0m ✓ Extracted 0 tasks from "gsettings.bbclass" for recipe "gsettings-desktop-schemas_42.0.bb"
[2m2025-11-29T15:28:40.876170Z[0m [32m INFO[0m [2mconvenient_bitbake::pipeline[0m[2m:[0m ✓ Extracted 0 tasks from "multilib_script.bbclass" for recipe "texinfo_6.8.bb"
[2m2025-11-29T15:28:40.876212Z[0m [32m INFO[0m [2mconvenient_bitbake::pipeline[0m[2m:[0m Recipe "texinfo_6.8.bb": 3 tasks total (3 from main, 0 from includes), 7 helpers total (0 from main, 7 from includes)
[2m2025-11-29T15:28:40.878060Z[0m [32m INFO[0m [2mconvenient_bitbake::pipeline[0m[2m:[0m ✓ Extracted 0 tasks from "autotools.bbclass" for recipe "hicolor-icon-theme_0.17.bb"
[2m2025-11-29T15:28:40.878112Z[0m [32m INFO[0m [2mconvenient_bitbake::pipeline[0m[2m:[0m Recipe "hicolor-icon-theme_0.17.bb": 0 tasks total (0 from main, 0 from includes), 6 helpers total (0 from main, 6 from includes)
[2m2025-11-29T15:28:40.879921Z[0m [32m INFO[0m [2mconvenient_bitbake::pipeline[0m[2m:[0m ✓ Extracted 0 tasks from "systemd.bbclass" for recipe "iputils_20211215.bb"
[2m2025-11-29T15:28:40.880073Z[0m [32m INFO[0m [2mconvenient_bitbake::pipeline[0m[2m:[0m ✓ Extracted 0 tasks from "autotools.bbclass" for recipe "adwaita-icon-theme_41.0.bb"
[2m2025-11-29T15:28:40.880219Z[0m [32m INFO[0m [2mconvenient_bitbake::pipeline[0m[2m:[0m ✓ Extracted 0 tasks from "autotools.bbclass" for recipe "xinetd_2.3.15.4.bb"
[2m2025-11-29T15:28:40.880511Z[0m [32m INFO[0m [2mconvenient_bitbake::pipeline[0m[2m:[0m ✓ Extracted 1 tasks from "native.bbclass" for recipe "tzcode-native.bb"
[2m2025-11-29T15:28:40.880557Z[0m [32m INFO[0m [2mconvenient_bitbake::pipeline[0m[2m:[0m Recipe "tzcode-native.bb": 2 tasks total (1 from main, 1 from includes), 0 helpers total (0 from main, 0 from includes)
[2m2025-11-29T15:28:40.881188Z[0m [32m INFO[0m [2mconvenient_bitbake::pipeline[0m[2m:[0m ✓ Extracted 1 tasks from "gnomebase.bbclass" for recipe "librsvg_2.52.10.bb"
[2m2025-11-29T15:28:40.881282Z[0m [32m INFO[0m [2mconvenient_bitbake::pipeline[0m[2m:[0m ✓ Extracted 0 tasks from "systemd.bbclass" for recipe "man-db_2.10.2.bb"
[2m2025-11-29T15:28:40.881467Z[0m [32m INFO[0m [2mconvenient_bitbake::pipeline[0m[2m:[0m Recipe "man-db_2.10.2.bb": 1 tasks total (1 from main, 0 from includes), 8 helpers total (0 from main, 8 from includes)
[2m2025-11-29T15:28:40.882480Z[0m [32m INFO[0m [2mconvenient_bitbake::pipeline[0m[2m:[0m ✓ Extracted 0 tasks from "update-rc.d.bbclass" for recipe "watchdog_5.16.bb"
[2m2025-11-29T15:28:40.883315Z[0m [32m INFO[0m [2mconvenient_bitbake::pipeline[0m[2m:[0m Recipe "gsettings-desktop-schemas_42.0.bb": 1 tasks total (0 from main, 1 from includes), 1 helpers total (0 from main, 1 from includes)
[2m2025-11-29T15:28:40.883824Z[0m [32m INFO[0m [2mconvenient_bitbake::pipeline[0m[2m:[0m ✓ Extracted 1 tasks from "vala.bbclass" for recipe "libdazzle_3.44.0.bb"
[2m2025-11-29T15:28:40.884269Z[0m [32m INFO[0m [2mconvenient_bitbake::pipeline[0m[2m:[0m ✓ Extracted 1 tasks from "gtk-doc.bbclass" for recipe "libnotify_0.7.9.bb"
[2m2025-11-29T15:28:40.884631Z[0m [32m INFO[0m [2mconvenient_bitbake::pipeline[0m[2m:[0m ✓ Extracted 1 tasks from "meson.bbclass" for recipe "libhandy_1.5.0.bb"
[2m2025-11-29T15:28:40.885413Z[0m [32m INFO[0m [2mconvenient_bitbake::pipeline[0m[2m:[0m ✓ Extracted 0 tasks from "systemd.bbclass" for recipe "libpam_1.5.2.bb"
[2m2025-11-29T15:28:40.885474Z[0m [32m INFO[0m [2mconvenient_bitbake::pipeline[0m[2m:[0m ✓ Extracted 1 tasks from "gnomebase.bbclass" for recipe "epiphany_42.4.bb"
[2m2025-11-29T15:28:40.886189Z[0m [32m INFO[0m [2mconvenient_bitbake::pipeline[0m[2m:[0m ✓ Extracted 1 tasks from "gtk-doc.bbclass" for recipe "gcr_3.40.0.bb"
[2m2025-11-29T15:28:40.887211Z[0m [32m INFO[0m [2mconvenient_bitbake::pipeline[0m[2m:[0m ✓ Extracted 0 tasks from "useradd.bbclass" for recipe "builder_0.1.bb"
[2m2025-11-29T15:28:40.887265Z[0m [32m INFO[0m [2mconvenient_bitbake::pipeline[0m[2m:[0m Recipe "builder_0.1.bb": 1 tasks total (1 from main, 0 from includes), 2 helpers total (0 from main, 2 from includes)
[2m2025-11-29T15:28:40.888131Z[0m [32m INFO[0m [2mconvenient_bitbake::pipeline[0m[2m:[0m ✓ Extracted 0 tasks from "update-rc.d.bbclass" for recipe "xinetd_2.3.15.4.bb"
[2m2025-11-29T15:28:40.888995Z[0m [32m INFO[0m [2mconvenient_bitbake::pipeline[0m[2m:[0m Recipe "json-glib_1.6.6.bb": 1 tasks total (0 from main, 1 from includes), 0 helpers total (0 from main, 0 from includes)
[2m2025-11-29T15:28:40.889200Z[0m [32m INFO[0m [2mconvenient_bitbake::pipeline[0m[2m:[0m ✓ Extracted 1 tasks from "gnomebase.bbclass" for recipe "cantarell-fonts_0.303.1.bb"
[2m2025-11-29T15:28:40.889419Z[0m [32m INFO[0m [2mconvenient_bitbake::pipeline[0m[2m:[0m ✓ Extracted 0 tasks from "gsettings.bbclass" for recipe "epiphany_42.4.bb"
[2m2025-11-29T15:28:40.891477Z[0m [32m INFO[0m [2mconvenient_bitbake::pipeline[0m[2m:[0m ✓ Extracted 0 tasks from "pixbufcache.bbclass" for recipe "gdk-pixbuf_2.42.10.bb"
[2m2025-11-29T15:28:40.891622Z[0m [32m INFO[0m [2mconvenient_bitbake::pipeline[0m[2m:[0m ✓ Extracted 0 tasks from "autotools.bbclass" for recipe "cairo_1.16.0.bb"
[2m2025-11-29T15:28:40.891923Z[0m [32m INFO[0m [2mconvenient_bitbake::pipeline[0m[2m:[0m Recipe "libnotify_0.7.9.bb": 2 tasks total (0 from main, 2 from includes), 0 helpers total (0 from main, 0 from includes)
[2m2025-11-29T15:28:40.891922Z[0m [32m INFO[0m [2mconvenient_bitbake::pipeline[0m[2m:[0m ✓ Extracted 1 tasks from "vala.bbclass" for recipe "libsecret_0.20.5.bb"
[2m2025-11-29T15:28:40.893452Z[0m [32m INFO[0m [2mconvenient_bitbake::pipeline[0m[2m:[0m Recipe "procps_3.3.17.bb": 2 tasks total (2 from main, 0 from includes), 6 helpers total (0 from main, 6 from includes)
[2m2025-11-29T15:28:40.894756Z[0m [32m INFO[0m [2mconvenient_bitbake::pipeline[0m[2m:[0m ✓ Extracted 1 tasks from "meson.bbclass" for recipe "cantarell-fonts_0.303.1.bb"
[2m2025-11-29T15:28:40.895447Z[0m [32m INFO[0m [2mconvenient_bitbake::pipeline[0m[2m:[0m ✓ Extracted 6 tasks from "ptest.bbclass" for recipe "parted_3.4.bb"
[2m2025-11-29T15:28:40.896857Z[0m [32m INFO[0m [2mconvenient_bitbake::pipeline[0m[2m:[0m ✓ Extracted 0 tasks from "gtk-icon-cache.bbclass" for recipe "adwaita-icon-theme_41.0.bb"
[2m2025-11-29T15:28:40.945100Z[0m [32m INFO[0m [2mconvenient_bitbake::pipeline[0m[2m:[0m ✓ Extracted 0 tasks from "gio-module-cache.bbclass" for recipe "gconf_3.2.6.bb"
[2m2025-11-29T15:28:40.945155Z[0m [32m INFO[0m [2mconvenient_bitbake::pipeline[0m[2m:[0m Recipe "gconf_3.2.6.bb": 2 tasks total (1 from main, 1 from includes), 1 helpers total (0 from main, 1 from includes)
[2m2025-11-29T15:28:40.945710Z[0m [32m INFO[0m [2mconvenient_bitbake::pipeline[0m[2m:[0m ✓ Extracted 1 tasks from "meson.bbclass" for recipe "gobject-introspection_1.72.0.bb"
[2m2025-11-29T15:28:40.946173Z[0m [32m INFO[0m [2mconvenient_bitbake::pipeline[0m[2m:[0m ✓ Extracted 0 tasks from "systemd.bbclass" for recipe "rpcbind_1.2.6.bb"
[2m2025-11-29T15:28:40.946563Z[0m [32m INFO[0m [2mconvenient_bitbake::pipeline[0m[2m:[0m ✓ Extracted 1 tasks from "vala.bbclass" for recipe "libhandy_1.5.0.bb"
[2m2025-11-29T15:28:40.946746Z[0m [32m INFO[0m [2mconvenient_bitbake::pipeline[0m[2m:[0m Recipe "tar_1.35.bb": 1 tasks total (1 from main, 0 from includes), 6 helpers total (0 from main, 6 from includes)
[2m2025-11-29T15:28:40.947692Z[0m [32m INFO[0m [2mconvenient_bitbake::pipeline[0m[2m:[0m Recipe "libdazzle_3.44.0.bb": 2 tasks total (0 from main, 2 from includes), 0 helpers total (0 from main, 0 from includes)
[2m2025-11-29T15:28:40.948432Z[0m [32m INFO[0m [2mconvenient_bitbake::pipeline[0m[2m:[0m ✓ Extracted 1 tasks from "meson.bbclass" for recipe "libdrm_2.4.110.bb"
[2m2025-11-29T15:28:40.948715Z[0m [32m INFO[0m [2mconvenient_bitbake::pipeline[0m[2m:[0m ✓ Extracted 1 tasks from "gnomebase.bbclass" for recipe "adwaita-icon-theme_41.0.bb"
[2m2025-11-29T15:28:40.948761Z[0m [32m INFO[0m [2mconvenient_bitbake::pipeline[0m[2m:[0m Recipe "adwaita-icon-theme_41.0.bb": 1 tasks total (0 from main, 1 from includes), 8 helpers total (0 from main, 8 from includes)
[2m2025-11-29T15:28:40.948777Z[0m [32m INFO[0m [2mconvenient_bitbake::pipeline[0m[2m:[0m ✓ Extracted 1 tasks from "gtk-doc.bbclass" for recipe "librsvg_2.52.10.bb"
[2m2025-11-29T15:28:40.950457Z[0m [32m INFO[0m [2mconvenient_bitbake::pipeline[0m[2m:[0m ✓ Extracted 1 tasks from "vala.bbclass" for recipe "gcr_3.40.0.bb"
[2m2025-11-29T15:28:40.950847Z[0m [32m INFO[0m [2mconvenient_bitbake::pipeline[0m[2m:[0m ✓ Extracted 0 tasks from "systemd.bbclass" for recipe "watchdog_5.16.bb"
[2m2025-11-29T15:28:40.951206Z[0m [32m INFO[0m [2mconvenient_bitbake::pipeline[0m[2m:[0m ✓ Extracted 0 tasks from "autotools.bbclass" for recipe "freetype_2.11.1.bb"
[2m2025-11-29T15:28:40.952777Z[0m [32m INFO[0m [2mconvenient_bitbake::pipeline[0m[2m:[0m Recipe "watchdog_5.16.bb": 1 tasks total (1 from main, 0 from includes), 11 helpers total (0 from main, 11 from includes)
[2m2025-11-29T15:28:40.953051Z[0m [32m INFO[0m [2mconvenient_bitbake::pipeline[0m[2m:[0m ✓ Extracted 0 tasks from "autotools.bbclass" for recipe "time_1.9.bb"
[2m2025-11-29T15:28:40.953165Z[0m [32m INFO[0m [2mconvenient_bitbake::pipeline[0m[2m:[0m Recipe "time_1.9.bb": 0 tasks total (0 from main, 0 from includes), 6 helpers total (0 from main, 6 from includes)
[2m2025-11-29T15:28:40.953235Z[0m [32m INFO[0m [2mconvenient_bitbake::pipeline[0m[2m:[0m ✓ Extracted 0 tasks from "pixbufcache.bbclass" for recipe "librsvg_2.52.10.bb"
[2m2025-11-29T15:28:40.953053Z[0m [32m INFO[0m [2mconvenient_bitbake::pipeline[0m[2m:[0m Recipe "libdrm_2.4.110.bb": 1 tasks total (0 from main, 1 from includes), 3 helpers total (0 from main, 3 from includes)
[2m2025-11-29T15:28:40.953618Z[0m [32m INFO[0m [2mconvenient_bitbake::pipeline[0m[2m:[0m ✓ Extracted 0 tasks from "mime-xdg.bbclass" for recipe "epiphany_42.4.bb"
[2m2025-11-29T15:28:40.953668Z[0m [32m INFO[0m [2mconvenient_bitbake::pipeline[0m[2m:[0m Recipe "epiphany_42.4.bb": 1 tasks total (0 from main, 1 from includes), 3 helpers total (0 from main, 3 from includes)
[2m2025-11-29T15:28:40.954183Z[0m [32m INFO[0m [2mconvenient_bitbake::pipeline[0m[2m:[0m ✓ Extracted 1 tasks from "gtk-doc.bbclass" for recipe "cairo_1.16.0.bb"
[2m2025-11-29T15:28:40.955516Z[0m [32m INFO[0m [2mconvenient_bitbake::pipeline[0m[2m:[0m ✓ Extracted 0 tasks from "multilib_header.bbclass" for recipe "freetype_2.11.1.bb"
[2m2025-11-29T15:28:40.955566Z[0m [32m INFO[0m [2mconvenient_bitbake::pipeline[0m[2m:[0m Recipe "freetype_2.11.1.bb": 1 tasks total (1 from main, 0 from includes), 7 helpers total (0 from main, 7 from includes)
[2m2025-11-29T15:28:40.957207Z[0m [32m INFO[0m [2mconvenient_bitbake::pipeline[0m[2m:[0m Recipe "iputils_20211215.bb": 1 tasks total (0 from main, 1 from includes), 5 helpers total (0 from main, 5 from includes)
[2m2025-11-29T15:28:40.957735Z[0m [32m INFO[0m [2mconvenient_bitbake::pipeline[0m[2m:[0m Recipe "xz_5.2.6.bb": 0 tasks total (0 from main, 0 from includes), 6 helpers total (0 from main, 6 from includes)
[2m2025-11-29T15:28:40.959036Z[0m [32m INFO[0m [2mconvenient_bitbake::pipeline[0m[2m:[0m Recipe "libsecret_0.20.5.bb": 2 tasks total (0 from main, 2 from includes), 0 helpers total (0 from main, 0 from includes)
[2m2025-11-29T15:28:40.959341Z[0m [32m INFO[0m [2mconvenient_bitbake::pipeline[0m[2m:[0m ✓ Extracted 0 tasks from "multilib_script.bbclass" for recipe "cairo_1.16.0.bb"
[2m2025-11-29T15:28:40.959398Z[0m [32m INFO[0m [2mconvenient_bitbake::pipeline[0m[2m:[0m Recipe "cairo_1.16.0.bb": 2 tasks total (1 from main, 1 from includes), 7 helpers total (0 from main, 7 from includes)
[2m2025-11-29T15:28:40.960175Z[0m [32m INFO[0m [2mconvenient_bitbake::pipeline[0m[2m:[0m Recipe "gdk-pixbuf_2.42.10.bb": 3 tasks total (2 from main, 1 from includes), 6 helpers total (0 from main, 6 from includes)
[2m2025-11-29T15:28:40.960500Z[0m [32m INFO[0m [2mconvenient_bitbake::pipeline[0m[2m:[0m ✓ Extracted 1 tasks from "gtk-doc.bbclass" for recipe "libhandy_1.5.0.bb"
[2m2025-11-29T15:28:40.960514Z[0m [32m INFO[0m [2mconvenient_bitbake::pipeline[0m[2m:[0m ✓ Extracted 6 tasks from "ptest.bbclass" for recipe "libpam_1.5.2.bb"
[2m2025-11-29T15:28:40.960594Z[0m [32m INFO[0m [2mconvenient_bitbake::pipeline[0m[2m:[0m ✓ Extracted 1 tasks from "meson.bbclass" for recipe "libepoxy_1.5.10.bb"
[2m2025-11-29T15:28:40.960631Z[0m [32m INFO[0m [2mconvenient_bitbake::pipeline[0m[2m:[0m ✓ Extracted 1 tasks from "gtk-doc.bbclass" for recipe "gobject-introspection_1.72.0.bb"
[2m2025-11-29T15:28:40.961849Z[0m [32m INFO[0m [2mconvenient_bitbake::pipeline[0m[2m:[0m Recipe "which_2.21.bb": 1 tasks total (1 from main, 0 from includes), 6 helpers total (0 from main, 6 from includes)
[2m2025-11-29T15:28:40.961924Z[0m [32m INFO[0m [2mconvenient_bitbake::pipeline[0m[2m:[0m ✓ Extracted 1 tasks from "meson.bbclass" for recipe "kmscube_git.bb"
[2m2025-11-29T15:28:40.962121Z[0m [32m INFO[0m [2mconvenient_bitbake::pipeline[0m[2m:[0m ✓ Extracted 1 tasks from "meson.bbclass" for recipe "igt-gpu-tools_git.bb"
[2m2025-11-29T15:28:40.964439Z[0m [32m INFO[0m [2mconvenient_bitbake::pipeline[0m[2m:[0m ✓ Extracted 0 tasks from "autotools.bbclass" for recipe "libfakekey_git.bb"
[2m2025-11-29T15:28:40.964566Z[0m [32m INFO[0m [2mconvenient_bitbake::pipeline[0m[2m:[0m ✓ Extracted 0 tasks from "cmake.bbclass" for recipe "glslang_1.3.204.1.bb"
[2m2025-11-29T15:28:40.965273Z[0m [32m INFO[0m [2mconvenient_bitbake::pipeline[0m[2m:[0m Recipe "igt-gpu-tools_git.bb": 2 tasks total (1 from main, 1 from includes), 4 helpers total (1 from main, 3 from includes)
[2m2025-11-29T15:28:40.965312Z[0m [32m INFO[0m [2mconvenient_bitbake::pipeline[0m[2m:[0m ✓ Extracted 1 tasks from "gtk-doc.bbclass" for recipe "libgudev_237.bb"
[2m2025-11-29T15:28:40.965353Z[0m [32m INFO[0m [2mconvenient_bitbake::pipeline[0m[2m:[0m Recipe "libgudev_237.bb": 2 tasks total (0 from main, 2 from includes), 0 helpers total (0 from main, 0 from includes)
[2m2025-11-29T15:28:40.965922Z[0m [32m INFO[0m [2mconvenient_bitbake::pipeline[0m[2m:[0m ✓ Extracted 0 tasks from "systemd.bbclass" for recipe "xinetd_2.3.15.4.bb"
[2m2025-11-29T15:28:40.966480Z[0m [32m INFO[0m [2mconvenient_bitbake::pipeline[0m[2m:[0m Recipe "libpam_1.5.2.bb": 7 tasks total (3 from main, 4 from includes), 8 helpers total (0 from main, 8 from includes)
[2m2025-11-29T15:28:40.967067Z[0m [32m INFO[0m [2mconvenient_bitbake::pipeline[0m[2m:[0m Recipe "libhandy_1.5.0.bb": 2 tasks total (0 from main, 2 from includes), 3 helpers total (0 from main, 3 from includes)
[2m2025-11-29T15:28:40.967562Z[0m [32m INFO[0m [2mconvenient_bitbake::pipeline[0m[2m:[0m ✓ Extracted 1 tasks from "meson.bbclass" for recipe "libva-utils_2.14.0.bb"
[2m2025-11-29T15:28:40.967648Z[0m [32m INFO[0m [2mconvenient_bitbake::pipeline[0m[2m:[0m ✓ Extracted 0 tasks from "autotools.bbclass" for recipe "libmatchbox_1.12.bb"
[2m2025-11-29T15:28:40.967779Z[0m [32m INFO[0m [2mconvenient_bitbake::pipeline[0m[2m:[0m ✓ Extracted 1 tasks from "meson.bbclass" for recipe "harfbuzz_4.0.1.bb"
[2m2025-11-29T15:28:40.968476Z[0m [32m INFO[0m [2mconvenient_bitbake::pipeline[0m[2m:[0m ✓ Extracted 0 tasks from "fontcache.bbclass" for recipe "cantarell-fonts_0.303.1.bb"
[2m2025-11-29T15:28:40.970031Z[0m [32m INFO[0m [2mconvenient_bitbake::pipeline[0m[2m:[0m Recipe "cantarell-fonts_0.303.1.bb": 2 tasks total (0 from main, 2 from includes), 4 helpers total (0 from main, 4 from includes)
[2m2025-11-29T15:28:40.970317Z[0m [32m INFO[0m [2mconvenient_bitbake::pipeline[0m[2m:[0m Recipe "kmscube_git.bb": 1 tasks total (0 from main, 1 from includes), 3 helpers total (0 from main, 3 from includes)
[2m2025-11-29T15:28:40.971540Z[0m [32m INFO[0m [2mconvenient_bitbake::pipeline[0m[2m:[0m Recipe "xinetd_2.3.15.4.bb": 1 tasks total (1 from main, 0 from includes), 11 helpers total (0 from main, 11 from includes)
[2m2025-11-29T15:28:40.971987Z[0m [32m INFO[0m [2mconvenient_bitbake::pipeline[0m[2m:[0m Recipe "libepoxy_1.5.10.bb": 1 tasks total (0 from main, 1 from includes), 3 helpers total (0 from main, 3 from includes)
[2m2025-11-29T15:28:40.972004Z[0m [32m INFO[0m [2mconvenient_bitbake::pipeline[0m[2m:[0m ✓ Extracted 1 tasks from "vala.bbclass" for recipe "librsvg_2.52.10.bb"
[2m2025-11-29T15:28:40.972119Z[0m [32m INFO[0m [2mconvenient_bitbake::pipeline[0m[2m:[0m Recipe "librsvg_2.52.10.bb": 4 tasks total (2 from main, 2 from includes), 3 helpers total (0 from main, 3 from includes)
[2m2025-11-29T15:28:40.972593Z[0m [32m INFO[0m [2mconvenient_bitbake::pipeline[0m[2m:[0m Recipe "parted_3.4.bb": 6 tasks total (2 from main, 4 from includes), 6 helpers total (0 from main, 6 from includes)
[2m2025-11-29T15:28:40.973404Z[0m [32m INFO[0m [2mconvenient_bitbake::pipeline[0m[2m:[0m ✓ Extracted 0 tasks from "systemd.bbclass" for recipe "sysklogd_2.3.0.bb"
[2m2025-11-29T15:28:40.973812Z[0m [32m INFO[0m [2mconvenient_bitbake::pipeline[0m[2m:[0m Recipe "libva-utils_2.14.0.bb": 1 tasks total (0 from main, 1 from includes), 3 helpers total (0 from main, 3 from includes)
[2m2025-11-29T15:28:40.976526Z[0m [32m INFO[0m [2mconvenient_bitbake::pipeline[0m[2m:[0m Recipe "glslang_1.3.204.1.bb": 0 tasks total (0 from main, 0 from includes), 6 helpers total (0 from main, 6 from includes)
[2m2025-11-29T15:28:40.978159Z[0m [32m INFO[0m [2mconvenient_bitbake::pipeline[0m[2m:[0m ✓ Extracted 0 tasks from "cmake.bbclass" for recipe "libsdl2_2.0.20.bb"
[2m2025-11-29T15:28:40.978344Z[0m [32m INFO[0m [2mconvenient_bitbake::pipeline[0m[2m:[0m ✓ Extracted 1 tasks from "gnomebase.bbclass" for recipe "pango_1.50.4.bb"
[2m2025-11-29T15:28:40.978669Z[0m [32m INFO[0m [2mconvenient_bitbake::pipeline[0m[2m:[0m ✓ Extracted 0 tasks from "autotools.bbclass" for recipe "libglu_9.0.2.bb"
[2m2025-11-29T15:28:40.979808Z[0m [32m INFO[0m [2mconvenient_bitbake::pipeline[0m[2m:[0m ✓ Extracted 0 tasks from "autotools.bbclass" for recipe "sysklogd_2.3.0.bb"
[2m2025-11-29T15:28:40.979875Z[0m [32m INFO[0m [2mconvenient_bitbake::pipeline[0m[2m:[0m Recipe "sysklogd_2.3.0.bb": 1 tasks total (1 from main, 0 from includes), 11 helpers total (0 from main, 11 from includes)
[2m2025-11-29T15:28:40.982400Z[0m [32m INFO[0m [2mconvenient_bitbake::pipeline[0m[2m:[0m ✓ Extracted 1 tasks from "gobject-introspection-data.bbclass" for recipe "gobject-introspection_1.72.0.bb"
[2m2025-11-29T15:28:40.982573Z[0m [32m INFO[0m [2mconvenient_bitbake::pipeline[0m[2m:[0m ✓ Extracted 0 tasks from "autotools.bbclass" for recipe "matchbox-wm_1.2.2.bb"
[2m2025-11-29T15:28:40.982912Z[0m [32m INFO[0m [2mconvenient_bitbake::pipeline[0m[2m:[0m Recipe "libfakekey_git.bb": 0 tasks total (0 from main, 0 from includes), 6 helpers total (0 from main, 6 from includes)
[2m2025-11-29T15:28:40.983468Z[0m [32m INFO[0m [2mconvenient_bitbake::pipeline[0m[2m:[0m ✓ Extracted 1 tasks from "gtk-doc.bbclass" for recipe "harfbuzz_4.0.1.bb"
[2m2025-11-29T15:28:40.983723Z[0m [32m INFO[0m [2mconvenient_bitbake::pipeline[0m[2m:[0m Recipe "libmatchbox_1.12.bb": 0 tasks total (0 from main, 0 from includes), 6 helpers total (0 from main, 6 from includes)
[2m2025-11-29T15:28:40.983765Z[0m [32m INFO[0m [2mconvenient_bitbake::pipeline[0m[2m:[0m ✓ Extracted 1 tasks from "binconfig-disabled.bbclass" for recipe "libsdl2_2.0.20.bb"
[2m2025-11-29T15:28:40.983915Z[0m [32m INFO[0m [2mconvenient_bitbake::pipeline[0m[2m:[0m Recipe "libglu_9.0.2.bb": 0 tasks total (0 from main, 0 from includes), 6 helpers total (0 from main, 6 from includes)
[2m2025-11-29T15:28:40.984366Z[0m [32m INFO[0m [2mconvenient_bitbake::pipeline[0m[2m:[0m ✓ Extracted 0 tasks from "useradd.bbclass" for recipe "rpcbind_1.2.6.bb"
[2m2025-11-29T15:28:40.984407Z[0m [32m INFO[0m [2mconvenient_bitbake::pipeline[0m[2m:[0m Recipe "rpcbind_1.2.6.bb": 1 tasks total (1 from main, 0 from includes), 13 helpers total (0 from main, 13 from includes)
[2m2025-11-29T15:28:40.984661Z[0m [32m INFO[0m [2mconvenient_bitbake::pipeline[0m[2m:[0m ✓ Extracted 0 tasks from "cmake.bbclass" for recipe "spirv-tools_1.3.204.1.bb"
[2m2025-11-29T15:28:40.984752Z[0m [32m INFO[0m [2mconvenient_bitbake::pipeline[0m[2m:[0m ✓ Extracted 1 tasks from "mesa.inc" for recipe "mesa-gl_22.0.3.bb"
[2m2025-11-29T15:28:40.984831Z[0m [32m INFO[0m [2mconvenient_bitbake::pipeline[0m[2m:[0m Recipe "mesa-gl_22.0.3.bb": 1 tasks total (0 from main, 1 from includes), 0 helpers total (0 from main, 0 from includes)
[2m2025-11-29T15:28:40.984907Z[0m [32m INFO[0m [2mconvenient_bitbake::pipeline[0m[2m:[0m ✓ Extracted 0 tasks from "mime.bbclass" for recipe "gcr_3.40.0.bb"
[2m2025-11-29T15:28:40.984908Z[0m [32m INFO[0m [2mconvenient_bitbake::pipeline[0m[2m:[0m ✓ Extracted 6 tasks from "ptest.bbclass" for recipe "sed_4.8.bb"
[2m2025-11-29T15:28:40.985070Z[0m [32m INFO[0m [2mconvenient_bitbake::pipeline[0m[2m:[0m Recipe "sed_4.8.bb": 7 tasks total (3 from main, 4 from includes), 6 helpers total (0 from main, 6 from includes)
[2m2025-11-29T15:28:40.985314Z[0m [32m INFO[0m [2mconvenient_bitbake::pipeline[0m[2m:[0m Recipe "libsdl2_2.0.20.bb": 1 tasks total (0 from main, 1 from includes), 7 helpers total (0 from main, 7 from includes)
[2m2025-11-29T15:28:40.985720Z[0m [32m INFO[0m [2mconvenient_bitbake::pipeline[0m[2m:[0m ✓ Extracted 0 tasks from "autotools.bbclass" for recipe "fontconfig_2.13.1.bb"
[2m2025-11-29T15:28:40.987258Z[0m [32m INFO[0m [2mconvenient_bitbake::pipeline[0m[2m:[0m ✓ Extracted 0 tasks from "cmake.bbclass" for recipe "libjpeg-turbo_2.1.5.1.bb"
[2m2025-11-29T15:28:40.987682Z[0m [32m INFO[0m [2mconvenient_bitbake::pipeline[0m[2m:[0m ✓ Extracted 0 tasks from "multilib_script.bbclass" for recipe "gobject-introspection_1.72.0.bb"
[2m2025-11-29T15:28:40.987746Z[0m [32m INFO[0m [2mconvenient_bitbake::pipeline[0m[2m:[0m Recipe "gobject-introspection_1.72.0.bb": 4 tasks total (2 from main, 2 from includes), 7 helpers total (3 from main, 4 from includes)
[2m2025-11-29T15:28:40.987775Z[0m [32m INFO[0m [2mconvenient_bitbake::pipeline[0m[2m:[0m Recipe "harfbuzz_4.0.1.bb": 3 tasks total (1 from main, 2 from includes), 3 helpers total (0 from main, 3 from includes)
[2m2025-11-29T15:28:40.988260Z[0m [32m INFO[0m [2mconvenient_bitbake::pipeline[0m[2m:[0m ✓ Extracted 0 tasks from "fontcache.bbclass" for recipe "liberation-fonts_2.1.5.bb"
[2m2025-11-29T15:28:40.988315Z[0m [32m INFO[0m [2mconvenient_bitbake::pipeline[0m[2m:[0m ✓ Extracted 0 tasks from "cmake.bbclass" for recipe "vulkan-headers_1.3.204.1.bb"
[2m2025-11-29T15:28:40.988304Z[0m [32m INFO[0m [2mconvenient_bitbake::pipeline[0m[2m:[0m Recipe "spirv-tools_1.3.204.1.bb": 0 tasks total (0 from main, 0 from includes), 6 helpers total (0 from main, 6 from includes)
[2m2025-11-29T15:28:40.988359Z[0m [32m INFO[0m [2mconvenient_bitbake::pipeline[0m[2m:[0m Recipe "liberation-fonts_2.1.5.bb": 1 tasks total (1 from main, 0 from includes), 1 helpers total (0 from main, 1 from includes)
[2m2025-11-29T15:28:40.988396Z[0m [32m INFO[0m [2mconvenient_bitbake::pipeline[0m[2m:[0m Recipe "vulkan-headers_1.3.204.1.bb": 0 tasks total (0 from main, 0 from includes), 6 helpers total (0 from main, 6 from includes)
[2m2025-11-29T15:28:40.988454Z[0m [32m INFO[0m [2mconvenient_bitbake::pipeline[0m[2m:[0m Recipe "matchbox-wm_1.2.2.bb": 1 tasks total (1 from main, 0 from includes), 6 helpers total (0 from main, 6 from includes)
[2m2025-11-29T15:28:40.988875Z[0m [32m INFO[0m [2mconvenient_bitbake::pipeline[0m[2m:[0m Recipe "pango_1.50.4.bb": 2 tasks total (1 from main, 1 from includes), 0 helpers total (0 from main, 0 from includes)
[2m2025-11-29T15:28:40.990548Z[0m [32m INFO[0m [2mconvenient_bitbake::pipeline[0m[2m:[0m ✓ Extracted 0 tasks from "cmake.bbclass" for recipe "spirv-headers_1.3.204.1.bb"
[2m2025-11-29T15:28:40.990596Z[0m [32m INFO[0m [2mconvenient_bitbake::pipeline[0m[2m:[0m Recipe "spirv-headers_1.3.204.1.bb": 0 tasks total (0 from main, 0 from includes), 6 helpers total (0 from main, 6 from includes)
[2m2025-11-29T15:28:40.990841Z[0m [32m INFO[0m [2mconvenient_bitbake::pipeline[0m[2m:[0m Recipe "libjpeg-turbo_2.1.5.1.bb": 0 tasks total (0 from main, 0 from includes), 6 helpers total (0 from main, 6 from includes)
[2m2025-11-29T15:28:40.990887Z[0m [32m INFO[0m [2mconvenient_bitbake::pipeline[0m[2m:[0m ✓ Extracted 0 tasks from "autotools.bbclass" for recipe "mesa-demos_8.4.0.bb"
[2m2025-11-29T15:28:40.991211Z[0m [32m INFO[0m [2mconvenient_bitbake::pipeline[0m[2m:[0m ✓ Extracted 0 tasks from "mime-xdg.bbclass" for recipe "gcr_3.40.0.bb"
[2m2025-11-29T15:28:40.991260Z[0m [32m INFO[0m [2mconvenient_bitbake::pipeline[0m[2m:[0m Recipe "gcr_3.40.0.bb": 3 tasks total (1 from main, 2 from includes), 6 helpers total (0 from main, 6 from includes)
[2m2025-11-29T15:28:40.992075Z[0m [32m INFO[0m [2mconvenient_bitbake::pipeline[0m[2m:[0m ✓ Extracted 1 tasks from "meson.bbclass" for recipe "virglrenderer_0.9.1.bb"
[2m2025-11-29T15:28:40.992646Z[0m [32m INFO[0m [2mconvenient_bitbake::pipeline[0m[2m:[0m ✓ Extracted 1 tasks from "meson.bbclass" for recipe "libinput_1.19.4.bb"
[2m2025-11-29T15:28:40.992798Z[0m [32m INFO[0m [2mconvenient_bitbake::pipeline[0m[2m:[0m ✓ Extracted 0 tasks from "cmake.bbclass" for recipe "piglit_git.bb"
[2m2025-11-29T15:28:40.993255Z[0m [32m INFO[0m [2mconvenient_bitbake::pipeline[0m[2m:[0m ✓ Extracted 0 tasks from "fontcache.bbclass" for recipe "ttf-bitstream-vera_1.10.bb"
[2m2025-11-29T15:28:40.993309Z[0m [32m INFO[0m [2mconvenient_bitbake::pipeline[0m[2m:[0m Recipe "ttf-bitstream-vera_1.10.bb": 1 tasks total (1 from main, 0 from includes), 1 helpers total (0 from main, 1 from includes)
[2m2025-11-29T15:28:40.994448Z[0m [32m INFO[0m [2mconvenient_bitbake::pipeline[0m[2m:[0m ✓ Extracted 0 tasks from "cmake.bbclass" for recipe "vulkan-samples_git.bb"
[2m2025-11-29T15:28:40.994491Z[0m [32m INFO[0m [2mconvenient_bitbake::pipeline[0m[2m:[0m ✓ Extracted 1 tasks from "mesa.inc" for recipe "mesa_22.0.3.bb"
[2m2025-11-29T15:28:40.994545Z[0m [32m INFO[0m [2mconvenient_bitbake::pipeline[0m[2m:[0m Recipe "mesa_22.0.3.bb": 1 tasks total (0 from main, 1 from includes), 0 helpers total (0 from main, 0 from includes)
[2m2025-11-29T15:28:40.995460Z[0m [32m INFO[0m [2mconvenient_bitbake::pipeline[0m[2m:[0m ✓ Extracted 1 tasks from "meson.bbclass" for recipe "wayland-utils_1.0.0.bb"
[2m2025-11-29T15:28:40.995529Z[0m [32m INFO[0m [2mconvenient_bitbake::pipeline[0m[2m:[0m ✓ Extracted 0 tasks from "autotools.bbclass" for recipe "menu-cache_1.1.0.bb"
[2m2025-11-29T15:28:40.995926Z[0m [32m INFO[0m [2mconvenient_bitbake::pipeline[0m[2m:[0m Recipe "fontconfig_2.13.1.bb": 1 tasks total (1 from main, 0 from includes), 6 helpers total (0 from main, 6 from includes)
[2m2025-11-29T15:28:40.997635Z[0m [32m INFO[0m [2mconvenient_bitbake::pipeline[0m[2m:[0m ✓ Extracted 0 tasks from "autotools.bbclass" for recipe "startup-notification_0.12.bb"
[2m2025-11-29T15:28:40.997940Z[0m [32m INFO[0m [2mconvenient_bitbake::pipeline[0m[2m:[0m ✓ Extracted 0 tasks from "cmake.bbclass" for recipe "shaderc_2022.1.bb"
[2m2025-11-29T15:28:40.998661Z[0m [32m INFO[0m [2mconvenient_bitbake::pipeline[0m[2m:[0m ✓ Extracted 0 tasks from "update-rc.d.bbclass" for recipe "weston-init.bb"
[2m2025-11-29T15:28:40.999068Z[0m [32m INFO[0m [2mconvenient_bitbake::pipeline[0m[2m:[0m ✓ Extracted 1 tasks from "meson.bbclass" for recipe "wayland-protocols_1.25.bb"
[2m2025-11-29T15:28:40.999400Z[0m [32m INFO[0m [2mconvenient_bitbake::pipeline[0m[2m:[0m ✓ Extracted 0 tasks from "autotools.bbclass" for recipe "mtdev_1.1.6.bb"
[2m2025-11-29T15:28:41.000043Z[0m [32m INFO[0m [2mconvenient_bitbake::pipeline[0m[2m:[0m ✓ Extracted 1 tasks from "meson.bbclass" for recipe "waffle_1.7.2.bb"
[2m2025-11-29T15:28:41.000054Z[0m [32m INFO[0m [2mconvenient_bitbake::pipeline[0m[2m:[0m ✓ Extracted 0 tasks from "cmake.bbclass" for recipe "vulkan-tools_1.3.204.1.bb"
[2m2025-11-29T15:28:41.045818Z[0m [32m INFO[0m [2mconvenient_bitbake::pipeline[0m[2m:[0m Recipe "virglrenderer_0.9.1.bb": 1 tasks total (0 from main, 1 from includes), 3 helpers total (0 from main, 3 from includes)
[2m2025-11-29T15:28:41.046146Z[0m [32m INFO[0m [2mconvenient_bitbake::pipeline[0m[2m:[0m Recipe "wayland-utils_1.0.0.bb": 1 tasks total (0 from main, 1 from includes), 3 helpers total (0 from main, 3 from includes)
[2m2025-11-29T15:28:41.046767Z[0m [32m INFO[0m [2mconvenient_bitbake::pipeline[0m[2m:[0m ✓ Extracted 0 tasks from "cmake.bbclass" for recipe "vulkan-loader_1.3.204.1.bb"
[2m2025-11-29T15:28:41.047635Z[0m [32m INFO[0m [2mconvenient_bitbake::pipeline[0m[2m:[0m Recipe "mtdev_1.1.6.bb": 0 tasks total (0 from main, 0 from includes), 6 helpers total (0 from main, 6 from includes)
[2m2025-11-29T15:28:41.048826Z[0m [32m INFO[0m [2mconvenient_bitbake::pipeline[0m[2m:[0m ✓ Extracted 0 tasks from "update-rc.d.bbclass" for recipe "xserver-nodm-init_3.0.bb"
[2m2025-11-29T15:28:41.051088Z[0m [32m INFO[0m [2mconvenient_bitbake::pipeline[0m[2m:[0m ✓ Extracted 1 tasks from "meson.bbclass" for recipe "wayland_1.20.0.bb"
[2m2025-11-29T15:28:41.052333Z[0m [32m INFO[0m [2mconvenient_bitbake::pipeline[0m[2m:[0m Recipe "vulkan-samples_git.bb": 0 tasks total (0 from main, 0 from includes), 6 helpers total (0 from main, 6 from includes)
[2m2025-11-29T15:28:41.053172Z[0m [32m INFO[0m [2mconvenient_bitbake::pipeline[0m[2m:[0m Recipe "mesa-demos_8.4.0.bb": 1 tasks total (1 from main, 0 from includes), 6 helpers total (0 from main, 6 from includes)
[2m2025-11-29T15:28:41.053801Z[0m [32m INFO[0m [2mconvenient_bitbake::pipeline[0m[2m:[0m Recipe "vulkan-tools_1.3.204.1.bb": 0 tasks total (0 from main, 0 from includes), 6 helpers total (0 from main, 6 from includes)
[2m2025-11-29T15:28:41.053997Z[0m [32m INFO[0m [2mconvenient_bitbake::pipeline[0m[2m:[0m ✓ Extracted 0 tasks from "autotools.bbclass" for recipe "xcursor-transparent-theme_git.bb"
[2m2025-11-29T15:28:41.054030Z[0m [32m INFO[0m [2mconvenient_bitbake::pipeline[0m[2m:[0m Recipe "startup-notification_0.12.bb": 0 tasks total (0 from main, 0 from includes), 6 helpers total (0 from main, 6 from includes)
[2m2025-11-29T15:28:41.054166Z[0m [32m INFO[0m [2mconvenient_bitbake::pipeline[0m[2m:[0m   Progress: 600/884 recipes parsed (67.9%)
[2m2025-11-29T15:28:41.054297Z[0m [32m INFO[0m [2mconvenient_bitbake::pipeline[0m[2m:[0m Recipe "vulkan-loader_1.3.204.1.bb": 0 tasks total (0 from main, 0 from includes), 6 helpers total (0 from main, 6 from includes)
[2m2025-11-29T15:28:41.054715Z[0m [32m INFO[0m [2mconvenient_bitbake::pipeline[0m[2m:[0m ✓ Extracted 0 tasks from "multilib_script.bbclass" for recipe "x11perf_1.6.1.bb"
[2m2025-11-29T15:28:41.054826Z[0m [32m INFO[0m [2mconvenient_bitbake::pipeline[0m[2m:[0m Recipe "x11perf_1.6.1.bb": 0 tasks total (0 from main, 0 from includes), 1 helpers total (0 from main, 1 from includes)
[2m2025-11-29T15:28:41.055615Z[0m [32m INFO[0m [2mconvenient_bitbake::pipeline[0m[2m:[0m ✓ Extracted 6 tasks from "ptest.bbclass" for recipe "libinput_1.19.4.bb"
[2m2025-11-29T15:28:41.055683Z[0m [32m INFO[0m [2mconvenient_bitbake::pipeline[0m[2m:[0m Recipe "libinput_1.19.4.bb": 8 tasks total (1 from main, 7 from includes), 3 helpers total (0 from main, 3 from includes)
[2m2025-11-29T15:28:41.056545Z[0m [32m INFO[0m [2mconvenient_bitbake::pipeline[0m[2m:[0m ✓ Extracted 1 tasks from "gtk-doc.bbclass" for recipe "menu-cache_1.1.0.bb"
[2m2025-11-29T15:28:41.056595Z[0m [32m INFO[0m [2mconvenient_bitbake::pipeline[0m[2m:[0m Recipe "menu-cache_1.1.0.bb": 1 tasks total (0 from main, 1 from includes), 6 helpers total (0 from main, 6 from includes)
[2m2025-11-29T15:28:41.057625Z[0m [32m INFO[0m [2mconvenient_bitbake::pipeline[0m[2m:[0m Recipe "wayland-protocols_1.25.bb": 1 tasks total (0 from main, 1 from includes), 3 helpers total (0 from main, 3 from includes)
[2m2025-11-29T15:28:41.058971Z[0m [32m INFO[0m [2mconvenient_bitbake::pipeline[0m[2m:[0m Recipe "shaderc_2022.1.bb": 0 tasks total (0 from main, 0 from includes), 6 helpers total (0 from main, 6 from includes)
[2m2025-11-29T15:28:41.059492Z[0m [32m INFO[0m [2mconvenient_bitbake::pipeline[0m[2m:[0m ✓ Extracted 1 tasks from "meson.bbclass" for recipe "weston_10.0.2.bb"
[2m2025-11-29T15:28:41.060339Z[0m [32m INFO[0m [2mconvenient_bitbake::pipeline[0m[2m:[0m Recipe "waffle_1.7.2.bb": 2 tasks total (1 from main, 1 from includes), 3 helpers total (0 from main, 3 from includes)
[2m2025-11-29T15:28:41.061424Z[0m [32m INFO[0m [2mconvenient_bitbake::pipeline[0m[2m:[0m Recipe "piglit_git.bb": 1 tasks total (1 from main, 0 from includes), 6 helpers total (0 from main, 6 from includes)
[2m2025-11-29T15:28:41.061565Z[0m [32m INFO[0m [2mconvenient_bitbake::pipeline[0m[2m:[0m Recipe "xcursor-transparent-theme_git.bb": 0 tasks total (0 from main, 0 from includes), 6 helpers total (0 from main, 6 from includes)
[2m2025-11-29T15:28:41.061786Z[0m [32m INFO[0m [2mconvenient_bitbake::pipeline[0m[2m:[0m ✓ Extracted 1 tasks from "xorg-font-common.inc" for recipe "font-util_1.3.3.bb"
[2m2025-11-29T15:28:41.061811Z[0m [32m INFO[0m [2mconvenient_bitbake::pipeline[0m[2m:[0m ✓ Extracted 1 tasks from "xorg-font-common.inc" for recipe "font-alias_1.0.4.bb"
[2m2025-11-29T15:28:41.061859Z[0m [32m INFO[0m [2mconvenient_bitbake::pipeline[0m[2m:[0m Recipe "font-util_1.3.3.bb": 1 tasks total (0 from main, 1 from includes), 0 helpers total (0 from main, 0 from includes)
[2m2025-11-29T15:28:41.061893Z[0m [32m INFO[0m [2mconvenient_bitbake::pipeline[0m[2m:[0m ✓ Extracted 6 tasks from "ptest.bbclass" for recipe "wayland_1.20.0.bb"
[2m2025-11-29T15:28:41.061941Z[0m [32m INFO[0m [2mconvenient_bitbake::pipeline[0m[2m:[0m Recipe "wayland_1.20.0.bb": 7 tasks total (1 from main, 6 from includes), 3 helpers total (0 from main, 3 from includes)
[2m2025-11-29T15:28:41.063217Z[0m [32m INFO[0m [2mconvenient_bitbake::pipeline[0m[2m:[0m ✓ Extracted 0 tasks from "systemd.bbclass" for recipe "weston-init.bb"
[2m2025-11-29T15:28:41.063539Z[0m [32m INFO[0m [2mconvenient_bitbake::pipeline[0m[2m:[0m ✓ Extracted 0 tasks from "autotools.bbclass" for recipe "xinput-calibrator_git.bb"
[2m2025-11-29T15:28:41.066147Z[0m [32m INFO[0m [2mconvenient_bitbake::pipeline[0m[2m:[0m Recipe "font-alias_1.0.4.bb": 1 tasks total (0 from main, 1 from includes), 0 helpers total (0 from main, 0 from includes)
[2m2025-11-29T15:28:41.066453Z[0m [32m INFO[0m [2mconvenient_bitbake::pipeline[0m[2m:[0m ✓ Extracted 0 tasks from "systemd.bbclass" for recipe "xserver-nodm-init_3.0.bb"
[2m2025-11-29T15:28:41.067037Z[0m [32m INFO[0m [2mconvenient_bitbake::pipeline[0m[2m:[0m ✓ Extracted 0 tasks from "autotools.bbclass" for recipe "libxcb_1.14.bb"
[2m2025-11-29T15:28:41.067887Z[0m [32m INFO[0m [2mconvenient_bitbake::pipeline[0m[2m:[0m ✓ Extracted 0 tasks from "autotools.bbclass" for recipe "libpthread-stubs_0.4.bb"
[2m2025-11-29T15:28:41.068004Z[0m [32m INFO[0m [2mconvenient_bitbake::pipeline[0m[2m:[0m Recipe "libpthread-stubs_0.4.bb": 0 tasks total (0 from main, 0 from includes), 6 helpers total (0 from main, 6 from includes)
[2m2025-11-29T15:28:41.068850Z[0m [32m INFO[0m [2mconvenient_bitbake::pipeline[0m[2m:[0m Recipe "xinput-calibrator_git.bb": 1 tasks total (1 from main, 0 from includes), 6 helpers total (0 from main, 6 from includes)
[2m2025-11-29T15:28:41.070148Z[0m [32m INFO[0m [2mconvenient_bitbake::pipeline[0m[2m:[0m ✓ Extracted 1 tasks from "xorg-font-common.inc" for recipe "encodings_1.0.6.bb"
[2m2025-11-29T15:28:41.071020Z[0m [32m INFO[0m [2mconvenient_bitbake::pipeline[0m[2m:[0m Recipe "xserver-nodm-init_3.0.bb": 1 tasks total (1 from main, 0 from includes), 5 helpers total (0 from main, 5 from includes)
[2m2025-11-29T15:28:41.072072Z[0m [32m INFO[0m [2mconvenient_bitbake::pipeline[0m[2m:[0m ✓ Extracted 1 tasks from "meson.bbclass" for recipe "libxcvt_0.1.1.bb"
[2m2025-11-29T15:28:41.072159Z[0m [32m INFO[0m [2mconvenient_bitbake::pipeline[0m[2m:[0m Recipe "libxcvt_0.1.1.bb": 1 tasks total (0 from main, 1 from includes), 3 helpers total (0 from main, 3 from includes)
[2m2025-11-29T15:28:41.073853Z[0m [32m INFO[0m [2mconvenient_bitbake::pipeline[0m[2m:[0m Recipe "libxcb_1.14.bb": 1 tasks total (1 from main, 0 from includes), 6 helpers total (0 from main, 6 from includes)
[2m2025-11-29T15:28:41.076019Z[0m [32m INFO[0m [2mconvenient_bitbake::pipeline[0m[2m:[0m ✓ Extracted 0 tasks from "useradd.bbclass" for recipe "weston_10.0.2.bb"
[2m2025-11-29T15:28:41.078941Z[0m [32m INFO[0m [2mconvenient_bitbake::pipeline[0m[2m:[0m ✓ Extracted 0 tasks from "useradd.bbclass" for recipe "weston-init.bb"
[2m2025-11-29T15:28:41.079869Z[0m [32m INFO[0m [2mconvenient_bitbake::pipeline[0m[2m:[0m Recipe "encodings_1.0.6.bb": 1 tasks total (0 from main, 1 from includes), 0 helpers total (0 from main, 0 from includes)
[2m2025-11-29T15:28:41.080798Z[0m [32m INFO[0m [2mconvenient_bitbake::pipeline[0m[2m:[0m Recipe "weston-init.bb": 1 tasks total (1 from main, 0 from includes), 7 helpers total (0 from main, 7 from includes)
[2m2025-11-29T15:28:41.082264Z[0m [32m INFO[0m [2mconvenient_bitbake::pipeline[0m[2m:[0m ✓ Extracted 1 tasks from "meson.bbclass" for recipe "xorgproto_2021.5.bb"
[2m2025-11-29T15:28:41.082313Z[0m [32m INFO[0m [2mconvenient_bitbake::pipeline[0m[2m:[0m Recipe "xorgproto_2021.5.bb": 1 tasks total (0 from main, 1 from includes), 3 helpers total (0 from main, 3 from includes)
[2m2025-11-29T15:28:41.082646Z[0m [32m INFO[0m [2mconvenient_bitbake::pipeline[0m[2m:[0m ✓ Extracted 1 tasks from "meson.bbclass" for recipe "libxkbcommon_1.4.1.bb"
[2m2025-11-29T15:28:41.082871Z[0m [32m INFO[0m [2mconvenient_bitbake::pipeline[0m[2m:[0m Recipe "weston_10.0.2.bb": 2 tasks total (1 from main, 1 from includes), 5 helpers total (0 from main, 5 from includes)
[2m2025-11-29T15:28:41.082898Z[0m [32m INFO[0m [2mconvenient_bitbake::pipeline[0m[2m:[0m ✓ Extracted 1 tasks from "meson.bbclass" for recipe "pixman_0.40.0.bb"
[2m2025-11-29T15:28:41.083377Z[0m [32m INFO[0m [2mconvenient_bitbake::pipeline[0m[2m:[0m ✓ Extracted 1 tasks from "deploy.bbclass" for recipe "linux-dummy.bb"
[2m2025-11-29T15:28:41.084839Z[0m [32m INFO[0m [2mconvenient_bitbake::pipeline[0m[2m:[0m Recipe "libxkbcommon_1.4.1.bb": 1 tasks total (0 from main, 1 from includes), 3 helpers total (0 from main, 3 from includes)
[2m2025-11-29T15:28:41.085245Z[0m [32m INFO[0m [2mconvenient_bitbake::pipeline[0m[2m:[0m Recipe "pixman_0.40.0.bb": 1 tasks total (0 from main, 1 from includes), 3 helpers total (0 from main, 3 from includes)
[2m2025-11-29T15:28:41.086253Z[0m [32m INFO[0m [2mconvenient_bitbake::pipeline[0m[2m:[0m ✓ Extracted 1 tasks from "module.bbclass" for recipe "cryptodev-module_1.12.bb"
[2m2025-11-29T15:28:41.086303Z[0m [32m INFO[0m [2mconvenient_bitbake::pipeline[0m[2m:[0m Recipe "cryptodev-module_1.12.bb": 1 tasks total (0 from main, 1 from includes), 2 helpers total (0 from main, 2 from includes)
[2m2025-11-29T15:28:41.086381Z[0m [32m INFO[0m [2mconvenient_bitbake::pipeline[0m[2m:[0m ✓ Extracted 1 tasks from "meson.bbclass" for recipe "xkeyboard-config_2.35.1.bb"
[2m2025-11-29T15:28:41.086599Z[0m [32m INFO[0m [2mconvenient_bitbake::pipeline[0m[2m:[0m ✓ Extracted 1 tasks from "meson.bbclass" for recipe "dtc_1.6.1.bb"
[2m2025-11-29T15:28:41.088373Z[0m [32m INFO[0m [2mconvenient_bitbake::pipeline[0m[2m:[0m ✓ Extracted 0 tasks from "autotools.bbclass" for recipe "xcb-proto_1.14.1.bb"
[2m2025-11-29T15:28:41.088489Z[0m [32m INFO[0m [2mconvenient_bitbake::pipeline[0m[2m:[0m ✓ Extracted 2 tasks from "linux-yocto.inc" for recipe "linux-yocto-rt_5.15.bb"
[2m2025-11-29T15:28:41.088534Z[0m [32m INFO[0m [2mconvenient_bitbake::pipeline[0m[2m:[0m Recipe "linux-yocto-rt_5.15.bb": 2 tasks total (0 from main, 2 from includes), 0 helpers total (0 from main, 0 from includes)
[2m2025-11-29T15:28:41.088644Z[0m [32m INFO[0m [2mconvenient_bitbake::pipeline[0m[2m:[0m ✓ Extracted 2 tasks from "linux-yocto.inc" for recipe "linux-yocto-tiny_5.15.bb"
[2m2025-11-29T15:28:41.088701Z[0m [32m INFO[0m [2mconvenient_bitbake::pipeline[0m[2m:[0m Recipe "linux-yocto-tiny_5.15.bb": 2 tasks total (0 from main, 2 from includes), 0 helpers total (0 from main, 0 from includes)
[2m2025-11-29T15:28:41.088880Z[0m [32m INFO[0m [2mconvenient_bitbake::pipeline[0m[2m:[0m Recipe "dtc_1.6.1.bb": 1 tasks total (0 from main, 1 from includes), 3 helpers total (0 from main, 3 from includes)
[2m2025-11-29T15:28:41.089968Z[0m [32m INFO[0m [2mconvenient_bitbake::pipeline[0m[2m:[0m ✓ Extracted 1 tasks from "module.bbclass" for recipe "lttng-modules_2.13.14.bb"
[2m2025-11-29T15:28:41.093096Z[0m [32m INFO[0m [2mconvenient_bitbake::pipeline[0m[2m:[0m ✓ Extracted 2 tasks from "linux-yocto.inc" for recipe "linux-yocto-rt_5.10.bb"
[2m2025-11-29T15:28:41.093214Z[0m [32m INFO[0m [2mconvenient_bitbake::pipeline[0m[2m:[0m Recipe "linux-yocto-rt_5.10.bb": 2 tasks total (0 from main, 2 from includes), 0 helpers total (0 from main, 0 from includes)
[2m2025-11-29T15:28:41.094070Z[0m [32m INFO[0m [2mconvenient_bitbake::pipeline[0m[2m:[0m Recipe "xcb-proto_1.14.1.bb": 0 tasks total (0 from main, 0 from includes), 6 helpers total (0 from main, 6 from includes)
[2m2025-11-29T15:28:41.094344Z[0m [32m INFO[0m [2mconvenient_bitbake::pipeline[0m[2m:[0m ✓ Extracted 0 tasks from "autotools.bbclass" for recipe "kmod_29.bb"
[2m2025-11-29T15:28:41.094712Z[0m [32m INFO[0m [2mconvenient_bitbake::pipeline[0m[2m:[0m ✓ Extracted 0 tasks from "bin_package.bbclass" for recipe "wireless-regdb_2024.10.07.bb"
[2m2025-11-29T15:28:41.095322Z[0m [32m INFO[0m [2mconvenient_bitbake::pipeline[0m[2m:[0m ✓ Extracted 2 tasks from "linux-yocto.inc" for recipe "linux-yocto_5.10.bb"
[2m2025-11-29T15:28:41.095355Z[0m [32m INFO[0m [2mconvenient_bitbake::pipeline[0m[2m:[0m ✓ Extracted 2 tasks from "linux-yocto.inc" for recipe "linux-yocto-tiny_5.10.bb"
[2m2025-11-29T15:28:41.095400Z[0m [32m INFO[0m [2mconvenient_bitbake::pipeline[0m[2m:[0m ✓ Extracted 0 tasks from "autotools.bbclass" for recipe "powertop_2.14.bb"
[2m2025-11-29T15:28:41.126453Z[0m [32m INFO[0m [2mconvenient_bitbake::pipeline[0m[2m:[0m Recipe "linux-yocto-tiny_5.10.bb": 2 tasks total (0 from main, 2 from includes), 0 helpers total (0 from main, 0 from includes)
[2m2025-11-29T15:28:41.095960Z[0m [32m INFO[0m [2mconvenient_bitbake::pipeline[0m[2m:[0m ✓ Extracted 0 tasks from "autotools.bbclass" for recipe "xrestop_0.4.bb"
[2m2025-11-29T15:28:41.096236Z[0m [32m INFO[0m [2mconvenient_bitbake::pipeline[0m[2m:[0m ✓ Extracted 0 tasks from "autotools.bbclass" for recipe "babeltrace_1.5.11.bb"
[2m2025-11-29T15:28:41.096947Z[0m [32m INFO[0m [2mconvenient_bitbake::pipeline[0m[2m:[0m ✓ Extracted 2 tasks from "systemtap_git.bb" for recipe "systemtap-native_git.bb"
[2m2025-11-29T15:28:41.097447Z[0m [32m INFO[0m [2mconvenient_bitbake::pipeline[0m[2m:[0m Recipe "lttng-modules_2.13.14.bb": 3 tasks total (2 from main, 1 from includes), 2 helpers total (0 from main, 2 from includes)
[2m2025-11-29T15:28:41.099068Z[0m [32m INFO[0m [2mconvenient_bitbake::pipeline[0m[2m:[0m ✓ Extracted 1 tasks from "native.bbclass" for recipe "kern-tools-native_git.bb"
[2m2025-11-29T15:28:41.099077Z[0m [32m INFO[0m [2mconvenient_bitbake::pipeline[0m[2m:[0m ✓ Extracted 2 tasks from "linux-yocto.inc" for recipe "linux-yocto_5.15.bb"
[2m2025-11-29T15:28:41.099734Z[0m [32m INFO[0m [2mconvenient_bitbake::pipeline[0m[2m:[0m ✓ Extracted 0 tasks from "update-rc.d.bbclass" for recipe "modutils-initscripts.bb"
[2m2025-11-29T15:28:41.101239Z[0m [32m INFO[0m [2mconvenient_bitbake::pipeline[0m[2m:[0m ✓ Extracted 1 tasks from "meson.bbclass" for recipe "xwayland_22.1.8.bb"
[2m2025-11-29T15:28:41.101960Z[0m [32m INFO[0m [2mconvenient_bitbake::pipeline[0m[2m:[0m ✓ Extracted 1 tasks from "xserver-xorg.inc" for recipe "xserver-xorg_21.1.8.bb"
[2m2025-11-29T15:28:41.127176Z[0m [32m INFO[0m [2mconvenient_bitbake::pipeline[0m[2m:[0m Recipe "xserver-xorg_21.1.8.bb": 1 tasks total (0 from main, 1 from includes), 0 helpers total (0 from main, 0 from includes)
[2m2025-11-29T15:28:41.127034Z[0m [32m INFO[0m [2mconvenient_bitbake::pipeline[0m[2m:[0m Recipe "kern-tools-native_git.bb": 4 tasks total (3 from main, 1 from includes), 0 helpers total (0 from main, 0 from includes)
[2m2025-11-29T15:28:41.127032Z[0m [32m INFO[0m [2mconvenient_bitbake::pipeline[0m[2m:[0m Recipe "linux-dummy.bb": 8 tasks total (7 from main, 1 from includes), 0 helpers total (0 from main, 0 from includes)
[2m2025-11-29T15:28:41.127014Z[0m [32m INFO[0m [2mconvenient_bitbake::pipeline[0m[2m:[0m Recipe "xkeyboard-config_2.35.1.bb": 2 tasks total (1 from main, 1 from includes), 3 helpers total (0 from main, 3 from includes)
[2m2025-11-29T15:28:41.127131Z[0m [32m INFO[0m [2mconvenient_bitbake::pipeline[0m[2m:[0m Recipe "modutils-initscripts.bb": 2 tasks total (2 from main, 0 from includes), 3 helpers total (0 from main, 3 from includes)
[2m2025-11-29T15:28:41.129047Z[0m [32m INFO[0m [2mconvenient_bitbake::pipeline[0m[2m:[0m ✓ Extracted 0 tasks from "autotools.bbclass" for recipe "kexec-tools_2.0.23.bb"
[2m2025-11-29T15:28:41.130488Z[0m [32m INFO[0m [2mconvenient_bitbake::pipeline[0m[2m:[0m   Progress: 700/884 recipes parsed (79.2%)
[2m2025-11-29T15:28:41.131769Z[0m [32m INFO[0m [2mconvenient_bitbake::pipeline[0m[2m:[0m ✓ Extracted 2 tasks from "linux-libc-headers.inc" for recipe "linux-libc-headers_5.16.bb"
[2m2025-11-29T15:28:41.131888Z[0m [32m INFO[0m [2mconvenient_bitbake::pipeline[0m[2m:[0m Recipe "linux-libc-headers_5.16.bb": 2 tasks total (0 from main, 2 from includes), 0 helpers total (0 from main, 0 from includes)
[2m2025-11-29T15:28:41.133525Z[0m [32m INFO[0m [2mconvenient_bitbake::pipeline[0m[2m:[0m Recipe "wireless-regdb_2024.10.07.bb": 1 tasks total (1 from main, 0 from includes), 1 helpers total (0 from main, 1 from includes)
[2m2025-11-29T15:28:41.134894Z[0m [32m INFO[0m [2mconvenient_bitbake::pipeline[0m[2m:[0m ✓ Extracted 0 tasks from "autotools.bbclass" for recipe "alsa-lib_1.2.6.1.bb"
[2m2025-11-29T15:28:41.135293Z[0m [32m INFO[0m [2mconvenient_bitbake::pipeline[0m[2m:[0m Recipe "xrestop_0.4.bb": 0 tasks total (0 from main, 0 from includes), 6 helpers total (0 from main, 6 from includes)
[2m2025-11-29T15:28:41.137271Z[0m [32m INFO[0m [2mconvenient_bitbake::pipeline[0m[2m:[0m ✓ Extracted 0 tasks from "autotools.bbclass" for recipe "babeltrace2_2.0.5.bb"
[2m2025-11-29T15:28:41.137324Z[0m [32m INFO[0m [2mconvenient_bitbake::pipeline[0m[2m:[0m ✓ Extracted 1 tasks from "gtk-doc.bbclass" for recipe "kmod_29.bb"
[2m2025-11-29T15:28:41.137284Z[0m [32m INFO[0m [2mconvenient_bitbake::pipeline[0m[2m:[0m ✓ Extracted 0 tasks from "autotools.bbclass" for recipe "alsa-plugins_1.2.6.bb"
[2m2025-11-29T15:28:41.138074Z[0m [32m INFO[0m [2mconvenient_bitbake::pipeline[0m[2m:[0m ✓ Extracted 1 tasks from "native.bbclass" for recipe "systemtap-native_git.bb"
[2m2025-11-29T15:28:41.138111Z[0m [32m INFO[0m [2mconvenient_bitbake::pipeline[0m[2m:[0m Recipe "systemtap-native_git.bb": 3 tasks total (0 from main, 3 from includes), 0 helpers total (0 from main, 0 from includes)
[2m2025-11-29T15:28:41.138968Z[0m [32m INFO[0m [2mconvenient_bitbake::pipeline[0m[2m:[0m ✓ Extracted 0 tasks from "autotools.bbclass" for recipe "systemtap_git.bb"
[2m2025-11-29T15:28:41.139236Z[0m [32m INFO[0m [2mconvenient_bitbake::pipeline[0m[2m:[0m Recipe "xwayland_22.1.8.bb": 2 tasks total (1 from main, 1 from includes), 3 helpers total (0 from main, 3 from includes)
[2m2025-11-29T15:28:41.139302Z[0m [32m INFO[0m [2mconvenient_bitbake::pipeline[0m[2m:[0m ✓ Extracted 0 tasks from "autotools.bbclass" for recipe "lttng-tools_2.13.9.bb"
[2m2025-11-29T15:28:41.139244Z[0m [32m INFO[0m [2mconvenient_bitbake::pipeline[0m[2m:[0m Recipe "alsa-lib_1.2.6.1.bb": 0 tasks total (0 from main, 0 from includes), 6 helpers total (0 from main, 6 from includes)
[2m2025-11-29T15:28:41.139595Z[0m [32m INFO[0m [2mconvenient_bitbake::pipeline[0m[2m:[0m ✓ Extracted 0 tasks from "update-rc.d.bbclass" for recipe "kexec-tools_2.0.23.bb"
[2m2025-11-29T15:28:41.141916Z[0m [32m INFO[0m [2mconvenient_bitbake::pipeline[0m[2m:[0m ✓ Extracted 0 tasks from "autotools.bbclass" for recipe "lttng-ust_2.13.6.bb"
[2m2025-11-29T15:28:41.141996Z[0m [32m INFO[0m [2mconvenient_bitbake::pipeline[0m[2m:[0m ✓ Extracted 1 tasks from "alsa-utils.inc" for recipe "alsa-utils_1.2.6.bb"
[2m2025-11-29T15:28:41.142043Z[0m [32m INFO[0m [2mconvenient_bitbake::pipeline[0m[2m:[0m Recipe "alsa-utils_1.2.6.bb": 1 tasks total (0 from main, 1 from includes), 0 helpers total (0 from main, 0 from includes)
[2m2025-11-29T15:28:41.142297Z[0m [32m INFO[0m [2mconvenient_bitbake::pipeline[0m[2m:[0m ✓ Extracted 1 tasks from "alsa-utils.inc" for recipe "alsa-utils-scripts_1.2.6.bb"
[2m2025-11-29T15:28:41.142449Z[0m [32m INFO[0m [2mconvenient_bitbake::pipeline[0m[2m:[0m Recipe "alsa-plugins_1.2.6.bb": 1 tasks total (1 from main, 0 from includes), 6 helpers total (0 from main, 6 from includes)
[2m2025-11-29T15:28:41.145309Z[0m [32m INFO[0m [2mconvenient_bitbake::pipeline[0m[2m:[0m ✓ Extracted 1 tasks from "meson.bbclass" for recipe "gstreamer1.0-libav_1.20.7.bb"
[2m2025-11-29T15:28:41.145321Z[0m [32m INFO[0m [2mconvenient_bitbake::pipeline[0m[2m:[0m ✓ Extracted 6 tasks from "ptest.bbclass" for recipe "babeltrace_1.5.11.bb"
[2m2025-11-29T15:28:41.145479Z[0m [32m INFO[0m [2mconvenient_bitbake::pipeline[0m[2m:[0m Recipe "babeltrace_1.5.11.bb": 7 tasks total (3 from main, 4 from includes), 6 helpers total (0 from main, 6 from includes)
[2m2025-11-29T15:28:41.146918Z[0m [32m INFO[0m [2mconvenient_bitbake::pipeline[0m[2m:[0m ✓ Extracted 1 tasks from "kernel.bbclass" for recipe "linux-yocto-dev.bb"
[2m2025-11-29T15:28:41.147504Z[0m [32m INFO[0m [2mconvenient_bitbake::pipeline[0m[2m:[0m ✓ Extracted 0 tasks from "autotools.bbclass" for recipe "flac_1.3.4.bb"
[2m2025-11-29T15:28:41.149675Z[0m [32m INFO[0m [2mconvenient_bitbake::pipeline[0m[2m:[0m Recipe "gstreamer1.0-libav_1.20.7.bb": 1 tasks total (0 from main, 1 from includes), 3 helpers total (0 from main, 3 from includes)
[2m2025-11-29T15:28:41.149865Z[0m [32m INFO[0m [2mconvenient_bitbake::pipeline[0m[2m:[0m Recipe "flac_1.3.4.bb": 0 tasks total (0 from main, 0 from includes), 6 helpers total (0 from main, 6 from includes)
[2m2025-11-29T15:28:41.150013Z[0m [32m INFO[0m [2mconvenient_bitbake::pipeline[0m[2m:[0m ✓ Extracted 1 tasks from "meson.bbclass" for recipe "gst-examples_1.18.6.bb"
[2m2025-11-29T15:28:41.150213Z[0m [32m INFO[0m [2mconvenient_bitbake::pipeline[0m[2m:[0m ✓ Extracted 6 tasks from "ptest.bbclass" for recipe "babeltrace2_2.0.5.bb"
[2m2025-11-29T15:28:41.156321Z[0m [32m INFO[0m [2mconvenient_bitbake::pipeline[0m[2m:[0m Recipe "babeltrace2_2.0.5.bb": 6 tasks total (2 from main, 4 from includes), 6 helpers total (0 from main, 6 from includes)
[2m2025-11-29T15:28:41.159497Z[0m [32m INFO[0m [2mconvenient_bitbake::pipeline[0m[2m:[0m Recipe "gst-examples_1.18.6.bb": 2 tasks total (1 from main, 1 from includes), 3 helpers total (0 from main, 3 from includes)
[2m2025-11-29T15:28:41.159976Z[0m [32m INFO[0m [2mconvenient_bitbake::pipeline[0m[2m:[0m ✓ Extracted 2 tasks from "linux-yocto.inc" for recipe "linux-yocto-dev.bb"
[2m2025-11-29T15:28:41.160127Z[0m [32m INFO[0m [2mconvenient_bitbake::pipeline[0m[2m:[0m ✓ Extracted 0 tasks from "systemd.bbclass" for recipe "systemtap_git.bb"
[2m2025-11-29T15:28:41.160471Z[0m [32m INFO[0m [2mconvenient_bitbake::pipeline[0m[2m:[0m ✗ Include file not found: recipes-kernel/linux/linux-yocto-dev-revisions.inc (recipe: "linux-yocto-dev.bb")
[2m2025-11-29T15:28:41.160490Z[0m [32m INFO[0m [2mconvenient_bitbake::pipeline[0m[2m:[0m Recipe "linux-yocto-dev.bb": 3 tasks total (0 from main, 3 from includes), 1 helpers total (0 from main, 1 from includes)
[2m2025-11-29T15:28:41.161136Z[0m [32m INFO[0m [2mconvenient_bitbake::pipeline[0m[2m:[0m ✓ Extracted 0 tasks from "autotools.bbclass" for recipe "libsndfile1_1.0.31.bb"
[2m2025-11-29T15:28:41.161568Z[0m [32m INFO[0m [2mconvenient_bitbake::pipeline[0m[2m:[0m ✓ Extracted 1 tasks from "meson.bbclass" for recipe "gstreamer1.0-omx_1.20.7.bb"
[2m2025-11-29T15:28:41.163259Z[0m [32m INFO[0m [2mconvenient_bitbake::pipeline[0m[2m:[0m Recipe "kmod_29.bb": 2 tasks total (1 from main, 1 from includes), 6 helpers total (0 from main, 6 from includes)
[2m2025-11-29T15:28:41.163954Z[0m [32m INFO[0m [2mconvenient_bitbake::pipeline[0m[2m:[0m ✓ Extracted 1 tasks from "meson.bbclass" for recipe "gstreamer1.0-python_1.20.7.bb"
[2m2025-11-29T15:28:41.165208Z[0m [32m INFO[0m [2mconvenient_bitbake::pipeline[0m[2m:[0m ✓ Extracted 0 tasks from "autotools.bbclass" for recipe "libtheora_1.1.1.bb"
[2m2025-11-29T15:28:41.165647Z[0m [32m INFO[0m [2mconvenient_bitbake::pipeline[0m[2m:[0m ✓ Extracted 1 tasks from "meson.bbclass" for recipe "gstreamer1.0_1.20.7.bb"
[2m2025-11-29T15:28:41.165956Z[0m [32m INFO[0m [2mconvenient_bitbake::pipeline[0m[2m:[0m Recipe "gstreamer1.0-omx_1.20.7.bb": 1 tasks total (0 from main, 1 from includes), 4 helpers total (1 from main, 3 from includes)
[2m2025-11-29T15:28:41.165999Z[0m [32m INFO[0m [2mconvenient_bitbake::pipeline[0m[2m:[0m ✓ Extracted 0 tasks from "autotools.bbclass" for recipe "libogg_1.3.5.bb"
[2m2025-11-29T15:28:41.166436Z[0m [32m INFO[0m [2mconvenient_bitbake::pipeline[0m[2m:[0m ✓ Extracted 1 tasks from "meson.bbclass" for recipe "gstreamer1.0-rtsp-server_1.20.7.bb"
[2m2025-11-29T15:28:41.166802Z[0m [32m INFO[0m [2mconvenient_bitbake::pipeline[0m[2m:[0m Recipe "systemtap_git.bb": 2 tasks total (2 from main, 0 from includes), 8 helpers total (0 from main, 8 from includes)
[2m2025-11-29T15:28:41.167321Z[0m [32m INFO[0m [2mconvenient_bitbake::pipeline[0m[2m:[0m ✓ Extracted 0 tasks from "autotools.bbclass" for recipe "libpng_1.6.39.bb"
[2m2025-11-29T15:28:41.167695Z[0m [32m INFO[0m [2mconvenient_bitbake::pipeline[0m[2m:[0m ✓ Extracted 0 tasks from "autotools.bbclass" for recipe "liba52_0.7.4.bb"
[2m2025-11-29T15:28:41.167761Z[0m [32m INFO[0m [2mconvenient_bitbake::pipeline[0m[2m:[0m Recipe "liba52_0.7.4.bb": 0 tasks total (0 from main, 0 from includes), 6 helpers total (0 from main, 6 from includes)
[2m2025-11-29T15:28:41.168114Z[0m [32m INFO[0m [2mconvenient_bitbake::pipeline[0m[2m:[0m Recipe "libtheora_1.1.1.bb": 0 tasks total (0 from main, 0 from includes), 6 helpers total (0 from main, 6 from includes)
[2m2025-11-29T15:28:41.168345Z[0m [32m INFO[0m [2mconvenient_bitbake::pipeline[0m[2m:[0m ✓ Extracted 6 tasks from "ptest.bbclass" for recipe "lttng-tools_2.13.9.bb"
[2m2025-11-29T15:28:41.168752Z[0m [32m INFO[0m [2mconvenient_bitbake::pipeline[0m[2m:[0m Recipe "libogg_1.3.5.bb": 0 tasks total (0 from main, 0 from includes), 6 helpers total (0 from main, 6 from includes)
[2m2025-11-29T15:28:41.169003Z[0m [32m INFO[0m [2mconvenient_bitbake::pipeline[0m[2m:[0m Recipe "lttng-ust_2.13.6.bb": 1 tasks total (1 from main, 0 from includes), 6 helpers total (0 from main, 6 from includes)
[2m2025-11-29T15:28:41.169029Z[0m [32m INFO[0m [2mconvenient_bitbake::pipeline[0m[2m:[0m ✓ Extracted 1 tasks from "meson.bbclass" for recipe "gst-devtools_1.20.7.bb"
[2m2025-11-29T15:28:41.169153Z[0m [32m INFO[0m [2mconvenient_bitbake::pipeline[0m[2m:[0m Recipe "powertop_2.14.bb": 0 tasks total (0 from main, 0 from includes), 6 helpers total (0 from main, 6 from includes)
[2m2025-11-29T15:28:41.169569Z[0m [32m INFO[0m [2mconvenient_bitbake::pipeline[0m[2m:[0m ✓ Extracted 0 tasks from "autotools.bbclass" for recipe "lame_3.100.bb"
[2m2025-11-29T15:28:41.169708Z[0m [32m INFO[0m [2mconvenient_bitbake::pipeline[0m[2m:[0m ✓ Extracted 0 tasks from "multilib_header.bbclass" for recipe "libsndfile1_1.0.31.bb"
[2m2025-11-29T15:28:41.169748Z[0m [32m INFO[0m [2mconvenient_bitbake::pipeline[0m[2m:[0m Recipe "libsndfile1_1.0.31.bb": 1 tasks total (1 from main, 0 from includes), 7 helpers total (0 from main, 7 from includes)
[2m2025-11-29T15:28:41.170086Z[0m [32m INFO[0m [2mconvenient_bitbake::pipeline[0m[2m:[0m ✓ Extracted 0 tasks from "autotools.bbclass" for recipe "mpg123_1.29.3.bb"
[2m2025-11-29T15:28:41.170689Z[0m [32m INFO[0m [2mconvenient_bitbake::pipeline[0m[2m:[0m ✓ Extracted 1 tasks from "meson.bbclass" for recipe "gstreamer1.0-vaapi_1.20.7.bb"
[2m2025-11-29T15:28:41.170780Z[0m [32m INFO[0m [2mconvenient_bitbake::pipeline[0m[2m:[0m ✓ Extracted 1 tasks from "binconfig-disabled.bbclass" for recipe "libpng_1.6.39.bb"
[2m2025-11-29T15:28:41.171848Z[0m [32m INFO[0m [2mconvenient_bitbake::pipeline[0m[2m:[0m Recipe "lame_3.100.bb": 0 tasks total (0 from main, 0 from includes), 6 helpers total (0 from main, 6 from includes)
[2m2025-11-29T15:28:41.172550Z[0m [32m INFO[0m [2mconvenient_bitbake::pipeline[0m[2m:[0m Recipe "mpg123_1.29.3.bb": 0 tasks total (0 from main, 0 from includes), 6 helpers total (0 from main, 6 from includes)
[2m2025-11-29T15:28:41.173998Z[0m [32m INFO[0m [2mconvenient_bitbake::pipeline[0m[2m:[0m ✓ Extracted 0 tasks from "autotools.bbclass" for recipe "sbc_1.5.bb"
[2m2025-11-29T15:28:41.174631Z[0m [32m INFO[0m [2mconvenient_bitbake::pipeline[0m[2m:[0m ✓ Extracted 0 tasks from "autotools.bbclass" for recipe "libvorbis_1.3.7.bb"
[2m2025-11-29T15:28:41.176024Z[0m [32m INFO[0m [2mconvenient_bitbake::pipeline[0m[2m:[0m ✓ Extracted 0 tasks from "systemd.bbclass" for recipe "kexec-tools_2.0.23.bb"
[2m2025-11-29T15:28:41.176102Z[0m [32m INFO[0m [2mconvenient_bitbake::pipeline[0m[2m:[0m Recipe "kexec-tools_2.0.23.bb": 2 tasks total (2 from main, 0 from includes), 11 helpers total (0 from main, 11 from includes)
[2m2025-11-29T15:28:41.176829Z[0m [32m INFO[0m [2mconvenient_bitbake::pipeline[0m[2m:[0m Recipe "sbc_1.5.bb": 0 tasks total (0 from main, 0 from includes), 6 helpers total (0 from main, 6 from includes)
[2m2025-11-29T15:28:41.176833Z[0m [32m INFO[0m [2mconvenient_bitbake::pipeline[0m[2m:[0m Recipe "libvorbis_1.3.7.bb": 0 tasks total (0 from main, 0 from includes), 6 helpers total (0 from main, 6 from includes)
[2m2025-11-29T15:28:41.178524Z[0m [32m INFO[0m [2mconvenient_bitbake::pipeline[0m[2m:[0m Recipe "gstreamer1.0-python_1.20.7.bb": 1 tasks total (0 from main, 1 from includes), 3 helpers total (0 from main, 3 from includes)
[2m2025-11-29T15:28:41.179310Z[0m [32m INFO[0m [2mconvenient_bitbake::pipeline[0m[2m:[0m ✓ Extracted 6 tasks from "ptest.bbclass" for recipe "rt-tests_git.bb"
[2m2025-11-29T15:28:41.179400Z[0m [32m INFO[0m [2mconvenient_bitbake::pipeline[0m[2m:[0m Recipe "rt-tests_git.bb": 7 tasks total (2 from main, 5 from includes), 0 helpers total (0 from main, 0 from includes)
[2m2025-11-29T15:28:41.180302Z[0m [32m INFO[0m [2mconvenient_bitbake::pipeline[0m[2m:[0m Recipe "gst-devtools_1.20.7.bb": 2 tasks total (1 from main, 1 from includes), 3 helpers total (0 from main, 3 from includes)
[2m2025-11-29T15:28:41.180460Z[0m [32m INFO[0m [2mconvenient_bitbake::pipeline[0m[2m:[0m ✓ Extracted 0 tasks from "cmake.bbclass" for recipe "libptytty_2.0.bb"
[2m2025-11-29T15:28:41.180552Z[0m [32m INFO[0m [2mconvenient_bitbake::pipeline[0m[2m:[0m Recipe "libptytty_2.0.bb": 0 tasks total (0 from main, 0 from includes), 6 helpers total (0 from main, 6 from includes)
[2m2025-11-29T15:28:41.183005Z[0m [32m INFO[0m [2mconvenient_bitbake::pipeline[0m[2m:[0m ✓ Extracted 0 tasks from "autotools.bbclass" for recipe "tiff_4.3.0.bb"
[2m2025-11-29T15:28:41.183039Z[0m [32m INFO[0m [2mconvenient_bitbake::pipeline[0m[2m:[0m ✓ Extracted 6 tasks from "ptest.bbclass" for recipe "libpng_1.6.39.bb"
[2m2025-11-29T15:28:41.183141Z[0m [32m INFO[0m [2mconvenient_bitbake::pipeline[0m[2m:[0m Recipe "libpng_1.6.39.bb": 7 tasks total (1 from main, 6 from includes), 7 helpers total (0 from main, 7 from includes)
[2m2025-11-29T15:28:41.184892Z[0m [32m INFO[0m [2mconvenient_bitbake::pipeline[0m[2m:[0m ✓ Extracted 0 tasks from "autotools.bbclass" for recipe "libsamplerate0_0.2.2.bb"
[2m2025-11-29T15:28:41.186466Z[0m [32m INFO[0m [2mconvenient_bitbake::pipeline[0m[2m:[0m ✓ Extracted 0 tasks from "autotools.bbclass" for recipe "mpeg2dec_0.5.1.bb"
[2m2025-11-29T15:28:41.186496Z[0m [32m INFO[0m [2mconvenient_bitbake::pipeline[0m[2m:[0m ✓ Extracted 0 tasks from "multilib_header.bbclass" for recipe "tiff_4.3.0.bb"
[2m2025-11-29T15:28:41.186543Z[0m [32m INFO[0m [2mconvenient_bitbake::pipeline[0m[2m:[0m Recipe "tiff_4.3.0.bb": 1 tasks total (1 from main, 0 from includes), 7 helpers total (0 from main, 7 from includes)
[2m2025-11-29T15:28:41.186621Z[0m [32m INFO[0m [2mconvenient_bitbake::pipeline[0m[2m:[0m Recipe "gstreamer1.0_1.20.7.bb": 1 tasks total (0 from main, 1 from includes), 3 helpers total (0 from main, 3 from includes)
[2m2025-11-29T15:28:41.189031Z[0m [32m INFO[0m [2mconvenient_bitbake::pipeline[0m[2m:[0m Recipe "libsamplerate0_0.2.2.bb": 0 tasks total (0 from main, 0 from includes), 6 helpers total (0 from main, 6 from includes)
[2m2025-11-29T15:28:41.189050Z[0m [32m INFO[0m [2mconvenient_bitbake::pipeline[0m[2m:[0m ✓ Extracted 0 tasks from "autotools.bbclass" for recipe "matchbox-terminal_0.2.bb"
[2m2025-11-29T15:28:41.189154Z[0m [32m INFO[0m [2mconvenient_bitbake::pipeline[0m[2m:[0m Recipe "gstreamer1.0-vaapi_1.20.7.bb": 1 tasks total (0 from main, 1 from includes), 3 helpers total (0 from main, 3 from includes)
[2m2025-11-29T15:28:41.189343Z[0m [32m INFO[0m [2mconvenient_bitbake::pipeline[0m[2m:[0m Recipe "mpeg2dec_0.5.1.bb": 0 tasks total (0 from main, 0 from includes), 6 helpers total (0 from main, 6 from includes)
[2m2025-11-29T15:28:41.189493Z[0m [32m INFO[0m [2mconvenient_bitbake::pipeline[0m[2m:[0m ✓ Extracted 0 tasks from "autotools.bbclass" for recipe "speex_1.2.0.bb"
[2m2025-11-29T15:28:41.189751Z[0m [32m INFO[0m [2mconvenient_bitbake::pipeline[0m[2m:[0m ✓ Extracted 0 tasks from "autotools.bbclass" for recipe "speexdsp_1.2.0.bb"
[2m2025-11-29T15:28:41.190809Z[0m [32m INFO[0m [2mconvenient_bitbake::pipeline[0m[2m:[0m ✓ Extracted 0 tasks from "autotools.bbclass" for recipe "libwebp_1.2.4.bb"
[2m2025-11-29T15:28:41.191282Z[0m [32m INFO[0m [2mconvenient_bitbake::pipeline[0m[2m:[0m ✓ Extracted 2 tasks from "pulseaudio.inc" for recipe "pulseaudio_15.0.bb"
[2m2025-11-29T15:28:41.191323Z[0m [32m INFO[0m [2mconvenient_bitbake::pipeline[0m[2m:[0m Recipe "pulseaudio_15.0.bb": 2 tasks total (0 from main, 2 from includes), 1 helpers total (0 from main, 1 from includes)
[2m2025-11-29T15:28:41.191653Z[0m [32m INFO[0m [2mconvenient_bitbake::pipeline[0m[2m:[0m ✓ Extracted 0 tasks from "autotools.bbclass" for recipe "libomxil_0.9.3.bb"
[2m2025-11-29T15:28:41.191716Z[0m [32m INFO[0m [2mconvenient_bitbake::pipeline[0m[2m:[0m Recipe "libomxil_0.9.3.bb": 0 tasks total (0 from main, 0 from includes), 6 helpers total (0 from main, 6 from includes)
[2m2025-11-29T15:28:41.192255Z[0m [32m INFO[0m [2mconvenient_bitbake::pipeline[0m[2m:[0m Recipe "speexdsp_1.2.0.bb": 0 tasks total (0 from main, 0 from includes), 6 helpers total (0 from main, 6 from includes)
[2m2025-11-29T15:28:41.193108Z[0m [32m INFO[0m [2mconvenient_bitbake::pipeline[0m[2m:[0m ✓ Extracted 0 tasks from "useradd.bbclass" for recipe "lttng-tools_2.13.9.bb"
[2m2025-11-29T15:28:41.193916Z[0m [32m INFO[0m [2mconvenient_bitbake::pipeline[0m[2m:[0m ✓ Extracted 0 tasks from "autotools.bbclass" for recipe "matchbox-config-gtk_0.2.bb"
[2m2025-11-29T15:28:41.193992Z[0m [32m INFO[0m [2mconvenient_bitbake::pipeline[0m[2m:[0m Recipe "libwebp_1.2.4.bb": 0 tasks total (0 from main, 0 from includes), 6 helpers total (0 from main, 6 from includes)
[2m2025-11-29T15:28:41.194191Z[0m [32m INFO[0m [2mconvenient_bitbake::pipeline[0m[2m:[0m ✓ Extracted 0 tasks from "autotools.bbclass" for recipe "settings-daemon_0.0.2.bb"
[2m2025-11-29T15:28:41.194625Z[0m [32m INFO[0m [2mconvenient_bitbake::pipeline[0m[2m:[0m ✓ Extracted 0 tasks from "autotools.bbclass" for recipe "l3afpad_git.bb"
[2m2025-11-29T15:28:41.195107Z[0m [32m INFO[0m [2mconvenient_bitbake::pipeline[0m[2m:[0m ✓ Extracted 0 tasks from "cmake.bbclass" for recipe "puzzles_git.bb"
[2m2025-11-29T15:28:41.195482Z[0m [32m INFO[0m [2mconvenient_bitbake::pipeline[0m[2m:[0m Recipe "matchbox-terminal_0.2.bb": 0 tasks total (0 from main, 0 from includes), 6 helpers total (0 from main, 6 from includes)
[2m2025-11-29T15:28:41.195537Z[0m [32m INFO[0m [2mconvenient_bitbake::pipeline[0m[2m:[0m Recipe "speex_1.2.0.bb": 0 tasks total (0 from main, 0 from includes), 6 helpers total (0 from main, 6 from includes)
[2m2025-11-29T15:28:41.195561Z[0m [32m INFO[0m [2mconvenient_bitbake::pipeline[0m[2m:[0m ✓ Extracted 0 tasks from "autotools.bbclass" for recipe "matchbox-desktop_2.2.bb"
[2m2025-11-29T15:28:41.196655Z[0m [32m INFO[0m [2mconvenient_bitbake::pipeline[0m[2m:[0m Recipe "gstreamer1.0-rtsp-server_1.20.7.bb": 1 tasks total (0 from main, 1 from includes), 3 helpers total (0 from main, 3 from includes)
[2m2025-11-29T15:28:41.197414Z[0m [32m INFO[0m [2mconvenient_bitbake::pipeline[0m[2m:[0m ✓ Extracted 0 tasks from "autotools.bbclass" for recipe "matchbox-panel-2_2.11.bb"
[2m2025-11-29T15:28:41.198708Z[0m [32m INFO[0m [2mconvenient_bitbake::pipeline[0m[2m:[0m ✓ Extracted 0 tasks from "autotools.bbclass" for recipe "pcmanfm_1.3.2.bb"
[2m2025-11-29T15:28:41.201201Z[0m [32m INFO[0m [2mconvenient_bitbake::pipeline[0m[2m:[0m ✓ Extracted 0 tasks from "cmake.bbclass" for recipe "libwpe_1.12.3.bb"
[2m2025-11-29T15:28:41.201514Z[0m [32m INFO[0m [2mconvenient_bitbake::pipeline[0m[2m:[0m ✓ Extracted 0 tasks from "autotools.bbclass" for recipe "ffmpeg_5.0.3.bb"
[2m2025-11-29T15:28:41.201839Z[0m [32m INFO[0m [2mconvenient_bitbake::pipeline[0m[2m:[0m Recipe "matchbox-config-gtk_0.2.bb": 0 tasks total (0 from main, 0 from includes), 6 helpers total (0 from main, 6 from includes)
[2m2025-11-29T15:28:41.202335Z[0m [32m INFO[0m [2mconvenient_bitbake::pipeline[0m[2m:[0m ✓ Extracted 0 tasks from "autotools.bbclass" for recipe "sato-screenshot_0.3.bb"
[2m2025-11-29T15:28:41.202903Z[0m [32m INFO[0m [2mconvenient_bitbake::pipeline[0m[2m:[0m ✓ Extracted 3 tasks from "rxvt-unicode.inc" for recipe "rxvt-unicode_9.30.bb"
[2m2025-11-29T15:28:41.202918Z[0m [32m INFO[0m [2mconvenient_bitbake::pipeline[0m[2m:[0m Recipe "puzzles_git.bb": 1 tasks total (1 from main, 0 from includes), 6 helpers total (0 from main, 6 from includes)
[2m2025-11-29T15:28:41.202957Z[0m [32m INFO[0m [2mconvenient_bitbake::pipeline[0m[2m:[0m Recipe "rxvt-unicode_9.30.bb": 3 tasks total (0 from main, 3 from includes), 0 helpers total (0 from main, 0 from includes)
[2m2025-11-29T15:28:41.203000Z[0m [32m INFO[0m [2mconvenient_bitbake::pipeline[0m[2m:[0m ✓ Extracted 1 tasks from "gnomebase.bbclass" for recipe "atk_2.38.0.bb"
[2m2025-11-29T15:28:41.203385Z[0m [32m INFO[0m [2mconvenient_bitbake::pipeline[0m[2m:[0m Recipe "ffmpeg_5.0.3.bb": 1 tasks total (1 from main, 0 from includes), 6 helpers total (0 from main, 6 from includes)
[2m2025-11-29T15:28:41.203714Z[0m [32m INFO[0m [2mconvenient_bitbake::pipeline[0m[2m:[0m ✓ Extracted 0 tasks from "autotools.bbclass" for recipe "matchbox-keyboard_0.1.1.bb"
[2m2025-11-29T15:28:41.204426Z[0m [32m INFO[0m [2mconvenient_bitbake::pipeline[0m[2m:[0m Recipe "matchbox-desktop_2.2.bb": 1 tasks total (1 from main, 0 from includes), 6 helpers total (0 from main, 6 from includes)
[2m2025-11-29T15:28:41.205644Z[0m [32m INFO[0m [2mconvenient_bitbake::pipeline[0m[2m:[0m ✓ Extracted 0 tasks from "mime-xdg.bbclass" for recipe "l3afpad_git.bb"
[2m2025-11-29T15:28:41.205707Z[0m [32m INFO[0m [2mconvenient_bitbake::pipeline[0m[2m:[0m Recipe "l3afpad_git.bb": 0 tasks total (0 from main, 0 from includes), 8 helpers total (0 from main, 8 from includes)
[2m2025-11-29T15:28:41.207426Z[0m [32m INFO[0m [2mconvenient_bitbake::pipeline[0m[2m:[0m ✓ Extracted 0 tasks from "gconf.bbclass" for recipe "settings-daemon_0.0.2.bb"
[2m2025-11-29T15:28:41.207975Z[0m [32m INFO[0m [2mconvenient_bitbake::pipeline[0m[2m:[0m ✓ Extracted 1 tasks from "gnomebase.bbclass" for recipe "at-spi2-atk_2.38.0.bb"
[2m2025-11-29T15:28:41.208160Z[0m [32m INFO[0m [2mconvenient_bitbake::pipeline[0m[2m:[0m ✓ Extracted 1 tasks from "gtk-doc.bbclass" for recipe "atk_2.38.0.bb"
[2m2025-11-29T15:28:41.245063Z[0m [32m INFO[0m [2mconvenient_bitbake::pipeline[0m[2m:[0m ✓ Extracted 1 tasks from "meson.bbclass" for recipe "at-spi2-core_2.42.0.bb"
[2m2025-11-29T15:28:41.246005Z[0m [32m INFO[0m [2mconvenient_bitbake::pipeline[0m[2m:[0m Recipe "libwpe_1.12.3.bb": 0 tasks total (0 from main, 0 from includes), 6 helpers total (0 from main, 6 from includes)
[2m2025-11-29T15:28:41.246065Z[0m [32m INFO[0m [2mconvenient_bitbake::pipeline[0m[2m:[0m Recipe "at-spi2-atk_2.38.0.bb": 1 tasks total (0 from main, 1 from includes), 0 helpers total (0 from main, 0 from includes)
[2m2025-11-29T15:28:41.246258Z[0m [32m INFO[0m [2mconvenient_bitbake::pipeline[0m[2m:[0m Recipe "matchbox-panel-2_2.11.bb": 0 tasks total (0 from main, 0 from includes), 6 helpers total (0 from main, 6 from includes)
[2m2025-11-29T15:28:41.246762Z[0m [32m INFO[0m [2mconvenient_bitbake::pipeline[0m[2m:[0m Recipe "sato-screenshot_0.3.bb": 1 tasks total (1 from main, 0 from includes), 6 helpers total (0 from main, 6 from includes)
[2m2025-11-29T15:28:41.247607Z[0m [32m INFO[0m [2mconvenient_bitbake::pipeline[0m[2m:[0m Recipe "settings-daemon_0.0.2.bb": 1 tasks total (1 from main, 0 from includes), 8 helpers total (0 from main, 8 from includes)
[2m2025-11-29T15:28:41.247922Z[0m [32m INFO[0m [2mconvenient_bitbake::pipeline[0m[2m:[0m ✓ Extracted 0 tasks from "mime-xdg.bbclass" for recipe "pcmanfm_1.3.2.bb"
[2m2025-11-29T15:28:41.248094Z[0m [32m INFO[0m [2mconvenient_bitbake::pipeline[0m[2m:[0m Recipe "pcmanfm_1.3.2.bb": 1 tasks total (1 from main, 0 from includes), 8 helpers total (0 from main, 8 from includes)
[2m2025-11-29T15:28:41.248769Z[0m [32m INFO[0m [2mconvenient_bitbake::pipeline[0m[2m:[0m ✓ Extracted 0 tasks from "setuptools3.bbclass" for recipe "bmap-tools_git.bb"
[2m2025-11-29T15:28:41.248870Z[0m [32m INFO[0m [2mconvenient_bitbake::pipeline[0m[2m:[0m Recipe "bmap-tools_git.bb": 0 tasks total (0 from main, 0 from includes), 3 helpers total (0 from main, 3 from includes)
[2m2025-11-29T15:28:41.249217Z[0m [32m INFO[0m [2mconvenient_bitbake::pipeline[0m[2m:[0m ✓ Extracted 1 tasks from "attr.inc" for recipe "attr_2.5.1.bb"
[2m2025-11-29T15:28:41.249265Z[0m [32m INFO[0m [2mconvenient_bitbake::pipeline[0m[2m:[0m Recipe "attr_2.5.1.bb": 1 tasks total (0 from main, 1 from includes), 0 helpers total (0 from main, 0 from includes)
[2m2025-11-29T15:28:41.249310Z[0m [32m INFO[0m [2mconvenient_bitbake::pipeline[0m[2m:[0m ✓ Extracted 1 tasks from "binconfig-disabled.bbclass" for recipe "aspell_0.60.8.bb"
[2m2025-11-29T15:28:41.249393Z[0m [32m INFO[0m [2mconvenient_bitbake::pipeline[0m[2m:[0m Recipe "aspell_0.60.8.bb": 1 tasks total (0 from main, 1 from includes), 1 helpers total (0 from main, 1 from includes)
[2m2025-11-29T15:28:41.252489Z[0m [32m INFO[0m [2mconvenient_bitbake::pipeline[0m[2m:[0m ✓ Extracted 1 tasks from "gtk-doc.bbclass" for recipe "at-spi2-core_2.42.0.bb"
[2m2025-11-29T15:28:41.253523Z[0m [32m INFO[0m [2mconvenient_bitbake::pipeline[0m[2m:[0m Recipe "atk_2.38.0.bb": 2 tasks total (0 from main, 2 from includes), 0 helpers total (0 from main, 0 from includes)
[2m2025-11-29T15:28:41.253925Z[0m [32m INFO[0m [2mconvenient_bitbake::pipeline[0m[2m:[0m ✓ Extracted 0 tasks from "autotools.bbclass" for recipe "enchant2_2.3.2.bb"
[2m2025-11-29T15:28:41.254975Z[0m [32m INFO[0m [2mconvenient_bitbake::pipeline[0m[2m:[0m ✓ Extracted 3 tasks from "boost.inc" for recipe "boost_1.78.0.bb"
[2m2025-11-29T15:28:41.255017Z[0m [32m INFO[0m [2mconvenient_bitbake::pipeline[0m[2m:[0m Recipe "boost_1.78.0.bb": 3 tasks total (0 from main, 3 from includes), 0 helpers total (0 from main, 0 from includes)
[2m2025-11-29T15:28:41.256281Z[0m [32m INFO[0m [2mconvenient_bitbake::pipeline[0m[2m:[0m ✓ Extracted 1 tasks from "native.bbclass" for recipe "boost-build-native_4.4.1.bb"
[2m2025-11-29T15:28:41.256336Z[0m [32m INFO[0m [2mconvenient_bitbake::pipeline[0m[2m:[0m Recipe "boost-build-native_4.4.1.bb": 3 tasks total (2 from main, 1 from includes), 0 helpers total (0 from main, 0 from includes)
[2m2025-11-29T15:28:41.256557Z[0m [32m INFO[0m [2mconvenient_bitbake::pipeline[0m[2m:[0m ✓ Extracted 0 tasks from "systemd.bbclass" for recipe "lttng-tools_2.13.9.bb"
[2m2025-11-29T15:28:41.256624Z[0m [32m INFO[0m [2mconvenient_bitbake::pipeline[0m[2m:[0m Recipe "lttng-tools_2.13.9.bb": 7 tasks total (2 from main, 5 from includes), 10 helpers total (0 from main, 10 from includes)
[2m2025-11-29T15:28:41.256934Z[0m [32m INFO[0m [2mconvenient_bitbake::pipeline[0m[2m:[0m ✓ Extracted 0 tasks from "setuptools3.bbclass" for recipe "diffoscope_208.bb"
[2m2025-11-29T15:28:41.256987Z[0m [32m INFO[0m [2mconvenient_bitbake::pipeline[0m[2m:[0m Recipe "diffoscope_208.bb": 0 tasks total (0 from main, 0 from includes), 3 helpers total (0 from main, 3 from includes)
[2m2025-11-29T15:28:41.257697Z[0m [32m INFO[0m [2mconvenient_bitbake::pipeline[0m[2m:[0m Recipe "enchant2_2.3.2.bb": 0 tasks total (0 from main, 0 from includes), 6 helpers total (0 from main, 6 from includes)
[2m2025-11-29T15:28:41.258045Z[0m [32m INFO[0m [2mconvenient_bitbake::pipeline[0m[2m:[0m ✓ Extracted 0 tasks from "autotools.bbclass" for recipe "libtasn1_4.20.0.bb"
[2m2025-11-29T15:28:41.259225Z[0m [32m INFO[0m [2mconvenient_bitbake::pipeline[0m[2m:[0m ✓ Extracted 0 tasks from "gtk-immodules-cache.bbclass" for recipe "matchbox-keyboard_0.1.1.bb"
[2m2025-11-29T15:28:41.260140Z[0m [32m INFO[0m [2mconvenient_bitbake::pipeline[0m[2m:[0m ✓ Extracted 0 tasks from "binconfig.bbclass" for recipe "apr_1.7.5.bb"
[2m2025-11-29T15:28:41.261243Z[0m [32m INFO[0m [2mconvenient_bitbake::pipeline[0m[2m:[0m ✓ Extracted 1 tasks from "meson.bbclass" for recipe "fribidi_1.0.13.bb"
[2m2025-11-29T15:28:41.261983Z[0m [32m INFO[0m [2mconvenient_bitbake::pipeline[0m[2m:[0m ✓ Extracted 1 tasks from "meson.bbclass" for recipe "wpebackend-fdo_1.14.2.bb"
[2m2025-11-29T15:28:41.262710Z[0m [32m INFO[0m [2mconvenient_bitbake::pipeline[0m[2m:[0m ✓ Extracted 0 tasks from "multilib_header.bbclass" for recipe "apr_1.7.5.bb"
[2m2025-11-29T15:28:41.263703Z[0m [32m INFO[0m [2mconvenient_bitbake::pipeline[0m[2m:[0m Recipe "matchbox-keyboard_0.1.1.bb": 1 tasks total (1 from main, 0 from includes), 8 helpers total (0 from main, 8 from includes)
[2m2025-11-29T15:28:41.264199Z[0m [32m INFO[0m [2mconvenient_bitbake::pipeline[0m[2m:[0m ✓ Extracted 0 tasks from "autotools.bbclass" for recipe "argp-standalone_1.3.bb"
[2m2025-11-29T15:28:41.264245Z[0m [32m INFO[0m [2mconvenient_bitbake::pipeline[0m[2m:[0m Recipe "argp-standalone_1.3.bb": 1 tasks total (1 from main, 0 from includes), 6 helpers total (0 from main, 6 from includes)
[2m2025-11-29T15:28:41.264573Z[0m [32m INFO[0m [2mconvenient_bitbake::pipeline[0m[2m:[0m ✓ Extracted 0 tasks from "autotools.bbclass" for recipe "libassuan_2.5.6.bb"
[2m2025-11-29T15:28:41.265056Z[0m [32m INFO[0m [2mconvenient_bitbake::pipeline[0m[2m:[0m Recipe "fribidi_1.0.13.bb": 1 tasks total (0 from main, 1 from includes), 3 helpers total (0 from main, 3 from includes)
[2m2025-11-29T15:28:41.265483Z[0m [32m INFO[0m [2mconvenient_bitbake::pipeline[0m[2m:[0m ✓ Extracted 0 tasks from "autotools.bbclass" for recipe "acl_2.3.1.bb"
[2m2025-11-29T15:28:41.266239Z[0m [32m INFO[0m [2mconvenient_bitbake::pipeline[0m[2m:[0m ✓ Extracted 0 tasks from "autotools.bbclass" for recipe "bash-completion_2.11.bb"
[2m2025-11-29T15:28:41.266305Z[0m [32m INFO[0m [2mconvenient_bitbake::pipeline[0m[2m:[0m Recipe "bash-completion_2.11.bb": 1 tasks total (1 from main, 0 from includes), 6 helpers total (0 from main, 6 from includes)
[2m2025-11-29T15:28:41.267181Z[0m [32m INFO[0m [2mconvenient_bitbake::pipeline[0m[2m:[0m ✓ Extracted 0 tasks from "autotools.bbclass" for recipe "gnome-desktop-testing_2021.1.bb"
[2m2025-11-29T15:28:41.268242Z[0m [32m INFO[0m [2mconvenient_bitbake::pipeline[0m[2m:[0m ✓ Extracted 0 tasks from "autotools.bbclass" for recipe "gnupg_2.3.7.bb"
[2m2025-11-29T15:28:41.268364Z[0m [32m INFO[0m [2mconvenient_bitbake::pipeline[0m[2m:[0m ✓ Extracted 0 tasks from "autotools.bbclass" for recipe "curl_7.82.0.bb"
[2m2025-11-29T15:28:41.268404Z[0m [32m INFO[0m [2mconvenient_bitbake::pipeline[0m[2m:[0m ✓ Extracted 0 tasks from "autotools.bbclass" for recipe "libatomic-ops_7.6.14.bb"
[2m2025-11-29T15:28:41.268723Z[0m [32m INFO[0m [2mconvenient_bitbake::pipeline[0m[2m:[0m ✓ Extracted 6 tasks from "ptest.bbclass" for recipe "apr_1.7.5.bb"
[2m2025-11-29T15:28:41.269008Z[0m [32m INFO[0m [2mconvenient_bitbake::pipeline[0m[2m:[0m Recipe "gnome-desktop-testing_2021.1.bb": 0 tasks total (0 from main, 0 from includes), 6 helpers total (0 from main, 6 from includes)
[2m2025-11-29T15:28:41.269107Z[0m [32m INFO[0m [2mconvenient_bitbake::pipeline[0m[2m:[0m ✓ Extracted 0 tasks from "autotools.bbclass" for recipe "debianutils_5.7.bb"
[2m2025-11-29T15:28:41.270226Z[0m [32m INFO[0m [2mconvenient_bitbake::pipeline[0m[2m:[0m Recipe "libatomic-ops_7.6.14.bb": 0 tasks total (0 from main, 0 from includes), 6 helpers total (0 from main, 6 from includes)
[2m2025-11-29T15:28:41.270524Z[0m [32m INFO[0m [2mconvenient_bitbake::pipeline[0m[2m:[0m   Progress: 800/884 recipes parsed (90.5%)
[2m2025-11-29T15:28:41.271121Z[0m [32m INFO[0m [2mconvenient_bitbake::pipeline[0m[2m:[0m ✓ Extracted 0 tasks from "autotools.bbclass" for recipe "consolekit_0.4.6.bb"
[2m2025-11-29T15:28:41.271320Z[0m [32m INFO[0m [2mconvenient_bitbake::pipeline[0m[2m:[0m ✓ Extracted 0 tasks from "autotools.bbclass" for recipe "gpgme_1.17.1.bb"
[2m2025-11-29T15:28:41.271643Z[0m [32m INFO[0m [2mconvenient_bitbake::pipeline[0m[2m:[0m ✓ Extracted 0 tasks from "multilib_script.bbclass" for recipe "apr_1.7.5.bb"
[2m2025-11-29T15:28:41.271694Z[0m [32m INFO[0m [2mconvenient_bitbake::pipeline[0m[2m:[0m Recipe "apr_1.7.5.bb": 8 tasks total (5 from main, 3 from includes), 5 helpers total (1 from main, 4 from includes)
[2m2025-11-29T15:28:41.272133Z[0m [32m INFO[0m [2mconvenient_bitbake::pipeline[0m[2m:[0m ✓ Extracted 0 tasks from "systemd.bbclass" for recipe "at-spi2-core_2.42.0.bb"
[2m2025-11-29T15:28:41.272319Z[0m [32m INFO[0m [2mconvenient_bitbake::pipeline[0m[2m:[0m ✓ Extracted 1 tasks from "gtk-doc.bbclass" for recipe "libtasn1_4.20.0.bb"
[2m2025-11-29T15:28:41.272380Z[0m [32m INFO[0m [2mconvenient_bitbake::pipeline[0m[2m:[0m Recipe "libtasn1_4.20.0.bb": 1 tasks total (0 from main, 1 from includes), 6 helpers total (0 from main, 6 from includes)
[2m2025-11-29T15:28:41.272682Z[0m [32m INFO[0m [2mconvenient_bitbake::pipeline[0m[2m:[0m ✓ Extracted 1 tasks from "gnomebase.bbclass" for recipe "libcroco_0.6.13.bb"
[2m2025-11-29T15:28:41.273649Z[0m [32m INFO[0m [2mconvenient_bitbake::pipeline[0m[2m:[0m ✓ Extracted 0 tasks from "autotools.bbclass" for recipe "apr-util_1.6.3.bb"
[2m2025-11-29T15:28:41.274277Z[0m [32m INFO[0m [2mconvenient_bitbake::pipeline[0m[2m:[0m ✓ Extracted 0 tasks from "autotools.bbclass" for recipe "libdaemon_0.14.bb"
[2m2025-11-29T15:28:41.275207Z[0m [32m INFO[0m [2mconvenient_bitbake::pipeline[0m[2m:[0m ✓ Extracted 0 tasks from "autotools.bbclass" for recipe "libcheck_0.15.2.bb"
[2m2025-11-29T15:28:41.275447Z[0m [32m INFO[0m [2mconvenient_bitbake::pipeline[0m[2m:[0m ✓ Extracted 0 tasks from "autotools.bbclass" for recipe "gdbm_1.23.bb"
[2m2025-11-29T15:28:41.275612Z[0m [32m INFO[0m [2mconvenient_bitbake::pipeline[0m[2m:[0m Recipe "gnupg_2.3.7.bb": 2 tasks total (2 from main, 0 from includes), 7 helpers total (1 from main, 6 from includes)
[2m2025-11-29T15:28:41.275927Z[0m [32m INFO[0m [2mconvenient_bitbake::pipeline[0m[2m:[0m ✓ Extracted 6 tasks from "ptest.bbclass" for recipe "acl_2.3.1.bb"
[2m2025-11-29T15:28:41.275976Z[0m [32m INFO[0m [2mconvenient_bitbake::pipeline[0m[2m:[0m Recipe "acl_2.3.1.bb": 6 tasks total (2 from main, 4 from includes), 6 helpers total (0 from main, 6 from includes)
[2m2025-11-29T15:28:41.276277Z[0m [32m INFO[0m [2mconvenient_bitbake::pipeline[0m[2m:[0m Recipe "wpebackend-fdo_1.14.2.bb": 1 tasks total (0 from main, 1 from includes), 3 helpers total (0 from main, 3 from includes)
[2m2025-11-29T15:28:41.276341Z[0m [32m INFO[0m [2mconvenient_bitbake::pipeline[0m[2m:[0m Recipe "libdaemon_0.14.bb": 0 tasks total (0 from main, 0 from includes), 6 helpers total (0 from main, 6 from includes)
[2m2025-11-29T15:28:41.276840Z[0m [32m INFO[0m [2mconvenient_bitbake::pipeline[0m[2m:[0m Recipe "consolekit_0.4.6.bb": 1 tasks total (1 from main, 0 from includes), 6 helpers total (0 from main, 6 from includes)
[2m2025-11-29T15:28:41.276971Z[0m [32m INFO[0m [2mconvenient_bitbake::pipeline[0m[2m:[0m ✓ Extracted 0 tasks from "cmake.bbclass" for recipe "webkitgtk_2.36.8.bb"
[2m2025-11-29T15:28:41.277408Z[0m [32m INFO[0m [2mconvenient_bitbake::pipeline[0m[2m:[0m ✓ Extracted 1 tasks from "binconfig-disabled.bbclass" for recipe "gpgme_1.17.1.bb"
[2m2025-11-29T15:28:41.277549Z[0m [32m INFO[0m [2mconvenient_bitbake::pipeline[0m[2m:[0m ✓ Extracted 0 tasks from "autotools.bbclass" for recipe "gnutls_3.7.4.bb"
[2m2025-11-29T15:28:41.277818Z[0m [32m INFO[0m [2mconvenient_bitbake::pipeline[0m[2m:[0m ✓ Extracted 0 tasks from "binconfig.bbclass" for recipe "curl_7.82.0.bb"
[2m2025-11-29T15:28:41.278335Z[0m [32m INFO[0m [2mconvenient_bitbake::pipeline[0m[2m:[0m ✓ Extracted 1 tasks from "gtk-doc.bbclass" for recipe "libcroco_0.6.13.bb"
[2m2025-11-29T15:28:41.279932Z[0m [32m INFO[0m [2mconvenient_bitbake::pipeline[0m[2m:[0m ✓ Extracted 0 tasks from "binconfig.bbclass" for recipe "apr-util_1.6.3.bb"
[2m2025-11-29T15:28:41.280177Z[0m [32m INFO[0m [2mconvenient_bitbake::pipeline[0m[2m:[0m ✓ Extracted 0 tasks from "autotools.bbclass" for recipe "iso-codes_4.15.0.bb"
[2m2025-11-29T15:28:41.280214Z[0m [32m INFO[0m [2mconvenient_bitbake::pipeline[0m[2m:[0m Recipe "iso-codes_4.15.0.bb": 0 tasks total (0 from main, 0 from includes), 6 helpers total (0 from main, 6 from includes)
[2m2025-11-29T15:28:41.280421Z[0m [32m INFO[0m [2mconvenient_bitbake::pipeline[0m[2m:[0m ✓ Extracted 0 tasks from "autotools.bbclass" for recipe "libbsd_0.11.5.bb"
[2m2025-11-29T15:28:41.280978Z[0m [32m INFO[0m [2mconvenient_bitbake::pipeline[0m[2m:[0m ✓ Extracted 1 tasks from "binconfig-disabled.bbclass" for recipe "libcroco_0.6.13.bb"
[2m2025-11-29T15:28:41.281023Z[0m [32m INFO[0m [2mconvenient_bitbake::pipeline[0m[2m:[0m Recipe "libcroco_0.6.13.bb": 3 tasks total (0 from main, 3 from includes), 1 helpers total (0 from main, 1 from includes)
[2m2025-11-29T15:28:41.281318Z[0m [32m INFO[0m [2mconvenient_bitbake::pipeline[0m[2m:[0m ✓ Extracted 0 tasks from "autotools.bbclass" for recipe "libcap-ng-python_0.8.2.bb"
[2m2025-11-29T15:28:41.281384Z[0m [32m INFO[0m [2mconvenient_bitbake::pipeline[0m[2m:[0m Recipe "libcheck_0.15.2.bb": 0 tasks total (0 from main, 0 from includes), 6 helpers total (0 from main, 6 from includes)
[2m2025-11-29T15:28:41.281390Z[0m [32m INFO[0m [2mconvenient_bitbake::pipeline[0m[2m:[0m ✓ Extracted 0 tasks from "multilib_header.bbclass" for recipe "curl_7.82.0.bb"
[2m2025-11-29T15:28:41.282745Z[0m [32m INFO[0m [2mconvenient_bitbake::pipeline[0m[2m:[0m ✓ Extracted 1 tasks from "binconfig-disabled.bbclass" for recipe "libassuan_2.5.6.bb"
[2m2025-11-29T15:28:41.282848Z[0m [32m INFO[0m [2mconvenient_bitbake::pipeline[0m[2m:[0m Recipe "libbsd_0.11.5.bb": 0 tasks total (0 from main, 0 from includes), 6 helpers total (0 from main, 6 from includes)
[2m2025-11-29T15:28:41.283306Z[0m [32m INFO[0m [2mconvenient_bitbake::pipeline[0m[2m:[0m ✓ Extracted 0 tasks from "autotools.bbclass" for recipe "libexif_0.6.24.bb"
[2m2025-11-29T15:28:41.283520Z[0m [32m INFO[0m [2mconvenient_bitbake::pipeline[0m[2m:[0m ✓ Extracted 0 tasks from "autotools.bbclass" for recipe "itstool_2.0.7.bb"
[2m2025-11-29T15:28:41.283811Z[0m [32m INFO[0m [2mconvenient_bitbake::pipeline[0m[2m:[0m ✓ Extracted 0 tasks from "multilib_script.bbclass" for recipe "apr-util_1.6.3.bb"
[2m2025-11-29T15:28:41.283904Z[0m [32m INFO[0m [2mconvenient_bitbake::pipeline[0m[2m:[0m Recipe "at-spi2-core_2.42.0.bb": 2 tasks total (0 from main, 2 from includes), 5 helpers total (0 from main, 5 from includes)
[2m2025-11-29T15:28:41.285613Z[0m [32m INFO[0m [2mconvenient_bitbake::pipeline[0m[2m:[0m ✓ Extracted 0 tasks from "multilib_script.bbclass" for recipe "curl_7.82.0.bb"
[2m2025-11-29T15:28:41.285661Z[0m [32m INFO[0m [2mconvenient_bitbake::pipeline[0m[2m:[0m Recipe "curl_7.82.0.bb": 0 tasks total (0 from main, 0 from includes), 10 helpers total (0 from main, 10 from includes)
[2m2025-11-29T15:28:41.285871Z[0m [32m INFO[0m [2mconvenient_bitbake::pipeline[0m[2m:[0m ✓ Extracted 0 tasks from "autotools.bbclass" for recipe "db_5.3.28.bb"
[2m2025-11-29T15:28:41.285967Z[0m [32m INFO[0m [2mconvenient_bitbake::pipeline[0m[2m:[0m ✓ Extracted 0 tasks from "autotools.bbclass" for recipe "libevent_2.1.12.bb"
[2m2025-11-29T15:28:41.286818Z[0m [32m INFO[0m [2mconvenient_bitbake::pipeline[0m[2m:[0m ✓ Extracted 0 tasks from "autotools.bbclass" for recipe "libfm-extra_1.3.2.bb"
[2m2025-11-29T15:28:41.287465Z[0m [32m INFO[0m [2mconvenient_bitbake::pipeline[0m[2m:[0m Recipe "itstool_2.0.7.bb": 0 tasks total (0 from main, 0 from includes), 6 helpers total (0 from main, 6 from includes)
[2m2025-11-29T15:28:41.287706Z[0m [32m INFO[0m [2mconvenient_bitbake::pipeline[0m[2m:[0m Recipe "db_5.3.28.bb": 2 tasks total (2 from main, 0 from includes), 6 helpers total (0 from main, 6 from includes)
[2m2025-11-29T15:28:41.287830Z[0m [32m INFO[0m [2mconvenient_bitbake::pipeline[0m[2m:[0m ✓ Extracted 0 tasks from "autotools.bbclass" for recipe "libcap-ng_0.8.2.bb"
[2m2025-11-29T15:28:41.287885Z[0m [32m INFO[0m [2mconvenient_bitbake::pipeline[0m[2m:[0m Recipe "libcap-ng_0.8.2.bb": 1 tasks total (1 from main, 0 from includes), 6 helpers total (0 from main, 6 from includes)
[2m2025-11-29T15:28:41.288075Z[0m [32m INFO[0m [2mconvenient_bitbake::pipeline[0m[2m:[0m ✓ Extracted 0 tasks from "autotools.bbclass" for recipe "libgcrypt_1.9.4.bb"
[2m2025-11-29T15:28:41.288158Z[0m [32m INFO[0m [2mconvenient_bitbake::pipeline[0m[2m:[0m ✓ Extracted 0 tasks from "autotools.bbclass" for recipe "libffi_3.4.4.bb"
[2m2025-11-29T15:28:41.288464Z[0m [32m INFO[0m [2mconvenient_bitbake::pipeline[0m[2m:[0m Recipe "libcap-ng-python_0.8.2.bb": 1 tasks total (1 from main, 0 from includes), 6 helpers total (0 from main, 6 from includes)
[2m2025-11-29T15:28:41.288628Z[0m [32m INFO[0m [2mconvenient_bitbake::pipeline[0m[2m:[0m ✓ Extracted 0 tasks from "multilib_header.bbclass" for recipe "libassuan_2.5.6.bb"
[2m2025-11-29T15:28:41.288675Z[0m [32m INFO[0m [2mconvenient_bitbake::pipeline[0m[2m:[0m Recipe "libassuan_2.5.6.bb": 2 tasks total (2 from main, 0 from includes), 8 helpers total (0 from main, 8 from includes)
[2m2025-11-29T15:28:41.290245Z[0m [32m INFO[0m [2mconvenient_bitbake::pipeline[0m[2m:[0m ✓ Extracted 0 tasks from "autotools.bbclass" for recipe "libevdev_1.12.1.bb"
[2m2025-11-29T15:28:41.290626Z[0m [32m INFO[0m [2mconvenient_bitbake::pipeline[0m[2m:[0m Recipe "libexif_0.6.24.bb": 0 tasks total (0 from main, 0 from includes), 6 helpers total (0 from main, 6 from includes)
[2m2025-11-29T15:28:41.291494Z[0m [32m INFO[0m [2mconvenient_bitbake::pipeline[0m[2m:[0m ✓ Extracted 6 tasks from "ptest.bbclass" for recipe "apr-util_1.6.3.bb"
[2m2025-11-29T15:28:41.291658Z[0m [32m INFO[0m [2mconvenient_bitbake::pipeline[0m[2m:[0m Recipe "apr-util_1.6.3.bb": 7 tasks total (3 from main, 4 from includes), 9 helpers total (0 from main, 9 from includes)
[2m2025-11-29T15:28:41.291773Z[0m [32m INFO[0m [2mconvenient_bitbake::pipeline[0m[2m:[0m ✓ Extracted 0 tasks from "multilib_header.bbclass" for recipe "gpgme_1.17.1.bb"
[2m2025-11-29T15:28:41.291846Z[0m [32m INFO[0m [2mconvenient_bitbake::pipeline[0m[2m:[0m Recipe "gpgme_1.17.1.bb": 2 tasks total (2 from main, 0 from includes), 8 helpers total (0 from main, 8 from includes)
[2m2025-11-29T15:28:41.292214Z[0m [32m INFO[0m [2mconvenient_bitbake::pipeline[0m[2m:[0m ✓ Extracted 0 tasks from "cmake.bbclass" for recipe "libgit2_1.4.5.bb"
[2m2025-11-29T15:28:41.292267Z[0m [32m INFO[0m [2mconvenient_bitbake::pipeline[0m[2m:[0m Recipe "libgit2_1.4.5.bb": 0 tasks total (0 from main, 0 from includes), 6 helpers total (0 from main, 6 from includes)
[2m2025-11-29T15:28:41.292577Z[0m [32m INFO[0m [2mconvenient_bitbake::pipeline[0m[2m:[0m ✓ Extracted 6 tasks from "ptest.bbclass" for recipe "libevent_2.1.12.bb"
[2m2025-11-29T15:28:41.293056Z[0m [32m INFO[0m [2mconvenient_bitbake::pipeline[0m[2m:[0m ✓ Extracted 0 tasks from "autotools.bbclass" for recipe "libfm_1.3.2.bb"
[2m2025-11-29T15:28:41.293131Z[0m [32m INFO[0m [2mconvenient_bitbake::pipeline[0m[2m:[0m ✓ Extracted 6 tasks from "ptest.bbclass" for recipe "gdbm_1.23.bb"
[2m2025-11-29T15:28:41.293210Z[0m [32m INFO[0m [2mconvenient_bitbake::pipeline[0m[2m:[0m Recipe "gdbm_1.23.bb": 7 tasks total (2 from main, 5 from includes), 6 helpers total (0 from main, 6 from includes)
[2m2025-11-29T15:28:41.293687Z[0m [32m INFO[0m [2mconvenient_bitbake::pipeline[0m[2m:[0m Recipe "libevdev_1.12.1.bb": 0 tasks total (0 from main, 0 from includes), 6 helpers total (0 from main, 6 from includes)
[2m2025-11-29T15:28:41.293840Z[0m [32m INFO[0m [2mconvenient_bitbake::pipeline[0m[2m:[0m ✓ Extracted 0 tasks from "autotools.bbclass" for recipe "icu_70.1.bb"
[2m2025-11-29T15:28:41.294832Z[0m [32m INFO[0m [2mconvenient_bitbake::pipeline[0m[2m:[0m ✓ Extracted 1 tasks from "binconfig-disabled.bbclass" for recipe "libgcrypt_1.9.4.bb"
[2m2025-11-29T15:28:41.296980Z[0m [32m INFO[0m [2mconvenient_bitbake::pipeline[0m[2m:[0m ✓ Extracted 0 tasks from "multilib_header.bbclass" for recipe "libevent_2.1.12.bb"
[2m2025-11-29T15:28:41.297027Z[0m [32m INFO[0m [2mconvenient_bitbake::pipeline[0m[2m:[0m Recipe "libevent_2.1.12.bb": 7 tasks total (2 from main, 5 from includes), 7 helpers total (0 from main, 7 from includes)
[2m2025-11-29T15:28:41.297060Z[0m [32m INFO[0m [2mconvenient_bitbake::pipeline[0m[2m:[0m ✓ Extracted 0 tasks from "autotools.bbclass" for recipe "libmicrohttpd_0.9.76.bb"
[2m2025-11-29T15:28:41.297060Z[0m [32m INFO[0m [2mconvenient_bitbake::pipeline[0m[2m:[0m ✓ Extracted 0 tasks from "autotools.bbclass" for recipe "libgpg-error_1.44.bb"
[2m2025-11-29T15:28:41.298035Z[0m [32m INFO[0m [2mconvenient_bitbake::pipeline[0m[2m:[0m ✓ Extracted 0 tasks from "autotools.bbclass" for recipe "libpcre2_10.40.bb"
[2m2025-11-29T15:28:41.298448Z[0m [32m INFO[0m [2mconvenient_bitbake::pipeline[0m[2m:[0m Recipe "libgcrypt_1.9.4.bb": 2 tasks total (2 from main, 0 from includes), 7 helpers total (0 from main, 7 from includes)
[2m2025-11-29T15:28:41.298945Z[0m [32m INFO[0m [2mconvenient_bitbake::pipeline[0m[2m:[0m ✓ Extracted 0 tasks from "autotools.bbclass" for recipe "libmd_1.0.4.bb"
[2m2025-11-29T15:28:41.298993Z[0m [32m INFO[0m [2mconvenient_bitbake::pipeline[0m[2m:[0m Recipe "libmd_1.0.4.bb": 0 tasks total (0 from main, 0 from includes), 6 helpers total (0 from main, 6 from includes)
[2m2025-11-29T15:28:41.299707Z[0m [32m INFO[0m [2mconvenient_bitbake::pipeline[0m[2m:[0m ✓ Extracted 0 tasks from "autotools.bbclass" for recipe "libnl_3.5.0.bb"
[2m2025-11-29T15:28:41.345987Z[0m [32m INFO[0m [2mconvenient_bitbake::pipeline[0m[2m:[0m ✓ Extracted 1 tasks from "gtk-doc.bbclass" for recipe "gnutls_3.7.4.bb"
[2m2025-11-29T15:28:41.346057Z[0m [32m INFO[0m [2mconvenient_bitbake::pipeline[0m[2m:[0m Recipe "gnutls_3.7.4.bb": 2 tasks total (1 from main, 1 from includes), 6 helpers total (0 from main, 6 from includes)
[2m2025-11-29T15:28:41.346638Z[0m [32m INFO[0m [2mconvenient_bitbake::pipeline[0m[2m:[0m ✓ Extracted 0 tasks from "cmake.bbclass" for recipe "libical_3.0.16.bb"
[2m2025-11-29T15:28:41.346867Z[0m [32m INFO[0m [2mconvenient_bitbake::pipeline[0m[2m:[0m ✓ Extracted 0 tasks from "autotools.bbclass" for recipe "libssh2_1.10.0.bb"
[2m2025-11-29T15:28:41.347133Z[0m [32m INFO[0m [2mconvenient_bitbake::pipeline[0m[2m:[0m ✓ Extracted 0 tasks from "autotools.bbclass" for recipe "libpsl_0.21.1.bb"
[2m2025-11-29T15:28:41.347366Z[0m [32m INFO[0m [2mconvenient_bitbake::pipeline[0m[2m:[0m ✓ Extracted 0 tasks from "autotools.bbclass" for recipe "libksba_1.6.4.bb"
[2m2025-11-29T15:28:41.347552Z[0m [32m INFO[0m [2mconvenient_bitbake::pipeline[0m[2m:[0m ✓ Extracted 0 tasks from "multilib_header.bbclass" for recipe "libffi_3.4.4.bb"
[2m2025-11-29T15:28:41.347603Z[0m [32m INFO[0m [2mconvenient_bitbake::pipeline[0m[2m:[0m Recipe "libffi_3.4.4.bb": 1 tasks total (1 from main, 0 from includes), 7 helpers total (0 from main, 7 from includes)
[2m2025-11-29T15:28:41.347643Z[0m [32m INFO[0m [2mconvenient_bitbake::pipeline[0m[2m:[0m ✓ Extracted 1 tasks from "binconfig-disabled.bbclass" for recipe "libgpg-error_1.44.bb"
[2m2025-11-29T15:28:41.348863Z[0m [32m INFO[0m [2mconvenient_bitbake::pipeline[0m[2m:[0m ✓ Extracted 1 tasks from "binconfig-disabled.bbclass" for recipe "libpcre2_10.40.bb"
[2m2025-11-29T15:28:41.349032Z[0m [32m INFO[0m [2mconvenient_bitbake::pipeline[0m[2m:[0m Recipe "libpcre2_10.40.bb": 1 tasks total (0 from main, 1 from includes), 7 helpers total (0 from main, 7 from includes)
[2m2025-11-29T15:28:41.349179Z[0m [32m INFO[0m [2mconvenient_bitbake::pipeline[0m[2m:[0m ✓ Extracted 1 tasks from "libunwind.inc" for recipe "libunwind_1.6.2.bb"
[2m2025-11-29T15:28:41.349238Z[0m [32m INFO[0m [2mconvenient_bitbake::pipeline[0m[2m:[0m ✓ Extracted 0 tasks from "autotools.bbclass" for recipe "libunistring_1.0.bb"
[2m2025-11-29T15:28:41.349264Z[0m [32m INFO[0m [2mconvenient_bitbake::pipeline[0m[2m:[0m Recipe "debianutils_5.7.bb": 2 tasks total (2 from main, 0 from includes), 6 helpers total (0 from main, 6 from includes)
[2m2025-11-29T15:28:41.349265Z[0m [32m INFO[0m [2mconvenient_bitbake::pipeline[0m[2m:[0m Recipe "libunwind_1.6.2.bb": 1 tasks total (0 from main, 1 from includes), 0 helpers total (0 from main, 0 from includes)
[2m2025-11-29T15:28:41.349660Z[0m [32m INFO[0m [2mconvenient_bitbake::pipeline[0m[2m:[0m ✓ Extracted 1 tasks from "gtk-doc.bbclass" for recipe "libfm-extra_1.3.2.bb"
[2m2025-11-29T15:28:41.350693Z[0m [32m INFO[0m [2mconvenient_bitbake::pipeline[0m[2m:[0m ✓ Extracted 1 tasks from "binconfig-disabled.bbclass" for recipe "libksba_1.6.4.bb"
[2m2025-11-29T15:28:41.351105Z[0m [32m INFO[0m [2mconvenient_bitbake::pipeline[0m[2m:[0m ✓ Extracted 0 tasks from "binconfig.bbclass" for recipe "icu_70.1.bb"
[2m2025-11-29T15:28:41.351398Z[0m [32m INFO[0m [2mconvenient_bitbake::pipeline[0m[2m:[0m ✓ Extracted 1 tasks from "gtk-doc.bbclass" for recipe "libfm_1.3.2.bb"
[2m2025-11-29T15:28:41.352997Z[0m [32m INFO[0m [2mconvenient_bitbake::pipeline[0m[2m:[0m ✓ Extracted 0 tasks from "autotools.bbclass" for recipe "libusb1_1.0.26.bb"
[2m2025-11-29T15:28:41.354030Z[0m [32m INFO[0m [2mconvenient_bitbake::pipeline[0m[2m:[0m Recipe "libunistring_1.0.bb": 0 tasks total (0 from main, 0 from includes), 6 helpers total (0 from main, 6 from includes)
[2m2025-11-29T15:28:41.354935Z[0m [32m INFO[0m [2mconvenient_bitbake::pipeline[0m[2m:[0m Recipe "libfm-extra_1.3.2.bb": 1 tasks total (0 from main, 1 from includes), 6 helpers total (0 from main, 6 from includes)
[2m2025-11-29T15:28:41.355058Z[0m [32m INFO[0m [2mconvenient_bitbake::pipeline[0m[2m:[0m ✓ Extracted 1 tasks from "meson.bbclass" for recipe "libsoup-2.4_2.74.2.bb"
[2m2025-11-29T15:28:41.355548Z[0m [32m INFO[0m [2mconvenient_bitbake::pipeline[0m[2m:[0m ✓ Extracted 1 tasks from "gtk-doc.bbclass" for recipe "webkitgtk_2.36.8.bb"
[2m2025-11-29T15:28:41.355648Z[0m [32m INFO[0m [2mconvenient_bitbake::pipeline[0m[2m:[0m Recipe "webkitgtk_2.36.8.bb": 1 tasks total (0 from main, 1 from includes), 8 helpers total (2 from main, 6 from includes)
[2m2025-11-29T15:28:41.356180Z[0m [32m INFO[0m [2mconvenient_bitbake::pipeline[0m[2m:[0m Recipe "libmicrohttpd_0.9.76.bb": 1 tasks total (1 from main, 0 from includes), 6 helpers total (0 from main, 6 from includes)
[2m2025-11-29T15:28:41.356207Z[0m [32m INFO[0m [2mconvenient_bitbake::pipeline[0m[2m:[0m ✓ Extracted 0 tasks from "multilib_script.bbclass" for recipe "icu_70.1.bb"
[2m2025-11-29T15:28:41.356272Z[0m [32m INFO[0m [2mconvenient_bitbake::pipeline[0m[2m:[0m Recipe "icu_70.1.bb": 1 tasks total (1 from main, 0 from includes), 9 helpers total (0 from main, 9 from includes)
[2m2025-11-29T15:28:41.356542Z[0m [32m INFO[0m [2mconvenient_bitbake::pipeline[0m[2m:[0m ✓ Extracted 1 tasks from "meson.bbclass" for recipe "libsoup_3.0.7.bb"
[2m2025-11-29T15:28:41.357294Z[0m [32m INFO[0m [2mconvenient_bitbake::pipeline[0m[2m:[0m Recipe "libksba_1.6.4.bb": 2 tasks total (1 from main, 1 from includes), 7 helpers total (0 from main, 7 from includes)
[2m2025-11-29T15:28:41.357307Z[0m [32m INFO[0m [2mconvenient_bitbake::pipeline[0m[2m:[0m ✓ Extracted 0 tasks from "autotools.bbclass" for recipe "lzo_2.10.bb"
[2m2025-11-29T15:28:41.357571Z[0m [32m INFO[0m [2mconvenient_bitbake::pipeline[0m[2m:[0m ✓ Extracted 6 tasks from "ptest.bbclass" for recipe "libnl_3.5.0.bb"
[2m2025-11-29T15:28:41.357624Z[0m [32m INFO[0m [2mconvenient_bitbake::pipeline[0m[2m:[0m Recipe "libnl_3.5.0.bb": 6 tasks total (2 from main, 4 from includes), 6 helpers total (0 from main, 6 from includes)
[2m2025-11-29T15:28:41.358725Z[0m [32m INFO[0m [2mconvenient_bitbake::pipeline[0m[2m:[0m ✓ Extracted 0 tasks from "autotools.bbclass" for recipe "libpcre_8.45.bb"
[2m2025-11-29T15:28:41.359070Z[0m [32m INFO[0m [2mconvenient_bitbake::pipeline[0m[2m:[0m ✓ Extracted 1 tasks from "gtk-doc.bbclass" for recipe "libpsl_0.21.1.bb"
[2m2025-11-29T15:28:41.359764Z[0m [32m INFO[0m [2mconvenient_bitbake::pipeline[0m[2m:[0m ✓ Extracted 0 tasks from "autotools.bbclass" for recipe "libxslt_1.1.35.bb"
[2m2025-11-29T15:28:41.359990Z[0m [32m INFO[0m [2mconvenient_bitbake::pipeline[0m[2m:[0m ✓ Extracted 6 tasks from "ptest.bbclass" for recipe "libseccomp_2.5.3.bb"
[2m2025-11-29T15:28:41.360111Z[0m [32m INFO[0m [2mconvenient_bitbake::pipeline[0m[2m:[0m ✓ Extracted 0 tasks from "autotools.bbclass" for recipe "libyaml_0.2.5.bb"
[2m2025-11-29T15:28:41.360209Z[0m [32m INFO[0m [2mconvenient_bitbake::pipeline[0m[2m:[0m Recipe "libyaml_0.2.5.bb": 0 tasks total (0 from main, 0 from includes), 6 helpers total (0 from main, 6 from includes)
[2m2025-11-29T15:28:41.360280Z[0m [32m INFO[0m [2mconvenient_bitbake::pipeline[0m[2m:[0m ✓ Extracted 0 tasks from "autotools.bbclass" for recipe "liburcu_0.13.2.bb"
[2m2025-11-29T15:28:41.360758Z[0m [32m INFO[0m [2mconvenient_bitbake::pipeline[0m[2m:[0m ✓ Extracted 0 tasks from "multilib_header.bbclass" for recipe "libgpg-error_1.44.bb"
[2m2025-11-29T15:28:41.361359Z[0m [32m INFO[0m [2mconvenient_bitbake::pipeline[0m[2m:[0m ✓ Extracted 0 tasks from "autotools.bbclass" for recipe "nettle_3.7.3.bb"
[2m2025-11-29T15:28:41.361613Z[0m [32m INFO[0m [2mconvenient_bitbake::pipeline[0m[2m:[0m ✓ Extracted 1 tasks from "binconfig-disabled.bbclass" for recipe "libpcre_8.45.bb"
[2m2025-11-29T15:28:41.362117Z[0m [32m INFO[0m [2mconvenient_bitbake::pipeline[0m[2m:[0m ✓ Extracted 6 tasks from "ptest.bbclass" for recipe "libssh2_1.10.0.bb"
[2m2025-11-29T15:28:41.362202Z[0m [32m INFO[0m [2mconvenient_bitbake::pipeline[0m[2m:[0m Recipe "libssh2_1.10.0.bb": 6 tasks total (2 from main, 4 from includes), 6 helpers total (0 from main, 6 from includes)
[2m2025-11-29T15:28:41.362692Z[0m [32m INFO[0m [2mconvenient_bitbake::pipeline[0m[2m:[0m ✓ Extracted 0 tasks from "cmake.bbclass" for recipe "libproxy_0.4.17.bb"
[2m2025-11-29T15:28:41.363268Z[0m [32m INFO[0m [2mconvenient_bitbake::pipeline[0m[2m:[0m ✓ Extracted 6 tasks from "ptest.bbclass" for recipe "libusb1_1.0.26.bb"
[2m2025-11-29T15:28:41.363318Z[0m [32m INFO[0m [2mconvenient_bitbake::pipeline[0m[2m:[0m Recipe "libusb1_1.0.26.bb": 7 tasks total (3 from main, 4 from includes), 6 helpers total (0 from main, 6 from includes)
[2m2025-11-29T15:28:41.364461Z[0m [32m INFO[0m [2mconvenient_bitbake::pipeline[0m[2m:[0m ✓ Extracted 0 tasks from "autotools.bbclass" for recipe "npth_1.6.bb"
[2m2025-11-29T15:28:41.365042Z[0m [32m INFO[0m [2mconvenient_bitbake::pipeline[0m[2m:[0m Recipe "libseccomp_2.5.3.bb": 6 tasks total (2 from main, 4 from includes), 0 helpers total (0 from main, 0 from includes)
[2m2025-11-29T15:28:41.365144Z[0m [32m INFO[0m [2mconvenient_bitbake::pipeline[0m[2m:[0m ✓ Extracted 0 tasks from "autotools.bbclass" for recipe "mpfr_4.1.1.bb"
[2m2025-11-29T15:28:41.365643Z[0m [32m INFO[0m [2mconvenient_bitbake::pipeline[0m[2m:[0m ✓ Extracted 1 tasks from "binconfig-disabled.bbclass" for recipe "libxslt_1.1.35.bb"
[2m2025-11-29T15:28:41.366725Z[0m [32m INFO[0m [2mconvenient_bitbake::pipeline[0m[2m:[0m Recipe "libproxy_0.4.17.bb": 0 tasks total (0 from main, 0 from includes), 6 helpers total (0 from main, 6 from includes)
[2m2025-11-29T15:28:41.366941Z[0m [32m INFO[0m [2mconvenient_bitbake::pipeline[0m[2m:[0m ✓ Extracted 0 tasks from "multilib_script.bbclass" for recipe "libgpg-error_1.44.bb"
[2m2025-11-29T15:28:41.367098Z[0m [32m INFO[0m [2mconvenient_bitbake::pipeline[0m[2m:[0m Recipe "libgpg-error_1.44.bb": 1 tasks total (1 from main, 0 from includes), 9 helpers total (0 from main, 9 from includes)
[2m2025-11-29T15:28:41.367243Z[0m [32m INFO[0m [2mconvenient_bitbake::pipeline[0m[2m:[0m ✓ Extracted 1 tasks from "vala.bbclass" for recipe "libical_3.0.16.bb"
[2m2025-11-29T15:28:41.367343Z[0m [32m INFO[0m [2mconvenient_bitbake::pipeline[0m[2m:[0m Recipe "libical_3.0.16.bb": 2 tasks total (1 from main, 1 from includes), 6 helpers total (0 from main, 6 from includes)
[2m2025-11-29T15:28:41.367458Z[0m [32m INFO[0m [2mconvenient_bitbake::pipeline[0m[2m:[0m ✓ Extracted 1 tasks from "meson.bbclass" for recipe "shared-mime-info_git.bb"
[2m2025-11-29T15:28:41.367686Z[0m [32m INFO[0m [2mconvenient_bitbake::pipeline[0m[2m:[0m ✓ Extracted 1 tasks from "binconfig-disabled.bbclass" for recipe "npth_1.6.bb"
[2m2025-11-29T15:28:41.368034Z[0m [32m INFO[0m [2mconvenient_bitbake::pipeline[0m[2m:[0m ✓ Extracted 0 tasks from "autotools.bbclass" for recipe "lzop_1.04.bb"
[2m2025-11-29T15:28:41.368098Z[0m [32m INFO[0m [2mconvenient_bitbake::pipeline[0m[2m:[0m Recipe "lzop_1.04.bb": 1 tasks total (1 from main, 0 from includes), 6 helpers total (0 from main, 6 from includes)
[2m2025-11-29T15:28:41.368108Z[0m [32m INFO[0m [2mconvenient_bitbake::pipeline[0m[2m:[0m ✓ Extracted 0 tasks from "cmake.bbclass" for recipe "nghttp2_1.47.0.bb"
[2m2025-11-29T15:28:41.368869Z[0m [32m INFO[0m [2mconvenient_bitbake::pipeline[0m[2m:[0m Recipe "libpsl_0.21.1.bb": 1 tasks total (0 from main, 1 from includes), 6 helpers total (0 from main, 6 from includes)
[2m2025-11-29T15:28:41.368922Z[0m [32m INFO[0m [2mconvenient_bitbake::pipeline[0m[2m:[0m ✓ Extracted 6 tasks from "ptest.bbclass" for recipe "lzo_2.10.bb"
[2m2025-11-29T15:28:41.368968Z[0m [32m INFO[0m [2mconvenient_bitbake::pipeline[0m[2m:[0m Recipe "lzo_2.10.bb": 6 tasks total (1 from main, 5 from includes), 6 helpers total (0 from main, 6 from includes)
[2m2025-11-29T15:28:41.369071Z[0m [32m INFO[0m [2mconvenient_bitbake::pipeline[0m[2m:[0m ✓ Extracted 0 tasks from "autotools.bbclass" for recipe "popt_1.18.bb"
[2m2025-11-29T15:28:41.369259Z[0m [32m INFO[0m [2mconvenient_bitbake::pipeline[0m[2m:[0m ✓ Extracted 0 tasks from "autotools.bbclass" for recipe "rng-tools_6.15.bb"
[2m2025-11-29T15:28:41.369354Z[0m [32m INFO[0m [2mconvenient_bitbake::pipeline[0m[2m:[0m Recipe "mpfr_4.1.1.bb": 0 tasks total (0 from main, 0 from includes), 6 helpers total (0 from main, 6 from includes)
[2m2025-11-29T15:28:41.369511Z[0m [32m INFO[0m [2mconvenient_bitbake::pipeline[0m[2m:[0m ✓ Extracted 6 tasks from "ptest.bbclass" for recipe "libpcre_8.45.bb"
[2m2025-11-29T15:28:41.369563Z[0m [32m INFO[0m [2mconvenient_bitbake::pipeline[0m[2m:[0m Recipe "libpcre_8.45.bb": 7 tasks total (1 from main, 6 from includes), 7 helpers total (0 from main, 7 from includes)
[2m2025-11-29T15:28:41.369821Z[0m [32m INFO[0m [2mconvenient_bitbake::pipeline[0m[2m:[0m ✓ Extracted 6 tasks from "ptest.bbclass" for recipe "numactl_git.bb"
[2m2025-11-29T15:28:41.369895Z[0m [32m INFO[0m [2mconvenient_bitbake::pipeline[0m[2m:[0m Recipe "numactl_git.bb": 7 tasks total (3 from main, 4 from includes), 0 helpers total (0 from main, 0 from includes)
[2m2025-11-29T15:28:41.370113Z[0m [32m INFO[0m [2mconvenient_bitbake::pipeline[0m[2m:[0m ✓ Extracted 1 tasks from "scons.bbclass" for recipe "serf_1.3.10.bb"
[2m2025-11-29T15:28:41.370168Z[0m [32m INFO[0m [2mconvenient_bitbake::pipeline[0m[2m:[0m Recipe "serf_1.3.10.bb": 2 tasks total (1 from main, 1 from includes), 2 helpers total (0 from main, 2 from includes)
[2m2025-11-29T15:28:41.370360Z[0m [32m INFO[0m [2mconvenient_bitbake::pipeline[0m[2m:[0m ✓ Extracted 1 tasks from "meson.bbclass" for recipe "p11-kit_0.24.1.bb"
[2m2025-11-29T15:28:41.370660Z[0m [32m INFO[0m [2mconvenient_bitbake::pipeline[0m[2m:[0m ✓ Extracted 0 tasks from "autotools.bbclass" for recipe "nss-myhostname_0.3.bb"
[2m2025-11-29T15:28:41.371288Z[0m [32m INFO[0m [2mconvenient_bitbake::pipeline[0m[2m:[0m ✓ Extracted 0 tasks from "multilib_header.bbclass" for recipe "npth_1.6.bb"
[2m2025-11-29T15:28:41.371351Z[0m [32m INFO[0m [2mconvenient_bitbake::pipeline[0m[2m:[0m Recipe "npth_1.6.bb": 1 tasks total (1 from main, 0 from includes), 8 helpers total (0 from main, 8 from includes)
[2m2025-11-29T15:28:41.372067Z[0m [32m INFO[0m [2mconvenient_bitbake::pipeline[0m[2m:[0m ✓ Extracted 0 tasks from "mime.bbclass" for recipe "libfm_1.3.2.bb"
[2m2025-11-29T15:28:41.372141Z[0m [32m INFO[0m [2mconvenient_bitbake::pipeline[0m[2m:[0m ✓ Extracted 0 tasks from "multilib_header.bbclass" for recipe "liburcu_0.13.2.bb"
[2m2025-11-29T15:28:41.372204Z[0m [32m INFO[0m [2mconvenient_bitbake::pipeline[0m[2m:[0m Recipe "liburcu_0.13.2.bb": 1 tasks total (1 from main, 0 from includes), 7 helpers total (0 from main, 7 from includes)
[2m2025-11-29T15:28:41.372257Z[0m [32m INFO[0m [2mconvenient_bitbake::pipeline[0m[2m:[0m ✓ Extracted 0 tasks from "autotools.bbclass" for recipe "pinentry_1.2.0.bb"
[2m2025-11-29T15:28:41.373132Z[0m [32m INFO[0m [2mconvenient_bitbake::pipeline[0m[2m:[0m ✓ Extracted 6 tasks from "ptest.bbclass" for recipe "nettle_3.7.3.bb"
[2m2025-11-29T15:28:41.373557Z[0m [32m INFO[0m [2mconvenient_bitbake::pipeline[0m[2m:[0m Recipe "pinentry_1.2.0.bb": 0 tasks total (0 from main, 0 from includes), 6 helpers total (0 from main, 6 from includes)
[2m2025-11-29T15:28:41.374139Z[0m [32m INFO[0m [2mconvenient_bitbake::pipeline[0m[2m:[0m ✓ Extracted 2 tasks from "vim.inc" for recipe "vim_9.1.bb"
[2m2025-11-29T15:28:41.374187Z[0m [32m INFO[0m [2mconvenient_bitbake::pipeline[0m[2m:[0m Recipe "vim_9.1.bb": 2 tasks total (0 from main, 2 from includes), 0 helpers total (0 from main, 0 from includes)
[2m2025-11-29T15:28:41.375236Z[0m [32m INFO[0m [2mconvenient_bitbake::pipeline[0m[2m:[0m Recipe "nss-myhostname_0.3.bb": 0 tasks total (0 from main, 0 from includes), 6 helpers total (0 from main, 6 from includes)
[2m2025-11-29T15:28:41.375783Z[0m [32m INFO[0m [2mconvenient_bitbake::pipeline[0m[2m:[0m ✓ Extracted 0 tasks from "multilib_header.bbclass" for recipe "libxslt_1.1.35.bb"
[2m2025-11-29T15:28:41.375861Z[0m [32m INFO[0m [2mconvenient_bitbake::pipeline[0m[2m:[0m Recipe "libxslt_1.1.35.bb": 2 tasks total (2 from main, 0 from includes), 8 helpers total (0 from main, 8 from includes)
[2m2025-11-29T15:28:41.375832Z[0m [32m INFO[0m [2mconvenient_bitbake::pipeline[0m[2m:[0m ✓ Extracted 0 tasks from "mime-xdg.bbclass" for recipe "libfm_1.3.2.bb"
[2m2025-11-29T15:28:41.375925Z[0m [32m INFO[0m [2mconvenient_bitbake::pipeline[0m[2m:[0m Recipe "libfm_1.3.2.bb": 2 tasks total (1 from main, 1 from includes), 10 helpers total (0 from main, 10 from includes)
[2m2025-11-29T15:28:41.376237Z[0m [32m INFO[0m [2mconvenient_bitbake::pipeline[0m[2m:[0m Recipe "nghttp2_1.47.0.bb": 0 tasks total (0 from main, 0 from includes), 6 helpers total (0 from main, 6 from includes)
[2m2025-11-29T15:28:41.376386Z[0m [32m INFO[0m [2mconvenient_bitbake::pipeline[0m[2m:[0m ✓ Extracted 0 tasks from "cmake.bbclass" for recipe "taglib_1.12.bb"
[2m2025-11-29T15:28:41.377068Z[0m [32m INFO[0m [2mconvenient_bitbake::pipeline[0m[2m:[0m ✓ Extracted 0 tasks from "autotools.bbclass" for recipe "re2c_3.0.bb"
[2m2025-11-29T15:28:41.377101Z[0m [32m INFO[0m [2mconvenient_bitbake::pipeline[0m[2m:[0m Recipe "re2c_3.0.bb": 0 tasks total (0 from main, 0 from includes), 6 helpers total (0 from main, 6 from includes)
[2m2025-11-29T15:28:41.378590Z[0m [32m INFO[0m [2mconvenient_bitbake::pipeline[0m[2m:[0m ✓ Extracted 0 tasks from "multilib_header.bbclass" for recipe "nettle_3.7.3.bb"
[2m2025-11-29T15:28:41.378642Z[0m [32m INFO[0m [2mconvenient_bitbake::pipeline[0m[2m:[0m Recipe "nettle_3.7.3.bb": 7 tasks total (3 from main, 4 from includes), 7 helpers total (0 from main, 7 from includes)
[2m2025-11-29T15:28:41.378654Z[0m [32m INFO[0m [2mconvenient_bitbake::pipeline[0m[2m:[0m ✓ Extracted 1 tasks from "gtk-doc.bbclass" for recipe "libsoup_3.0.7.bb"
[2m2025-11-29T15:28:41.378702Z[0m [32m INFO[0m [2mconvenient_bitbake::pipeline[0m[2m:[0m Recipe "libsoup_3.0.7.bb": 2 tasks total (0 from main, 2 from includes), 3 helpers total (0 from main, 3 from includes)
[2m2025-11-29T15:28:41.378839Z[0m [32m INFO[0m [2mconvenient_bitbake::pipeline[0m[2m:[0m ✓ Extracted 1 tasks from "binconfig-disabled.bbclass" for recipe "taglib_1.12.bb"
[2m2025-11-29T15:28:41.378896Z[0m [32m INFO[0m [2mconvenient_bitbake::pipeline[0m[2m:[0m Recipe "taglib_1.12.bb": 2 tasks total (1 from main, 1 from includes), 7 helpers total (0 from main, 7 from includes)
[2m2025-11-29T15:28:41.379467Z[0m [32m INFO[0m [2mconvenient_bitbake::pipeline[0m[2m:[0m ✓ Extracted 0 tasks from "update-rc.d.bbclass" for recipe "rng-tools_6.15.bb"
[2m2025-11-29T15:28:41.380248Z[0m [32m INFO[0m [2mconvenient_bitbake::pipeline[0m[2m:[0m ✓ Extracted 1 tasks from "gnomebase.bbclass" for recipe "vte_0.66.2.bb"
[2m2025-11-29T15:28:41.380738Z[0m [32m INFO[0m [2mconvenient_bitbake::pipeline[0m[2m:[0m ✓ Extracted 2 tasks from "vim.inc" for recipe "vim-tiny_9.1.bb"
[2m2025-11-29T15:28:41.380822Z[0m [32m INFO[0m [2mconvenient_bitbake::pipeline[0m[2m:[0m Recipe "vim-tiny_9.1.bb": 2 tasks total (1 from main, 1 from includes), 0 helpers total (0 from main, 0 from includes)
[2m2025-11-29T15:28:41.381288Z[0m [32m INFO[0m [2mconvenient_bitbake::pipeline[0m[2m:[0m ✓ Extracted 6 tasks from "ptest.bbclass" for recipe "popt_1.18.bb"
[2m2025-11-29T15:28:41.381421Z[0m [32m INFO[0m [2mconvenient_bitbake::pipeline[0m[2m:[0m Recipe "popt_1.18.bb": 6 tasks total (2 from main, 4 from includes), 6 helpers total (0 from main, 6 from includes)
[2m2025-11-29T15:28:41.382011Z[0m [32m INFO[0m [2mconvenient_bitbake::pipeline[0m[2m:[0m ✓ Extracted 1 tasks from "gtk-doc.bbclass" for recipe "p11-kit_0.24.1.bb"
[2m2025-11-29T15:28:41.382982Z[0m [32m INFO[0m [2mconvenient_bitbake::pipeline[0m[2m:[0m ✓ Extracted 1 tasks from "gtk-doc.bbclass" for recipe "libsoup-2.4_2.74.2.bb"
[2m2025-11-29T15:28:41.383040Z[0m [32m INFO[0m [2mconvenient_bitbake::pipeline[0m[2m:[0m Recipe "libsoup-2.4_2.74.2.bb": 2 tasks total (0 from main, 2 from includes), 3 helpers total (0 from main, 3 from includes)
[2m2025-11-29T15:28:41.385766Z[0m [32m INFO[0m [2mconvenient_bitbake::pipeline[0m[2m:[0m Recipe "p11-kit_0.24.1.bb": 2 tasks total (0 from main, 2 from includes), 3 helpers total (0 from main, 3 from includes)
[2m2025-11-29T15:28:41.386818Z[0m [32m INFO[0m [2mconvenient_bitbake::pipeline[0m[2m:[0m ✓ Extracted 0 tasks from "mime.bbclass" for recipe "shared-mime-info_git.bb"
[2m2025-11-29T15:28:41.386872Z[0m [32m INFO[0m [2mconvenient_bitbake::pipeline[0m[2m:[0m Recipe "shared-mime-info_git.bb": 1 tasks total (0 from main, 1 from includes), 5 helpers total (0 from main, 5 from includes)
[2m2025-11-29T15:28:41.387139Z[0m [32m INFO[0m [2mconvenient_bitbake::pipeline[0m[2m:[0m ✓ Extracted 1 tasks from "gtk-doc.bbclass" for recipe "vte_0.66.2.bb"
[2m2025-11-29T15:28:41.387608Z[0m [32m INFO[0m [2mconvenient_bitbake::pipeline[0m[2m:[0m ✓ Extracted 0 tasks from "systemd.bbclass" for recipe "rng-tools_6.15.bb"
[2m2025-11-29T15:28:41.388142Z[0m [32m INFO[0m [2mconvenient_bitbake::pipeline[0m[2m:[0m ✓ Extracted 0 tasks from "useradd.bbclass" for recipe "xuser-account_0.1.bb"
[2m2025-11-29T15:28:41.388235Z[0m [32m INFO[0m [2mconvenient_bitbake::pipeline[0m[2m:[0m Recipe "xuser-account_0.1.bb": 3 tasks total (3 from main, 0 from includes), 2 helpers total (0 from main, 2 from includes)
[2m2025-11-29T15:28:41.388585Z[0m [32m INFO[0m [2mconvenient_bitbake::pipeline[0m[2m:[0m Recipe "rng-tools_6.15.bb": 2 tasks total (2 from main, 0 from includes), 11 helpers total (0 from main, 11 from includes)
[2m2025-11-29T15:28:41.394830Z[0m [32m INFO[0m [2mconvenient_bitbake::pipeline[0m[2m:[0m Recipe "vte_0.66.2.bb": 3 tasks total (1 from main, 2 from includes), 0 helpers total (0 from main, 0 from includes)
[2m2025-11-29T15:28:41.507141Z[0m [32m INFO[0m [2mconvenient_bitbake::pipeline[0m[2m:[0m Recipe "linux-yocto_5.10.bb": 2 tasks total (0 from main, 2 from includes), 0 helpers total (0 from main, 0 from includes)
[2m2025-11-29T15:28:41.511079Z[0m [32m INFO[0m [2mconvenient_bitbake::pipeline[0m[2m:[0m Recipe "linux-yocto_5.15.bb": 2 tasks total (0 from main, 2 from includes), 0 helpers total (0 from main, 0 from includes)
[2m2025-11-29T15:28:41.513329Z[0m [32m INFO[0m [2mconvenient_bitbake::pipeline[0m[2m:[0m   ✓ Parsed 884 recipes successfully
[2m2025-11-29T15:28:41.513382Z[0m [32m INFO[0m [2mconvenient_bitbake::build_orchestrator[0m[2m:[0m ✓ Step 2 completed in 1.902187164s (884 recipes parsed)
[2m2025-11-29T15:28:41.513404Z[0m [32m INFO[0m [2mconvenient_bitbake::layer_context[0m[2m:[0m Setting MACHINE: qemuarm64
[2m2025-11-29T15:28:41.513417Z[0m [32m INFO[0m [2mconvenient_bitbake::layer_context[0m[2m:[0m Setting DISTRO: poky
[2m2025-11-29T15:28:41.515468Z[0m [32m INFO[0m [2mconvenient_bitbake::layer_context[0m[2m:[0m Adding layer: core (priority: 5)
[2m2025-11-29T15:28:41.515895Z[0m [32m INFO[0m [2mconvenient_bitbake::layer_context[0m[2m:[0m Adding layer: unknown (priority: 0)
[2m2025-11-29T15:28:41.516389Z[0m [32m INFO[0m [2mconvenient_bitbake::layer_context[0m[2m:[0m Adding layer: unknown (priority: 0)
[2m2025-11-29T15:28:41.516428Z[0m [32m INFO[0m [2mconvenient_bitbake::build_orchestrator[0m[2m:[0m Loading machine and distro configurations
[2m2025-11-29T15:28:41.516674Z[0m [32m INFO[0m [2mconvenient_bitbake::layer_context[0m[2m:[0m Found machine config: "build/repos/git/poky/meta/conf/machine/qemuarm64.conf"
[2m2025-11-29T15:28:41.516728Z[0m [32m INFO[0m [2mconvenient_bitbake::layer_context[0m[2m:[0m Loading machine configuration for: qemuarm64
[2m2025-11-29T15:28:41.516744Z[0m [32m INFO[0m [2mconvenient_bitbake::layer_context[0m[2m:[0m Loading configuration file: "build/repos/git/poky/meta/conf/machine/qemuarm64.conf"
[2m2025-11-29T15:28:41.548551Z[0m [32m INFO[0m [2mconvenient_bitbake::layer_context[0m[2m:[0m Found distro config: "build/repos/git/poky/meta-poky/conf/distro/poky.conf"
[2m2025-11-29T15:28:41.548606Z[0m [32m INFO[0m [2mconvenient_bitbake::layer_context[0m[2m:[0m Loading distro configuration for: poky
[2m2025-11-29T15:28:41.548632Z[0m [32m INFO[0m [2mconvenient_bitbake::layer_context[0m[2m:[0m Loading configuration file: "build/repos/git/poky/meta-poky/conf/distro/poky.conf"
[2m2025-11-29T15:28:41.772141Z[0m [32m INFO[0m [2mconvenient_bitbake::build_orchestrator[0m[2m:[0m Building recipe dependency graph
[2m2025-11-29T15:28:41.772190Z[0m [32m INFO[0m [2mconvenient_bitbake::build_orchestrator[0m[2m:[0m Class search paths configured: 3
[2m2025-11-29T15:28:41.772217Z[0m [32m INFO[0m [2mconvenient_bitbake::build_orchestrator[0m[2m:[0m   [0] "build/repos/git/poky/meta/classes"
[2m2025-11-29T15:28:41.772228Z[0m [32m INFO[0m [2mconvenient_bitbake::build_orchestrator[0m[2m:[0m   [1] "build/repos/git/poky/meta-yocto-bsp/classes"
[2m2025-11-29T15:28:41.772306Z[0m [32m INFO[0m [2mconvenient_bitbake::build_orchestrator[0m[2m:[0m   [2] "build/repos/git/poky/meta-poky/classes"
[2m2025-11-29T15:28:41.772331Z[0m [32m INFO[0m [2mconvenient_bitbake::pipeline[0m[2m:[0m Stage 3: Building recipe dependency graph
[2m2025-11-29T15:28:46.521207Z[0m [32m INFO[0m [2mconvenient_bitbake::pipeline[0m[2m:[0m   After extract_from_file: busybox has 22 tasks
[2m2025-11-29T15:28:46.521261Z[0m [32m INFO[0m [2mconvenient_bitbake::pipeline[0m[2m:[0m   After extract_from_file: libxcrypt has 17 tasks
[2m2025-11-29T15:28:46.521277Z[0m [32m INFO[0m [2mconvenient_bitbake::pipeline[0m[2m:[0m Adding tasks from extracted implementations
[2m2025-11-29T15:28:46.526773Z[0m [32m INFO[0m [2mconvenient_bitbake::pipeline[0m[2m:[0m   Added 317 tasks from implementations
[2m2025-11-29T15:28:46.526831Z[0m [32m INFO[0m [2mconvenient_bitbake::pipeline[0m[2m:[0m   Recipe 'example' DEPENDS: ["${PATCHDEPENDENCY}", "${POPULATESYSROOTDEPS}"]
[2m2025-11-29T15:28:46.526853Z[0m [32m INFO[0m [2mconvenient_bitbake::pipeline[0m[2m:[0m   Recipe 'acpid' DEPENDS: ["${PATCHDEPENDENCY}", "${POPULATESYSROOTDEPS}"]
[2m2025-11-29T15:28:46.526863Z[0m [32m INFO[0m [2mconvenient_bitbake::pipeline[0m[2m:[0m   Recipe 'alsa-state' DEPENDS: ["${PATCHDEPENDENCY}", "${POPULATESYSROOTDEPS}"]
[2m2025-11-29T15:28:46.526943Z[0m [32m INFO[0m [2mconvenient_bitbake::pipeline[0m[2m:[0m   Recipe 'apmd' DEPENDS: ["${PATCHDEPENDENCY}", "${POPULATESYSROOTDEPS}", "libtool-cross"]
[2m2025-11-29T15:28:46.526963Z[0m [32m INFO[0m [2mconvenient_bitbake::pipeline[0m[2m:[0m   Recipe 'efibootmgr' DEPENDS: ["${PATCHDEPENDENCY}", "${POPULATESYSROOTDEPS}", "efivar", "popt"]
[2m2025-11-29T15:28:46.526975Z[0m [32m INFO[0m [2mconvenient_bitbake::pipeline[0m[2m:[0m   Recipe 'efivar' DEPENDS: ["${PATCHDEPENDENCY}", "${POPULATESYSROOTDEPS}"]
[2m2025-11-29T15:28:46.526986Z[0m [32m INFO[0m [2mconvenient_bitbake::pipeline[0m[2m:[0m   Recipe 'formfactor' DEPENDS: ["${PATCHDEPENDENCY}", "${POPULATESYSROOTDEPS}"]
[2m2025-11-29T15:28:46.527001Z[0m [32m INFO[0m [2mconvenient_bitbake::pipeline[0m[2m:[0m   Recipe 'gnu-efi' DEPENDS: ["${PATCHDEPENDENCY}", "${POPULATESYSROOTDEPS}"]
[2m2025-11-29T15:28:46.527015Z[0m [32m INFO[0m [2mconvenient_bitbake::pipeline[0m[2m:[0m   Recipe 'grub-bootconf' DEPENDS: ["${PATCHDEPENDENCY}", "${POPULATESYSROOTDEPS}"]
[2m2025-11-29T15:28:46.527041Z[0m [32m INFO[0m [2mconvenient_bitbake::pipeline[0m[2m:[0m   Recipe 'grub-efi' DEPENDS: ["${PATCHDEPENDENCY}", "${POPULATESYSROOTDEPS}", "bison-native", "flex-native", "gettext-native", "grub-native"]
[2m2025-11-29T15:28:46.527070Z[0m [32m INFO[0m [2mconvenient_bitbake::pipeline[0m[2m:[0m   Recipe 'grub' DEPENDS: ["${PATCHDEPENDENCY}", "${POPULATESYSROOTDEPS}", "bison-native", "flex-native", "gettext-native"]
[2m2025-11-29T15:28:46.527102Z[0m [32m INFO[0m [2mconvenient_bitbake::pipeline[0m[2m:[0m   Recipe 'keymaps' DEPENDS: ["${PATCHDEPENDENCY}", "${POPULATESYSROOTDEPS}"]
[2m2025-11-29T15:28:46.527111Z[0m [32m INFO[0m [2mconvenient_bitbake::pipeline[0m[2m:[0m   Recipe 'libacpi' DEPENDS: ["${PATCHDEPENDENCY}", "${POPULATESYSROOTDEPS}"]
[2m2025-11-29T15:28:46.527135Z[0m [32m INFO[0m [2mconvenient_bitbake::pipeline[0m[2m:[0m   Recipe 'lrzsz' DEPENDS: ["${PATCHDEPENDENCY}", "${POPULATESYSROOTDEPS}"]
[2m2025-11-29T15:28:46.527146Z[0m [32m INFO[0m [2mconvenient_bitbake::pipeline[0m[2m:[0m   Recipe 'opensbi' DEPENDS: ["${@riscv_get_do_compile_depends(d)}", "${PATCHDEPENDENCY}", "${POPULATESYSROOTDEPS}"]
[2m2025-11-29T15:28:46.527165Z[0m [32m INFO[0m [2mconvenient_bitbake::pipeline[0m[2m:[0m   Recipe 'pciutils' DEPENDS: ["${PATCHDEPENDENCY}", "${POPULATESYSROOTDEPS}", "kmod", "zlib"]
[2m2025-11-29T15:28:46.527180Z[0m [32m INFO[0m [2mconvenient_bitbake::pipeline[0m[2m:[0m   Recipe 'pm-utils' DEPENDS: ["${PATCHDEPENDENCY}", "${POPULATESYSROOTDEPS}"]
[2m2025-11-29T15:28:46.527191Z[0m [32m INFO[0m [2mconvenient_bitbake::pipeline[0m[2m:[0m   Recipe 'setserial' DEPENDS: ["${PATCHDEPENDENCY}", "${POPULATESYSROOTDEPS}", "groff-native"]
[2m2025-11-29T15:28:46.527212Z[0m [32m INFO[0m [2mconvenient_bitbake::pipeline[0m[2m:[0m   Recipe 'libubootenv' DEPENDS: ["${PATCHDEPENDENCY}", "${POPULATESYSROOTDEPS}", "zlib"]
[2m2025-11-29T15:28:46.527232Z[0m [32m INFO[0m [2mconvenient_bitbake::pipeline[0m[2m:[0m   Recipe 'u-boot-tools' DEPENDS: ["${PATCHDEPENDENCY}", "${POPULATESYSROOTDEPS}", "bison-native", "flex-native", "openssl"]
[2m2025-11-29T15:28:46.527247Z[0m [32m INFO[0m [2mconvenient_bitbake::pipeline[0m[2m:[0m   Recipe 'u-boot' DEPENDS: ["${@bb.utils.contains", "${PATCHDEPENDENCY}", "${POPULATESYSROOTDEPS}", "'',", "'scr',", "'u-boot-mkimage-native',", "bc-native", "bison-native", "d)}", "dtc-native", "flex-native", "kern-tools-native", "ncurses-native", "openssl-native", "python3-setuptools-native", "swig-native"]
[2m2025-11-29T15:28:46.527277Z[0m [32m INFO[0m [2mconvenient_bitbake::pipeline[0m[2m:[0m   Recipe 'usbinit' DEPENDS: ["${PATCHDEPENDENCY}", "${POPULATESYSROOTDEPS}"]
[2m2025-11-29T15:28:46.527317Z[0m [32m INFO[0m [2mconvenient_bitbake::pipeline[0m[2m:[0m   Recipe 'usbutils' DEPENDS: ["${PATCHDEPENDENCY}", "${POPULATESYSROOTDEPS}", "libusb1", "udev", "virtual/libiconv"]
[2m2025-11-29T15:28:46.527331Z[0m [32m INFO[0m [2mconvenient_bitbake::pipeline[0m[2m:[0m   Recipe 'v86d' DEPENDS: ["${PATCHDEPENDENCY}", "${POPULATESYSROOTDEPS}"]
[2m2025-11-29T15:28:46.527354Z[0m [32m INFO[0m [2mconvenient_bitbake::pipeline[0m[2m:[0m   Recipe 'avahi' DEPENDS: ["${PATCHDEPENDENCY}", "${POPULATESYSROOTDEPS}", "${USERADDSETSCENEDEPS}", "dbus", "expat", "glib-2.0", "libcap", "libdaemon"]
[2m2025-11-29T15:28:46.527366Z[0m [32m INFO[0m [2mconvenient_bitbake::pipeline[0m[2m:[0m   Recipe 'bind' DEPENDS: ["${PATCHDEPENDENCY}", "${POPULATESYSROOTDEPS}", "${USERADDSETSCENEDEPS}", "libcap", "libuv", "openssl", "readline", "zlib"]
[2m2025-11-29T15:28:46.527379Z[0m [32m INFO[0m [2mconvenient_bitbake::pipeline[0m[2m:[0m   Recipe 'bluez5' DEPENDS: ["${PATCHDEPENDENCY}", "${POPULATESYSROOTDEPS}", "dbus", "glib-2.0", "libical", "readline", "udev"]
[2m2025-11-29T15:28:46.527397Z[0m [32m INFO[0m [2mconvenient_bitbake::pipeline[0m[2m:[0m   Recipe 'connman-conf' DEPENDS: ["${PATCHDEPENDENCY}", "${POPULATESYSROOTDEPS}"]
[2m2025-11-29T15:28:46.527409Z[0m [32m INFO[0m [2mconvenient_bitbake::pipeline[0m[2m:[0m   Recipe 'connman-gnome' DEPENDS: ["${PATCHDEPENDENCY}", "${POPULATESYSROOTDEPS}", "dbus-glib", "dbus-glib-native", "gettext-native", "gtk+3", "intltool-native"]
[2m2025-11-29T15:28:46.527423Z[0m [32m INFO[0m [2mconvenient_bitbake::pipeline[0m[2m:[0m   Recipe 'connman' DEPENDS: ["${PATCHDEPENDENCY}", "${POPULATESYSROOTDEPS}", "dbus", "glib-2.0", "gnutls", "iptables", "ppp", "readline"]
[2m2025-11-29T15:28:46.527439Z[0m [32m INFO[0m [2mconvenient_bitbake::pipeline[0m[2m:[0m   Recipe 'dhcpcd' DEPENDS: ["${PATCHDEPENDENCY}", "${POPULATESYSROOTDEPS}", "${USERADDSETSCENEDEPS}", "udev"]
[2m2025-11-29T15:28:46.527450Z[0m [32m INFO[0m [2mconvenient_bitbake::pipeline[0m[2m:[0m   Recipe 'inetutils' DEPENDS: ["${PATCHDEPENDENCY}", "${POPULATESYSROOTDEPS}", "ncurses", "netbase", "readline", "virtual/crypt"]
[2m2025-11-29T15:28:46.527462Z[0m [32m INFO[0m [2mconvenient_bitbake::pipeline[0m[2m:[0m   Recipe 'iproute2' DEPENDS: ["${PATCHDEPENDENCY}", "${POPULATESYSROOTDEPS}", "bison-native", "elfutils", "flex-native", "iptables", "libcap", "libmnl"]
[2m2025-11-29T15:28:46.527473Z[0m [32m INFO[0m [2mconvenient_bitbake::pipeline[0m[2m:[0m   Recipe 'iw' DEPENDS: ["${PATCHDEPENDENCY}", "${POPULATESYSROOTDEPS}", "libnl"]
[2m2025-11-29T15:28:46.527485Z[0m [32m INFO[0m [2mconvenient_bitbake::pipeline[0m[2m:[0m   Recipe 'kea' DEPENDS: ["${PATCHDEPENDENCY}", "${POPULATESYSROOTDEPS}", "boost", "log4cplus", "openssl"]
[2m2025-11-29T15:28:46.527500Z[0m [32m INFO[0m [2mconvenient_bitbake::pipeline[0m[2m:[0m   Recipe 'libnss-mdns' DEPENDS: ["${PATCHDEPENDENCY}", "${POPULATESYSROOTDEPS}", "avahi"]
[2m2025-11-29T15:28:46.527516Z[0m [32m INFO[0m [2mconvenient_bitbake::pipeline[0m[2m:[0m   Recipe 'libpcap' DEPENDS: ["${PATCHDEPENDENCY}", "${POPULATESYSROOTDEPS}", "bison-native", "flex-native"]
[2m2025-11-29T15:28:46.527537Z[0m [32m INFO[0m [2mconvenient_bitbake::pipeline[0m[2m:[0m   Recipe 'libuv' DEPENDS: ["${PATCHDEPENDENCY}", "${POPULATESYSROOTDEPS}"]
[2m2025-11-29T15:28:46.527551Z[0m [32m INFO[0m [2mconvenient_bitbake::pipeline[0m[2m:[0m   Recipe 'mobile-broadband-provider-info' DEPENDS: ["${PATCHDEPENDENCY}", "${POPULATESYSROOTDEPS}", "libxslt-native"]
[2m2025-11-29T15:28:46.527566Z[0m [32m INFO[0m [2mconvenient_bitbake::pipeline[0m[2m:[0m   Recipe 'neard' DEPENDS: ["${PATCHDEPENDENCY}", "${POPULATESYSROOTDEPS}", "dbus", "glib-2.0", "libnl"]
[2m2025-11-29T15:28:46.527577Z[0m [32m INFO[0m [2mconvenient_bitbake::pipeline[0m[2m:[0m   Recipe 'nfs-utils' DEPENDS: ["${PATCHDEPENDENCY}", "${POPULATESYSROOTDEPS}", "${USERADDSETSCENEDEPS}", "libcap", "libevent", "libtirpc", "sqlite3", "tcp-wrappers", "util-linux"]
[2m2025-11-29T15:28:46.527593Z[0m [32m INFO[0m [2mconvenient_bitbake::pipeline[0m[2m:[0m   Recipe 'ofono' DEPENDS: ["${PATCHDEPENDENCY}", "${POPULATESYSROOTDEPS}", "dbus", "ell", "glib-2.0", "mobile-broadband-provider-info", "udev"]
[2m2025-11-29T15:28:46.527605Z[0m [32m INFO[0m [2mconvenient_bitbake::pipeline[0m[2m:[0m   Recipe 'openssh' DEPENDS: ["${@bb.utils.contains", "${PATCHDEPENDENCY}", "${POPULATESYSROOTDEPS}", "${USERADDSETSCENEDEPS}", "'',", "'libpam',", "'pam',", "d)}", "openssl", "virtual/crypt", "zlib"]
[2m2025-11-29T15:28:46.527623Z[0m [32m INFO[0m [2mconvenient_bitbake::pipeline[0m[2m:[0m   Recipe 'openssl' DEPENDS: ["${PATCHDEPENDENCY}", "${POPULATESYSROOTDEPS}"]
[2m2025-11-29T15:28:46.527650Z[0m [32m INFO[0m [2mconvenient_bitbake::pipeline[0m[2m:[0m   Recipe 'ppp' DEPENDS: ["${PATCHDEPENDENCY}", "${POPULATESYSROOTDEPS}", "libpcap", "openssl", "virtual/crypt"]
[2m2025-11-29T15:28:46.527665Z[0m [32m INFO[0m [2mconvenient_bitbake::pipeline[0m[2m:[0m   Recipe 'ppp-dialin' DEPENDS: ["${PATCHDEPENDENCY}", "${POPULATESYSROOTDEPS}", "${USERADDSETSCENEDEPS}", "ppp"]
[2m2025-11-29T15:28:46.527683Z[0m [32m INFO[0m [2mconvenient_bitbake::pipeline[0m[2m:[0m   Recipe 'resolvconf' DEPENDS: ["${PATCHDEPENDENCY}", "${POPULATESYSROOTDEPS}"]
[2m2025-11-29T15:28:46.527696Z[0m [32m INFO[0m [2mconvenient_bitbake::pipeline[0m[2m:[0m   Recipe 'socat' DEPENDS: ["${PATCHDEPENDENCY}", "${POPULATESYSROOTDEPS}", "openssl", "readline"]
[2m2025-11-29T15:28:46.527705Z[0m [32m INFO[0m [2mconvenient_bitbake::pipeline[0m[2m:[0m   Recipe 'ssh-pregen-hostkeys' DEPENDS: ["${PATCHDEPENDENCY}", "${POPULATESYSROOTDEPS}"]
[2m2025-11-29T15:28:46.527722Z[0m [32m INFO[0m [2mconvenient_bitbake::pipeline[0m[2m:[0m   Recipe 'wpa-supplicant' DEPENDS: ["${PATCHDEPENDENCY}", "${POPULATESYSROOTDEPS}", "dbus", "libnl", "openssl"]
[2m2025-11-29T15:28:46.527744Z[0m [32m INFO[0m [2mconvenient_bitbake::pipeline[0m[2m:[0m   Recipe 'base-files' DEPENDS: ["${PATCHDEPENDENCY}", "${POPULATESYSROOTDEPS}"]
[2m2025-11-29T15:28:46.527760Z[0m [32m INFO[0m [2mconvenient_bitbake::pipeline[0m[2m:[0m   Recipe 'base-passwd' DEPENDS: ["${PATCHDEPENDENCY}", "${POPULATESYSROOTDEPS}"]
[2m2025-11-29T15:28:46.527769Z[0m [32m INFO[0m [2mconvenient_bitbake::pipeline[0m[2m:[0m   Recipe 'busybox-inittab' DEPENDS: ["${PATCHDEPENDENCY}", "${POPULATESYSROOTDEPS}"]
[2m2025-11-29T15:28:46.527780Z[0m [32m INFO[0m [2mconvenient_bitbake::pipeline[0m[2m:[0m   Recipe 'busybox' DEPENDS: ["${PATCHDEPENDENCY}", "${POPULATESYSROOTDEPS}", "kern-tools-native", "ncurses-native", "virtual/crypt"]
[2m2025-11-29T15:28:46.527817Z[0m [32m INFO[0m [2mconvenient_bitbake::pipeline[0m[2m:[0m   Recipe 'coreutils' DEPENDS: ["${PATCHDEPENDENCY}", "${POPULATESYSROOTDEPS}", "gmp", "libcap"]
[2m2025-11-29T15:28:46.527838Z[0m [32m INFO[0m [2mconvenient_bitbake::pipeline[0m[2m:[0m   Recipe 'dbus-glib' DEPENDS: ["${PATCHDEPENDENCY}", "${POPULATESYSROOTDEPS}", "dbus", "dbus-glib-native", "expat", "glib-2.0", "virtual/libintl"]
[2m2025-11-29T15:28:46.527863Z[0m [32m INFO[0m [2mconvenient_bitbake::pipeline[0m[2m:[0m   Recipe 'dbus' DEPENDS: ["${PATCHDEPENDENCY}", "${POPULATESYSROOTDEPS}", "${USERADDSETSCENEDEPS}", "autoconf-archive", "expat", "glib-2.0", "virtual/libintl"]
[2m2025-11-29T15:28:46.527893Z[0m [32m INFO[0m [2mconvenient_bitbake::pipeline[0m[2m:[0m   Recipe 'dbus-wait' DEPENDS: ["${PATCHDEPENDENCY}", "${POPULATESYSROOTDEPS}", "dbus"]
[2m2025-11-29T15:28:46.527913Z[0m [32m INFO[0m [2mconvenient_bitbake::pipeline[0m[2m:[0m   Recipe 'dropbear' DEPENDS: ["${@bb.utils.contains", "${PATCHDEPENDENCY}", "${POPULATESYSROOTDEPS}", "'',", "'libpam',", "'pam',", "d)}", "virtual/crypt", "zlib"]
[2m2025-11-29T15:28:46.527926Z[0m [32m INFO[0m [2mconvenient_bitbake::pipeline[0m[2m:[0m   Recipe 'ell' DEPENDS: ["${PATCHDEPENDENCY}", "${POPULATESYSROOTDEPS}", "dbus"]
[2m2025-11-29T15:28:46.527939Z[0m [32m INFO[0m [2mconvenient_bitbake::pipeline[0m[2m:[0m   Recipe 'expat' DEPENDS: ["${PATCHDEPENDENCY}", "${POPULATESYSROOTDEPS}"]
[2m2025-11-29T15:28:46.527949Z[0m [32m INFO[0m [2mconvenient_bitbake::pipeline[0m[2m:[0m   Recipe 'fts' DEPENDS: ["${PATCHDEPENDENCY}", "${POPULATESYSROOTDEPS}"]
[2m2025-11-29T15:28:46.527961Z[0m [32m INFO[0m [2mconvenient_bitbake::pipeline[0m[2m:[0m   Recipe 'gettext-minimal-native' DEPENDS: ["${PATCHDEPENDENCY}", "${POPULATESYSROOTDEPS}"]
[2m2025-11-29T15:28:46.527980Z[0m [32m INFO[0m [2mconvenient_bitbake::pipeline[0m[2m:[0m   Recipe 'gettext' DEPENDS: ["${PATCHDEPENDENCY}", "${POPULATESYSROOTDEPS}", "gettext-native", "glib-2.0", "libcroco", "libxml2", "virtual/libiconv"]
[2m2025-11-29T15:28:46.527996Z[0m [32m INFO[0m [2mconvenient_bitbake::pipeline[0m[2m:[0m   Recipe 'glib-2.0' DEPENDS: ["${@'", "${PATCHDEPENDENCY}", "${POPULATESYSROOTDEPS}", "''}", "'True'", "==", "else", "gettext-native", "glib-2.0-native", "gtk-doc'", "if", "libffi", "libpcre", "util-linux", "virtual/libiconv", "virtual/libintl", "zlib"]
[2m2025-11-29T15:28:46.528012Z[0m [32m INFO[0m [2mconvenient_bitbake::pipeline[0m[2m:[0m   Recipe 'glib-networking' DEPENDS: ["${PATCHDEPENDENCY}", "${POPULATESYSROOTDEPS}", "glib-2.0", "openssl"]
[2m2025-11-29T15:28:46.528026Z[0m [32m INFO[0m [2mconvenient_bitbake::pipeline[0m[2m:[0m   Recipe 'cross-localedef-native' DEPENDS: ["${PATCHDEPENDENCY}", "${POPULATESYSROOTDEPS}"]
[2m2025-11-29T15:28:46.528045Z[0m [32m INFO[0m [2mconvenient_bitbake::pipeline[0m[2m:[0m   Recipe 'glibc-locale' DEPENDS: ["${PATCHDEPENDENCY}", "${POPULATESYSROOTDEPS}", "virtual/${MLPREFIX}libc"]
[2m2025-11-29T15:28:46.528061Z[0m [32m INFO[0m [2mconvenient_bitbake::pipeline[0m[2m:[0m   Recipe 'glibc-mtrace' DEPENDS: ["${PATCHDEPENDENCY}", "${POPULATESYSROOTDEPS}", "virtual/${MLPREFIX}libc"]
[2m2025-11-29T15:28:46.528073Z[0m [32m INFO[0m [2mconvenient_bitbake::pipeline[0m[2m:[0m   Recipe 'glibc-scripts' DEPENDS: ["${PATCHDEPENDENCY}", "${POPULATESYSROOTDEPS}", "virtual/${MLPREFIX}libc"]
[2m2025-11-29T15:28:46.528083Z[0m [32m INFO[0m [2mconvenient_bitbake::pipeline[0m[2m:[0m   Recipe 'glibc-tests' DEPENDS: ["${PATCHDEPENDENCY}", "${POPULATESYSROOTDEPS}", "bison-native", "gcc-runtime", "glibc-locale", "gperf-native", "libgcc", "linux-libc-headers", "sed", "virtual/${TARGET_PREFIX}binutils${BUSUFFIX}", "virtual/${TARGET_PREFIX}gcc"]
[2m2025-11-29T15:28:46.528099Z[0m [32m INFO[0m [2mconvenient_bitbake::pipeline[0m[2m:[0m   Recipe 'glibc-testsuite' DEPENDS: ["${@'qemu-native'", "${PATCHDEPENDENCY}", "${POPULATESYSROOTDEPS}", "''}", "'user'", "==", "bison-native", "else", "gcc-runtime", "glibc-locale", "gperf-native", "if", "libgcc", "linux-libc-headers", "virtual/${TARGET_PREFIX}binutils${BUSUFFIX}", "virtual/${TARGET_PREFIX}gcc"]
[2m2025-11-29T15:28:46.528116Z[0m [32m INFO[0m [2mconvenient_bitbake::pipeline[0m[2m:[0m   Recipe 'glibc' DEPENDS: ["${PATCHDEPENDENCY}", "${POPULATESYSROOTDEPS}", "bison-native", "gperf-native", "libgcc-initial", "linux-libc-headers", "virtual/${TARGET_PREFIX}binutils${BUSUFFIX}", "virtual/${TARGET_PREFIX}gcc"]
[2m2025-11-29T15:28:46.528151Z[0m [32m INFO[0m [2mconvenient_bitbake::pipeline[0m[2m:[0m   Recipe 'ldconfig-native' DEPENDS: ["${PATCHDEPENDENCY}", "${POPULATESYSROOTDEPS}"]
[2m2025-11-29T15:28:46.528164Z[0m [32m INFO[0m [2mconvenient_bitbake::pipeline[0m[2m:[0m   Recipe 'ifupdown' DEPENDS: ["${PATCHDEPENDENCY}", "${POPULATESYSROOTDEPS}"]
[2m2025-11-29T15:28:46.528175Z[0m [32m INFO[0m [2mconvenient_bitbake::pipeline[0m[2m:[0m   Recipe 'build-appliance-image' DEPENDS: ["\"do_packagedata", "${KERNEL_DEPLOY_DEPEND}", "${PATCHDEPENDENCY}", "${POPULATESYSROOTDEPS}", "+=", "do_rootfs[recrdeptask]", "python3-pip-native", "zip-native"]
[2m2025-11-29T15:28:46.528208Z[0m [32m INFO[0m [2mconvenient_bitbake::pipeline[0m[2m:[0m   Recipe 'core-image-base' DEPENDS: ["\"do_packagedata", "${KERNEL_DEPLOY_DEPEND}", "${PATCHDEPENDENCY}", "${POPULATESYSROOTDEPS}", "+=", "do_rootfs[recrdeptask]"]
[2m2025-11-29T15:28:46.528225Z[0m [32m INFO[0m [2mconvenient_bitbake::pipeline[0m[2m:[0m   Recipe 'core-image-minimal-dev' DEPENDS: ["\"do_packagedata", "${KERNEL_DEPLOY_DEPEND}", "${PATCHDEPENDENCY}", "${POPULATESYSROOTDEPS}", "+=", "do_rootfs[recrdeptask]"]
[2m2025-11-29T15:28:46.528252Z[0m [32m INFO[0m [2mconvenient_bitbake::pipeline[0m[2m:[0m   Recipe 'core-image-minimal-initramfs' DEPENDS: ["\"do_packagedata", "${KERNEL_DEPLOY_DEPEND}", "${PATCHDEPENDENCY}", "${POPULATESYSROOTDEPS}", "+=", "do_rootfs[recrdeptask]"]
[2m2025-11-29T15:28:46.528268Z[0m [32m INFO[0m [2mconvenient_bitbake::pipeline[0m[2m:[0m   Recipe 'core-image-minimal-mtdutils' DEPENDS: ["\"do_packagedata", "${KERNEL_DEPLOY_DEPEND}", "${PATCHDEPENDENCY}", "${POPULATESYSROOTDEPS}", "+=", "do_rootfs[recrdeptask]"]
[2m2025-11-29T15:28:46.528281Z[0m [32m INFO[0m [2mconvenient_bitbake::pipeline[0m[2m:[0m   Recipe 'core-image-minimal' DEPENDS: ["\"do_packagedata", "${KERNEL_DEPLOY_DEPEND}", "${PATCHDEPENDENCY}", "${POPULATESYSROOTDEPS}", "+=", "do_rootfs[recrdeptask]"]
[2m2025-11-29T15:28:46.528306Z[0m [32m INFO[0m [2mconvenient_bitbake::pipeline[0m[2m:[0m   Recipe 'core-image-ptest-all' DEPENDS: ["\"do_packagedata", "${KERNEL_DEPLOY_DEPEND}", "${PATCHDEPENDENCY}", "${POPULATESYSROOTDEPS}", "+=", "do_rootfs[recrdeptask]"]
[2m2025-11-29T15:28:46.528320Z[0m [32m INFO[0m [2mconvenient_bitbake::pipeline[0m[2m:[0m   Recipe 'core-image-ptest-fast' DEPENDS: ["\"do_packagedata", "${KERNEL_DEPLOY_DEPEND}", "${PATCHDEPENDENCY}", "${POPULATESYSROOTDEPS}", "+=", "do_rootfs[recrdeptask]"]
[2m2025-11-29T15:28:46.528337Z[0m [32m INFO[0m [2mconvenient_bitbake::pipeline[0m[2m:[0m   Recipe 'core-image-tiny-initramfs' DEPENDS: ["\"do_packagedata", "${KERNEL_DEPLOY_DEPEND}", "${PATCHDEPENDENCY}", "${POPULATESYSROOTDEPS}", "+=", "do_rootfs[recrdeptask]"]
[2m2025-11-29T15:28:46.528351Z[0m [32m INFO[0m [2mconvenient_bitbake::pipeline[0m[2m:[0m   Recipe 'init-ifupdown' DEPENDS: ["${PATCHDEPENDENCY}", "${POPULATESYSROOTDEPS}"]
[2m2025-11-29T15:28:46.528361Z[0m [32m INFO[0m [2mconvenient_bitbake::pipeline[0m[2m:[0m   Recipe 'initramfs-boot' DEPENDS: ["${PATCHDEPENDENCY}", "${POPULATESYSROOTDEPS}"]
[2m2025-11-29T15:28:46.528371Z[0m [32m INFO[0m [2mconvenient_bitbake::pipeline[0m[2m:[0m   Recipe 'initramfs-framework' DEPENDS: ["${PATCHDEPENDENCY}", "${POPULATESYSROOTDEPS}"]
[2m2025-11-29T15:28:46.528381Z[0m [32m INFO[0m [2mconvenient_bitbake::pipeline[0m[2m:[0m   Recipe 'initramfs-live-boot-tiny' DEPENDS: ["${PATCHDEPENDENCY}", "${POPULATESYSROOTDEPS}", "virtual/kernel"]
[2m2025-11-29T15:28:46.528398Z[0m [32m INFO[0m [2mconvenient_bitbake::pipeline[0m[2m:[0m   Recipe 'initramfs-live-boot' DEPENDS: ["${PATCHDEPENDENCY}", "${POPULATESYSROOTDEPS}", "virtual/kernel"]
[2m2025-11-29T15:28:46.528413Z[0m [32m INFO[0m [2mconvenient_bitbake::pipeline[0m[2m:[0m   Recipe 'initramfs-live-install-efi-testfs' DEPENDS: ["${PATCHDEPENDENCY}", "${POPULATESYSROOTDEPS}"]
[2m2025-11-29T15:28:46.528425Z[0m [32m INFO[0m [2mconvenient_bitbake::pipeline[0m[2m:[0m   Recipe 'initramfs-live-install-efi' DEPENDS: ["${PATCHDEPENDENCY}", "${POPULATESYSROOTDEPS}"]
[2m2025-11-29T15:28:46.528445Z[0m [32m INFO[0m [2mconvenient_bitbake::pipeline[0m[2m:[0m   Recipe 'initramfs-live-install-testfs' DEPENDS: ["${PATCHDEPENDENCY}", "${POPULATESYSROOTDEPS}"]
[2m2025-11-29T15:28:46.528456Z[0m [32m INFO[0m [2mconvenient_bitbake::pipeline[0m[2m:[0m   Recipe 'initramfs-live-install' DEPENDS: ["${PATCHDEPENDENCY}", "${POPULATESYSROOTDEPS}"]
[2m2025-11-29T15:28:46.528471Z[0m [32m INFO[0m [2mconvenient_bitbake::pipeline[0m[2m:[0m   Recipe 'initramfs-module-install-efi' DEPENDS: ["${PATCHDEPENDENCY}", "${POPULATESYSROOTDEPS}"]
[2m2025-11-29T15:28:46.528480Z[0m [32m INFO[0m [2mconvenient_bitbake::pipeline[0m[2m:[0m   Recipe 'initramfs-module-install' DEPENDS: ["${PATCHDEPENDENCY}", "${POPULATESYSROOTDEPS}"]
[2m2025-11-29T15:28:46.528503Z[0m [32m INFO[0m [2mconvenient_bitbake::pipeline[0m[2m:[0m   Recipe 'initramfs-module-setup-live' DEPENDS: ["${PATCHDEPENDENCY}", "${POPULATESYSROOTDEPS}"]
[2m2025-11-29T15:28:46.528515Z[0m [32m INFO[0m [2mconvenient_bitbake::pipeline[0m[2m:[0m   Recipe 'init-system-helpers' DEPENDS: ["${PATCHDEPENDENCY}", "${POPULATESYSROOTDEPS}"]
[2m2025-11-29T15:28:46.528525Z[0m [32m INFO[0m [2mconvenient_bitbake::pipeline[0m[2m:[0m   Recipe 'initscripts' DEPENDS: ["${PATCHDEPENDENCY}", "${POPULATESYSROOTDEPS}", "update-rc.d-native"]
[2m2025-11-29T15:28:46.528535Z[0m [32m INFO[0m [2mconvenient_bitbake::pipeline[0m[2m:[0m   Recipe 'kbd' DEPENDS: ["${PATCHDEPENDENCY}", "${POPULATESYSROOTDEPS}", "flex-native"]
[2m2025-11-29T15:28:46.528546Z[0m [32m INFO[0m [2mconvenient_bitbake::pipeline[0m[2m:[0m   Recipe 'libcgroup' DEPENDS: ["${PATCHDEPENDENCY}", "${POPULATESYSROOTDEPS}", "bison-native", "flex-native", "fts"]
[2m2025-11-29T15:28:46.528559Z[0m [32m INFO[0m [2mconvenient_bitbake::pipeline[0m[2m:[0m   Recipe 'libxcrypt-compat' DEPENDS: ["${PATCHDEPENDENCY}", "${POPULATESYSROOTDEPS}"]
[2m2025-11-29T15:28:46.528574Z[0m [32m INFO[0m [2mconvenient_bitbake::pipeline[0m[2m:[0m   Recipe 'libxcrypt' DEPENDS: ["${PATCHDEPENDENCY}", "${POPULATESYSROOTDEPS}"]
[2m2025-11-29T15:28:46.528594Z[0m [32m INFO[0m [2mconvenient_bitbake::pipeline[0m[2m:[0m   Recipe 'libxml2' DEPENDS: ["${PATCHDEPENDENCY}", "${POPULATESYSROOTDEPS}", "python3", "virtual/libiconv", "zlib"]
[2m2025-11-29T15:28:46.528617Z[0m [32m INFO[0m [2mconvenient_bitbake::pipeline[0m[2m:[0m   Recipe 'build-sysroots' DEPENDS: ["${PATCHDEPENDENCY}", "${POPULATESYSROOTDEPS}"]
[2m2025-11-29T15:28:46.528627Z[0m [32m INFO[0m [2mconvenient_bitbake::pipeline[0m[2m:[0m   Recipe 'buildtools-docs-tarball' DEPENDS: ["${PATCHDEPENDENCY}", "${POPULATESYSROOTDEPS}"]
[2m2025-11-29T15:28:46.528636Z[0m [32m INFO[0m [2mconvenient_bitbake::pipeline[0m[2m:[0m   Recipe 'buildtools-extended-tarball' DEPENDS: ["${PATCHDEPENDENCY}", "${POPULATESYSROOTDEPS}"]
[2m2025-11-29T15:28:46.528650Z[0m [32m INFO[0m [2mconvenient_bitbake::pipeline[0m[2m:[0m   Recipe 'buildtools-tarball' DEPENDS: ["${@'", "${@d.getVarFlag('do_rootfs',", "${PATCHDEPENDENCY}", "${POPULATESYSROOTDEPS}", "'", "'.join([x", "'depends',", "+", "False)}", "d.getVar('SDK_DEPENDS').split()])}", "for", "in", "x", "xz-native"]
[2m2025-11-29T15:28:46.528664Z[0m [32m INFO[0m [2mconvenient_bitbake::pipeline[0m[2m:[0m   Recipe 'cve-update-db-native' DEPENDS: ["${PATCHDEPENDENCY}", "${POPULATESYSROOTDEPS}"]
[2m2025-11-29T15:28:46.528678Z[0m [32m INFO[0m [2mconvenient_bitbake::pipeline[0m[2m:[0m   Recipe 'cve-update-nvd2-native' DEPENDS: ["${PATCHDEPENDENCY}", "${POPULATESYSROOTDEPS}"]
[2m2025-11-29T15:28:46.528696Z[0m [32m INFO[0m [2mconvenient_bitbake::pipeline[0m[2m:[0m   Recipe 'meta-environment-extsdk' DEPENDS: ["${@oe.utils.build_depends_string(all_multilib_tune_values(d,", "${PATCHDEPENDENCY}", "${POPULATESYSROOTDEPS}", "'TOOLCHAIN_NEED_CONFIGSITE_CACHE'),", "'do_populate_sysroot')}"]
[2m2025-11-29T15:28:46.528715Z[0m [32m INFO[0m [2mconvenient_bitbake::pipeline[0m[2m:[0m   Recipe 'meta-environment' DEPENDS: ["${@oe.utils.build_depends_string(all_multilib_tune_values(d,", "${PATCHDEPENDENCY}", "${POPULATESYSROOTDEPS}", "'TOOLCHAIN_NEED_CONFIGSITE_CACHE'),", "'do_populate_sysroot')}"]
[2m2025-11-29T15:28:46.528732Z[0m [32m INFO[0m [2mconvenient_bitbake::pipeline[0m[2m:[0m   Recipe 'meta-extsdk-toolchain' DEPENDS: ["${PATCHDEPENDENCY}", "${POPULATESYSROOTDEPS}", "gdb-cross-x86-64", "qemu-helper-native", "qemu-native", "unfs3-native", "virtual/libc"]
[2m2025-11-29T15:28:46.528749Z[0m [32m INFO[0m [2mconvenient_bitbake::pipeline[0m[2m:[0m   Recipe 'meta-go-toolchain' DEPENDS: ["${@'", "${@d.getVarFlag('do_rootfs',", "${PATCHDEPENDENCY}", "${POPULATESYSROOTDEPS}", "'", "'.join([x", "'depends',", "+", "False)}", "d.getVar('SDK_DEPENDS').split()])}", "for", "in", "x"]
[2m2025-11-29T15:28:46.528766Z[0m [32m INFO[0m [2mconvenient_bitbake::pipeline[0m[2m:[0m   Recipe 'meta-ide-support' DEPENDS: ["${PATCHDEPENDENCY}", "${POPULATESYSROOTDEPS}", "cmake-native", "gdb-cross-x86-64", "qemu-helper-native", "qemu-native", "unfs3-native", "virtual/libc"]
[2m2025-11-29T15:28:46.528784Z[0m [32m INFO[0m [2mconvenient_bitbake::pipeline[0m[2m:[0m   Recipe 'meta-toolchain' DEPENDS: ["${@'", "${@d.getVarFlag('do_rootfs',", "${PATCHDEPENDENCY}", "${POPULATESYSROOTDEPS}", "'", "'.join([x", "'depends',", "+", "False)}", "d.getVar('SDK_DEPENDS').split()])}", "for", "in", "x"]
[2m2025-11-29T15:28:46.528821Z[0m [32m INFO[0m [2mconvenient_bitbake::pipeline[0m[2m:[0m   Recipe 'meta-world-pkgdata' DEPENDS: ["${PATCHDEPENDENCY}", "${POPULATESYSROOTDEPS}"]
[2m2025-11-29T15:28:46.528840Z[0m [32m INFO[0m [2mconvenient_bitbake::pipeline[0m[2m:[0m   Recipe 'nativesdk-buildtools-perl-dummy' DEPENDS: ["${PATCHDEPENDENCY}", "${POPULATESYSROOTDEPS}"]
[2m2025-11-29T15:28:46.528852Z[0m [32m INFO[0m [2mconvenient_bitbake::pipeline[0m[2m:[0m   Recipe 'nativesdk-sdk-provides-dummy' DEPENDS: ["${PATCHDEPENDENCY}", "${POPULATESYSROOTDEPS}"]
[2m2025-11-29T15:28:46.528867Z[0m [32m INFO[0m [2mconvenient_bitbake::pipeline[0m[2m:[0m   Recipe 'package-index' DEPENDS: ["${PACKAGEINDEXDEPS}", "${PATCHDEPENDENCY}", "${POPULATESYSROOTDEPS}"]
[2m2025-11-29T15:28:46.528882Z[0m [32m INFO[0m [2mconvenient_bitbake::pipeline[0m[2m:[0m   Recipe 'signing-keys' DEPENDS: ["${PATCHDEPENDENCY}", "${POPULATESYSROOTDEPS}", "gnupg-native"]
[2m2025-11-29T15:28:46.528907Z[0m [32m INFO[0m [2mconvenient_bitbake::pipeline[0m[2m:[0m   Recipe 'target-sdk-provides-dummy' DEPENDS: ["${PATCHDEPENDENCY}", "${POPULATESYSROOTDEPS}"]
[2m2025-11-29T15:28:46.528927Z[0m [32m INFO[0m [2mconvenient_bitbake::pipeline[0m[2m:[0m   Recipe 'testexport-tarball' DEPENDS: ["${@'", "${@d.getVarFlag('do_rootfs',", "${PATCHDEPENDENCY}", "${POPULATESYSROOTDEPS}", "'", "'.join([x", "'depends',", "+", "False)}", "d.getVar('SDK_DEPENDS').split()])}", "for", "in", "x"]
[2m2025-11-29T15:28:46.528948Z[0m [32m INFO[0m [2mconvenient_bitbake::pipeline[0m[2m:[0m   Recipe 'uninative-tarball' DEPENDS: ["${@'", "${@d.getVarFlag('do_rootfs',", "${PATCHDEPENDENCY}", "${POPULATESYSROOTDEPS}", "'", "'.join([x", "'depends',", "+", "False)}", "d.getVar('SDK_DEPENDS').split()])}", "for", "in", "x"]
[2m2025-11-29T15:28:46.528962Z[0m [32m INFO[0m [2mconvenient_bitbake::pipeline[0m[2m:[0m   Recipe 'wic-tools' DEPENDS: ["${PATCHDEPENDENCY}", "${POPULATESYSROOTDEPS}", "bmap-tools-native", "btrfs-tools-native", "cdrtools-native", "dosfstools-native", "e2fsprogs-native", "erofs-utils-native", "gptfdisk-native", "grub-efi", "grub-native", "mtools-native", "parted-native", "pseudo-native", "squashfs-tools-native", "syslinux", "syslinux-native", "systemd-boot", "tar-native", "util-linux-native", "virtual/${TARGET_PREFIX}binutils"]
[2m2025-11-29T15:28:46.528987Z[0m [32m INFO[0m [2mconvenient_bitbake::pipeline[0m[2m:[0m   Recipe 'bsd-headers' DEPENDS: ["${PATCHDEPENDENCY}", "${POPULATESYSROOTDEPS}"]
[2m2025-11-29T15:28:46.529005Z[0m [32m INFO[0m [2mconvenient_bitbake::pipeline[0m[2m:[0m   Recipe 'gcompat' DEPENDS: ["${PATCHDEPENDENCY}", "${POPULATESYSROOTDEPS}", "musl-obstack"]
[2m2025-11-29T15:28:46.529020Z[0m [32m INFO[0m [2mconvenient_bitbake::pipeline[0m[2m:[0m   Recipe 'libssp-nonshared' DEPENDS: ["${PATCHDEPENDENCY}", "${POPULATESYSROOTDEPS}", "virtual/${TARGET_PREFIX}binutils", "virtual/${TARGET_PREFIX}gcc"]
[2m2025-11-29T15:28:46.529031Z[0m [32m INFO[0m [2mconvenient_bitbake::pipeline[0m[2m:[0m   Recipe 'libucontext' DEPENDS: ["${PATCHDEPENDENCY}", "${POPULATESYSROOTDEPS}"]
[2m2025-11-29T15:28:46.529053Z[0m [32m INFO[0m [2mconvenient_bitbake::pipeline[0m[2m:[0m   Recipe 'musl-obstack' DEPENDS: ["${PATCHDEPENDENCY}", "${POPULATESYSROOTDEPS}"]
[2m2025-11-29T15:28:46.529063Z[0m [32m INFO[0m [2mconvenient_bitbake::pipeline[0m[2m:[0m   Recipe 'musl-utils' DEPENDS: ["${PATCHDEPENDENCY}", "${POPULATESYSROOTDEPS}"]
[2m2025-11-29T15:28:46.529074Z[0m [32m INFO[0m [2mconvenient_bitbake::pipeline[0m[2m:[0m   Recipe 'musl' DEPENDS: ["${PATCHDEPENDENCY}", "${POPULATESYSROOTDEPS}", "bsd-headers", "libgcc-initial", "libssp-nonshared", "linux-libc-headers", "virtual/${TARGET_PREFIX}binutils", "virtual/${TARGET_PREFIX}gcc"]
[2m2025-11-29T15:28:46.529097Z[0m [32m INFO[0m [2mconvenient_bitbake::pipeline[0m[2m:[0m   Recipe 'ncurses' DEPENDS: ["${PATCHDEPENDENCY}", "${POPULATESYSROOTDEPS}", "ncurses-native", "unifdef-native"]
[2m2025-11-29T15:28:46.529113Z[0m [32m INFO[0m [2mconvenient_bitbake::pipeline[0m[2m:[0m   Recipe 'netbase' DEPENDS: ["${PATCHDEPENDENCY}", "${POPULATESYSROOTDEPS}"]
[2m2025-11-29T15:28:46.529126Z[0m [32m INFO[0m [2mconvenient_bitbake::pipeline[0m[2m:[0m   Recipe 'libgloss' DEPENDS: ["${PATCHDEPENDENCY}", "${POPULATESYSROOTDEPS}", "newlib", "virtual/${TARGET_PREFIX}gcc"]
[2m2025-11-29T15:28:46.529137Z[0m [32m INFO[0m [2mconvenient_bitbake::pipeline[0m[2m:[0m   Recipe 'newlib' DEPENDS: ["${PATCHDEPENDENCY}", "${POPULATESYSROOTDEPS}", "virtual/${TARGET_PREFIX}gcc"]
[2m2025-11-29T15:28:46.529150Z[0m [32m INFO[0m [2mconvenient_bitbake::pipeline[0m[2m:[0m   Recipe 'os-release' DEPENDS: ["${PATCHDEPENDENCY}", "${POPULATESYSROOTDEPS}"]
[2m2025-11-29T15:28:46.529161Z[0m [32m INFO[0m [2mconvenient_bitbake::pipeline[0m[2m:[0m   Recipe 'ovmf-shell-image' DEPENDS: ["\"do_packagedata", "${KERNEL_DEPLOY_DEPEND}", "${PATCHDEPENDENCY}", "${POPULATESYSROOTDEPS}", "+=", "do_rootfs[recrdeptask]"]
[2m2025-11-29T15:28:46.529175Z[0m [32m INFO[0m [2mconvenient_bitbake::pipeline[0m[2m:[0m   Recipe 'ovmf' DEPENDS: ["${DEPLOYDEP}", "${PATCHDEPENDENCY}", "${POPULATESYSROOTDEPS}", "acpica-native", "nasm-native", "ovmf-native", "util-linux-native"]
[2m2025-11-29T15:28:46.529193Z[0m [32m INFO[0m [2mconvenient_bitbake::pipeline[0m[2m:[0m   Recipe 'nativesdk-packagegroup-sdk-host' DEPENDS: ["${PATCHDEPENDENCY}", "${POPULATESYSROOTDEPS}"]
[2m2025-11-29T15:28:46.529203Z[0m [32m INFO[0m [2mconvenient_bitbake::pipeline[0m[2m:[0m   Recipe 'packagegroup-base' DEPENDS: ["${PATCHDEPENDENCY}", "${POPULATESYSROOTDEPS}"]
[2m2025-11-29T15:28:46.529216Z[0m [32m INFO[0m [2mconvenient_bitbake::pipeline[0m[2m:[0m   Recipe 'packagegroup-core-boot' DEPENDS: ["${PATCHDEPENDENCY}", "${POPULATESYSROOTDEPS}"]
[2m2025-11-29T15:28:46.529227Z[0m [32m INFO[0m [2mconvenient_bitbake::pipeline[0m[2m:[0m   Recipe 'packagegroup-core-buildessential' DEPENDS: ["${PATCHDEPENDENCY}", "${POPULATESYSROOTDEPS}"]
[2m2025-11-29T15:28:46.529239Z[0m [32m INFO[0m [2mconvenient_bitbake::pipeline[0m[2m:[0m   Recipe 'packagegroup-core-eclipse-debug' DEPENDS: ["${PATCHDEPENDENCY}", "${POPULATESYSROOTDEPS}"]
[2m2025-11-29T15:28:46.529253Z[0m [32m INFO[0m [2mconvenient_bitbake::pipeline[0m[2m:[0m   Recipe 'packagegroup-core-nfs' DEPENDS: ["${PATCHDEPENDENCY}", "${POPULATESYSROOTDEPS}"]
[2m2025-11-29T15:28:46.529270Z[0m [32m INFO[0m [2mconvenient_bitbake::pipeline[0m[2m:[0m   Recipe 'packagegroup-core-sdk' DEPENDS: ["${PATCHDEPENDENCY}", "${POPULATESYSROOTDEPS}"]
[2m2025-11-29T15:28:46.529283Z[0m [32m INFO[0m [2mconvenient_bitbake::pipeline[0m[2m:[0m   Recipe 'packagegroup-core-ssh-dropbear' DEPENDS: ["${PATCHDEPENDENCY}", "${POPULATESYSROOTDEPS}"]
[2m2025-11-29T15:28:46.529294Z[0m [32m INFO[0m [2mconvenient_bitbake::pipeline[0m[2m:[0m   Recipe 'packagegroup-core-ssh-openssh' DEPENDS: ["${PATCHDEPENDENCY}", "${POPULATESYSROOTDEPS}"]
[2m2025-11-29T15:28:46.529312Z[0m [32m INFO[0m [2mconvenient_bitbake::pipeline[0m[2m:[0m   Recipe 'packagegroup-core-standalone-sdk-target' DEPENDS: ["${PATCHDEPENDENCY}", "${POPULATESYSROOTDEPS}"]
[2m2025-11-29T15:28:46.529323Z[0m [32m INFO[0m [2mconvenient_bitbake::pipeline[0m[2m:[0m   Recipe 'packagegroup-core-tools-debug' DEPENDS: ["${PATCHDEPENDENCY}", "${POPULATESYSROOTDEPS}"]
[2m2025-11-29T15:28:46.529338Z[0m [32m INFO[0m [2mconvenient_bitbake::pipeline[0m[2m:[0m   Recipe 'packagegroup-core-tools-profile' DEPENDS: ["${PATCHDEPENDENCY}", "${POPULATESYSROOTDEPS}"]
[2m2025-11-29T15:28:46.529352Z[0m [32m INFO[0m [2mconvenient_bitbake::pipeline[0m[2m:[0m   Recipe 'packagegroup-core-tools-testapps' DEPENDS: ["${PATCHDEPENDENCY}", "${POPULATESYSROOTDEPS}"]
[2m2025-11-29T15:28:46.529368Z[0m [32m INFO[0m [2mconvenient_bitbake::pipeline[0m[2m:[0m   Recipe 'packagegroup-cross-canadian' DEPENDS: ["${PATCHDEPENDENCY}", "${POPULATESYSROOTDEPS}"]
[2m2025-11-29T15:28:46.529379Z[0m [32m INFO[0m [2mconvenient_bitbake::pipeline[0m[2m:[0m   Recipe 'packagegroup-go-cross-canadian' DEPENDS: ["${PATCHDEPENDENCY}", "${POPULATESYSROOTDEPS}"]
[2m2025-11-29T15:28:46.529390Z[0m [32m INFO[0m [2mconvenient_bitbake::pipeline[0m[2m:[0m   Recipe 'packagegroup-go-sdk-target' DEPENDS: ["${PATCHDEPENDENCY}", "${POPULATESYSROOTDEPS}"]
[2m2025-11-29T15:28:46.529404Z[0m [32m INFO[0m [2mconvenient_bitbake::pipeline[0m[2m:[0m   Recipe 'packagegroup-rust-cross-canadian' DEPENDS: ["${PATCHDEPENDENCY}", "${POPULATESYSROOTDEPS}"]
[2m2025-11-29T15:28:46.529416Z[0m [32m INFO[0m [2mconvenient_bitbake::pipeline[0m[2m:[0m   Recipe 'packagegroup-self-hosted' DEPENDS: ["${PATCHDEPENDENCY}", "${POPULATESYSROOTDEPS}"]
[2m2025-11-29T15:28:46.529426Z[0m [32m INFO[0m [2mconvenient_bitbake::pipeline[0m[2m:[0m   Recipe 'psplash' DEPENDS: ["${PATCHDEPENDENCY}", "${POPULATESYSROOTDEPS}", "gdk-pixbuf-native"]
[2m2025-11-29T15:28:46.529440Z[0m [32m INFO[0m [2mconvenient_bitbake::pipeline[0m[2m:[0m   Recipe 'readline' DEPENDS: ["${PATCHDEPENDENCY}", "${POPULATESYSROOTDEPS}", "ncurses"]
[2m2025-11-29T15:28:46.529453Z[0m [32m INFO[0m [2mconvenient_bitbake::pipeline[0m[2m:[0m   Recipe 'seatd' DEPENDS: ["${PATCHDEPENDENCY}", "${POPULATESYSROOTDEPS}"]
[2m2025-11-29T15:28:46.529464Z[0m [32m INFO[0m [2mconvenient_bitbake::pipeline[0m[2m:[0m   Recipe 'sysfsutils' DEPENDS: ["${PATCHDEPENDENCY}", "${POPULATESYSROOTDEPS}"]
[2m2025-11-29T15:28:46.529474Z[0m [32m INFO[0m [2mconvenient_bitbake::pipeline[0m[2m:[0m   Recipe 'systemd-boot' DEPENDS: ["${PATCHDEPENDENCY}", "${POPULATESYSROOTDEPS}", "gnu-efi", "gperf-native", "intltool-native", "libcap", "python3-jinja2-native", "util-linux"]
[2m2025-11-29T15:28:46.529488Z[0m [32m INFO[0m [2mconvenient_bitbake::pipeline[0m[2m:[0m   Recipe 'systemd-bootconf' DEPENDS: ["${PATCHDEPENDENCY}", "${POPULATESYSROOTDEPS}"]
[2m2025-11-29T15:28:46.529500Z[0m [32m INFO[0m [2mconvenient_bitbake::pipeline[0m[2m:[0m   Recipe 'systemd-compat-units' DEPENDS: ["${PATCHDEPENDENCY}", "${POPULATESYSROOTDEPS}"]
[2m2025-11-29T15:28:46.529510Z[0m [32m INFO[0m [2mconvenient_bitbake::pipeline[0m[2m:[0m   Recipe 'systemd-conf' DEPENDS: ["${PATCHDEPENDENCY}", "${POPULATESYSROOTDEPS}"]
[2m2025-11-29T15:28:46.529524Z[0m [32m INFO[0m [2mconvenient_bitbake::pipeline[0m[2m:[0m   Recipe 'systemd-machine-units' DEPENDS: ["${PATCHDEPENDENCY}", "${POPULATESYSROOTDEPS}"]
[2m2025-11-29T15:28:46.529538Z[0m [32m INFO[0m [2mconvenient_bitbake::pipeline[0m[2m:[0m   Recipe 'systemd-serialgetty' DEPENDS: ["${PATCHDEPENDENCY}", "${POPULATESYSROOTDEPS}"]
[2m2025-11-29T15:28:46.529554Z[0m [32m INFO[0m [2mconvenient_bitbake::pipeline[0m[2m:[0m   Recipe 'systemd-systemctl-native' DEPENDS: ["${PATCHDEPENDENCY}", "${POPULATESYSROOTDEPS}"]
[2m2025-11-29T15:28:46.529565Z[0m [32m INFO[0m [2mconvenient_bitbake::pipeline[0m[2m:[0m   Recipe 'systemd' DEPENDS: ["${PATCHDEPENDENCY}", "${POPULATESYSROOTDEPS}", "${USERADDSETSCENEDEPS}", "audit", "gperf-native", "intltool-native", "kmod", "libcap", "libpam", "libselinux", "python3-jinja2-native", "util-linux", "zstd"]
[2m2025-11-29T15:28:46.529581Z[0m [32m INFO[0m [2mconvenient_bitbake::pipeline[0m[2m:[0m   Recipe 'sysvinit-inittab' DEPENDS: ["${PATCHDEPENDENCY}", "${POPULATESYSROOTDEPS}"]
[2m2025-11-29T15:28:46.529592Z[0m [32m INFO[0m [2mconvenient_bitbake::pipeline[0m[2m:[0m   Recipe 'sysvinit' DEPENDS: ["${MLPREFIX}base-passwd", "${PATCHDEPENDENCY}", "${POPULATESYSROOTDEPS}", "base-passwd", "update-rc.d-native", "virtual/crypt"]
[2m2025-11-29T15:28:46.529609Z[0m [32m INFO[0m [2mconvenient_bitbake::pipeline[0m[2m:[0m   Recipe 'eudev' DEPENDS: ["${PATCHDEPENDENCY}", "${POPULATESYSROOTDEPS}", "glib-2.0", "glib-2.0-native", "gperf-native", "kmod", "libxslt-native", "util-linux"]
[2m2025-11-29T15:28:46.529624Z[0m [32m INFO[0m [2mconvenient_bitbake::pipeline[0m[2m:[0m   Recipe 'udev-extraconf' DEPENDS: ["${PATCHDEPENDENCY}", "${POPULATESYSROOTDEPS}"]
[2m2025-11-29T15:28:46.529635Z[0m [32m INFO[0m [2mconvenient_bitbake::pipeline[0m[2m:[0m   Recipe 'update-rc.d' DEPENDS: ["${PATCHDEPENDENCY}", "${POPULATESYSROOTDEPS}"]
[2m2025-11-29T15:28:46.529647Z[0m [32m INFO[0m [2mconvenient_bitbake::pipeline[0m[2m:[0m   Recipe 'util-linux-libuuid' DEPENDS: ["${PATCHDEPENDENCY}", "${POPULATESYSROOTDEPS}"]
[2m2025-11-29T15:28:46.529661Z[0m [32m INFO[0m [2mconvenient_bitbake::pipeline[0m[2m:[0m   Recipe 'util-linux' DEPENDS: ["${PATCHDEPENDENCY}", "${POPULATESYSROOTDEPS}", "libcap-ng", "libpcre2", "ncurses", "util-linux-libuuid", "virtual/crypt", "zlib"]
[2m2025-11-29T15:28:46.529678Z[0m [32m INFO[0m [2mconvenient_bitbake::pipeline[0m[2m:[0m   Recipe 'volatile-binds' DEPENDS: ["${PATCHDEPENDENCY}", "${POPULATESYSROOTDEPS}"]
[2m2025-11-29T15:28:46.529688Z[0m [32m INFO[0m [2mconvenient_bitbake::pipeline[0m[2m:[0m   Recipe 'zlib' DEPENDS: ["${PATCHDEPENDENCY}", "${POPULATESYSROOTDEPS}"]
[2m2025-11-29T15:28:46.529699Z[0m [32m INFO[0m [2mconvenient_bitbake::pipeline[0m[2m:[0m   Recipe 'apt' DEPENDS: ["${PATCHDEPENDENCY}", "${POPULATESYSROOTDEPS}", "${USERADDSETSCENEDEPS}", "bzip2", "db", "gnutls", "libgcrypt", "lz4", "xxhash", "xz", "zlib"]
[2m2025-11-29T15:28:46.529714Z[0m [32m INFO[0m [2mconvenient_bitbake::pipeline[0m[2m:[0m   Recipe 'autoconf' DEPENDS: ["${PATCHDEPENDENCY}", "${POPULATESYSROOTDEPS}", "autoconf-native", "automake-native", "gnu-config-native", "help2man-native", "m4-native"]
[2m2025-11-29T15:28:46.529730Z[0m [32m INFO[0m [2mconvenient_bitbake::pipeline[0m[2m:[0m   Recipe 'autoconf-archive' DEPENDS: ["${PATCHDEPENDENCY}", "${POPULATESYSROOTDEPS}"]
[2m2025-11-29T15:28:46.529751Z[0m [32m INFO[0m [2mconvenient_bitbake::pipeline[0m[2m:[0m   Recipe 'automake' DEPENDS: ["${PATCHDEPENDENCY}", "${POPULATESYSROOTDEPS}", "autoconf-native"]
[2m2025-11-29T15:28:46.529769Z[0m [32m INFO[0m [2mconvenient_bitbake::pipeline[0m[2m:[0m   Recipe 'binutils-cross-canadian' DEPENDS: ["${PATCHDEPENDENCY}", "${POPULATESYSROOTDEPS}", "bison-native", "flex-native", "nativesdk-flex", "nativesdk-gettext", "nativesdk-zlib", "virtual/${HOST_PREFIX}gcc-crosssdk", "virtual/nativesdk-libc"]
[2m2025-11-29T15:28:46.529806Z[0m [32m INFO[0m [2mconvenient_bitbake::pipeline[0m[2m:[0m   Recipe 'binutils-cross-testsuite' DEPENDS: ["${PATCHDEPENDENCY}", "${POPULATESYSROOTDEPS}", "autoconf-native", "binutils-native", "bison-native", "dejagnu-native", "expect-native", "flex-native", "gnu-config-native", "virtual/${TARGET_PREFIX}binutils", "virtual/${TARGET_PREFIX}compilerlibs", "virtual/${TARGET_PREFIX}gcc", "virtual/libc", "zlib-native"]
[2m2025-11-29T15:28:46.529829Z[0m [32m INFO[0m [2mconvenient_bitbake::pipeline[0m[2m:[0m   Recipe 'binutils-cross' DEPENDS: ["${PATCHDEPENDENCY}", "${POPULATESYSROOTDEPS}", "autoconf-native", "bison-native", "flex-native", "gnu-config-native", "zlib-native"]
[2m2025-11-29T15:28:46.529843Z[0m [32m INFO[0m [2mconvenient_bitbake::pipeline[0m[2m:[0m   Recipe 'binutils-crosssdk' DEPENDS: ["${PATCHDEPENDENCY}", "${POPULATESYSROOTDEPS}", "autoconf-native", "bison-native", "flex-native", "gnu-config-native", "zlib-native"]
[2m2025-11-29T15:28:46.529857Z[0m [32m INFO[0m [2mconvenient_bitbake::pipeline[0m[2m:[0m   Recipe 'binutils' DEPENDS: ["${PATCHDEPENDENCY}", "${POPULATESYSROOTDEPS}", "autoconf-native", "bison-native", "flex-native", "gnu-config-native", "zlib", "zlib-native"]
[2m2025-11-29T15:28:46.529872Z[0m [32m INFO[0m [2mconvenient_bitbake::pipeline[0m[2m:[0m   Recipe 'bison' DEPENDS: ["${PATCHDEPENDENCY}", "${POPULATESYSROOTDEPS}", "bison-native", "flex-native", "readline"]
[2m2025-11-29T15:28:46.529890Z[0m [32m INFO[0m [2mconvenient_bitbake::pipeline[0m[2m:[0m   Recipe 'bootchart2' DEPENDS: ["${PATCHDEPENDENCY}", "${POPULATESYSROOTDEPS}", "python3-pycairo-native"]
[2m2025-11-29T15:28:46.529912Z[0m [32m INFO[0m [2mconvenient_bitbake::pipeline[0m[2m:[0m   Recipe 'btrfs-tools' DEPENDS: ["${PATCHDEPENDENCY}", "${POPULATESYSROOTDEPS}", "e2fsprogs", "lzo", "python3-setuptools-native", "util-linux", "zlib"]
[2m2025-11-29T15:28:46.529926Z[0m [32m INFO[0m [2mconvenient_bitbake::pipeline[0m[2m:[0m   Recipe 'cargo-cross-canadian' DEPENDS: ["${PATCHDEPENDENCY}", "${POPULATESYSROOTDEPS}", "ca-certificates", "curl", "libssh2", "nativesdk-openssl", "nativesdk-zlib", "openssl", "rust-cross-canadian-x86-64", "rust-native", "virtual/nativesdk-${HOST_PREFIX}compilerlibs", "virtual/nativesdk-libc", "zlib"]
[2m2025-11-29T15:28:46.529941Z[0m [32m INFO[0m [2mconvenient_bitbake::pipeline[0m[2m:[0m   Recipe 'cargo' DEPENDS: ["${PATCHDEPENDENCY}", "${POPULATESYSROOTDEPS}", "ca-certificates", "curl", "libssh2", "openssl", "zlib"]
[2m2025-11-29T15:28:46.529961Z[0m [32m INFO[0m [2mconvenient_bitbake::pipeline[0m[2m:[0m   Recipe 'ccache' DEPENDS: ["${PATCHDEPENDENCY}", "${POPULATESYSROOTDEPS}", "zstd"]
[2m2025-11-29T15:28:46.529975Z[0m [32m INFO[0m [2mconvenient_bitbake::pipeline[0m[2m:[0m   Recipe 'cdrtools-native' DEPENDS: ["${PATCHDEPENDENCY}", "${POPULATESYSROOTDEPS}"]
[2m2025-11-29T15:28:46.529989Z[0m [32m INFO[0m [2mconvenient_bitbake::pipeline[0m[2m:[0m   Recipe 'chrpath' DEPENDS: ["${PATCHDEPENDENCY}", "${POPULATESYSROOTDEPS}"]
[2m2025-11-29T15:28:46.530001Z[0m [32m INFO[0m [2mconvenient_bitbake::pipeline[0m[2m:[0m   Recipe 'cmake-native' DEPENDS: ["${PATCHDEPENDENCY}", "${POPULATESYSROOTDEPS}", "bzip2-replacement-native", "curl-native", "ncurses-native", "xz-native", "zlib-native", "zstd-native"]
[2m2025-11-29T15:28:46.530014Z[0m [32m INFO[0m [2mconvenient_bitbake::pipeline[0m[2m:[0m   Recipe 'cmake' DEPENDS: ["${PATCHDEPENDENCY}", "${POPULATESYSROOTDEPS}", "bzip2", "curl", "expat", "libarchive", "ncurses", "xz", "zlib"]
[2m2025-11-29T15:28:46.530027Z[0m [32m INFO[0m [2mconvenient_bitbake::pipeline[0m[2m:[0m   Recipe 'createrepo-c' DEPENDS: ["${PATCHDEPENDENCY}", "${POPULATESYSROOTDEPS}", "bzip2", "curl", "expat", "file", "file-replacement-native", "glib-2.0", "libxml2", "openssl", "rpm", "sqlite3", "xz", "zlib"]
[2m2025-11-29T15:28:46.530040Z[0m [32m INFO[0m [2mconvenient_bitbake::pipeline[0m[2m:[0m   Recipe 'dejagnu' DEPENDS: ["${PATCHDEPENDENCY}", "${POPULATESYSROOTDEPS}", "expect-native"]
[2m2025-11-29T15:28:46.530065Z[0m [32m INFO[0m [2mconvenient_bitbake::pipeline[0m[2m:[0m   Recipe 'desktop-file-utils' DEPENDS: ["${PATCHDEPENDENCY}", "${POPULATESYSROOTDEPS}", "glib-2.0"]
[2m2025-11-29T15:28:46.530078Z[0m [32m INFO[0m [2mconvenient_bitbake::pipeline[0m[2m:[0m   Recipe 'distcc-config' DEPENDS: ["${PATCHDEPENDENCY}", "${POPULATESYSROOTDEPS}"]
[2m2025-11-29T15:28:46.530089Z[0m [32m INFO[0m [2mconvenient_bitbake::pipeline[0m[2m:[0m   Recipe 'nfs-export-root' DEPENDS: ["${PATCHDEPENDENCY}", "${POPULATESYSROOTDEPS}"]
[2m2025-11-29T15:28:46.530100Z[0m [32m INFO[0m [2mconvenient_bitbake::pipeline[0m[2m:[0m   Recipe 'diffstat' DEPENDS: ["${PATCHDEPENDENCY}", "${POPULATESYSROOTDEPS}"]
[2m2025-11-29T15:28:46.530109Z[0m [32m INFO[0m [2mconvenient_bitbake::pipeline[0m[2m:[0m   Recipe 'distcc' DEPENDS: ["${PATCHDEPENDENCY}", "${POPULATESYSROOTDEPS}", "${USERADDSETSCENEDEPS}", "avahi", "binutils", "popt"]
[2m2025-11-29T15:28:46.530130Z[0m [32m INFO[0m [2mconvenient_bitbake::pipeline[0m[2m:[0m   Recipe 'dmidecode' DEPENDS: ["${PATCHDEPENDENCY}", "${POPULATESYSROOTDEPS}"]
[2m2025-11-29T15:28:46.530151Z[0m [32m INFO[0m [2mconvenient_bitbake::pipeline[0m[2m:[0m   Recipe 'dnf' DEPENDS: ["${PATCHDEPENDENCY}", "${POPULATESYSROOTDEPS}", "libcomps", "libdnf", "librepo", "python3-iniparse"]
[2m2025-11-29T15:28:46.530170Z[0m [32m INFO[0m [2mconvenient_bitbake::pipeline[0m[2m:[0m   Recipe 'docbook-xml-dtd4' DEPENDS: ["${PATCHDEPENDENCY}", "${POPULATESYSROOTDEPS}"]
[2m2025-11-29T15:28:46.530182Z[0m [32m INFO[0m [2mconvenient_bitbake::pipeline[0m[2m:[0m   Recipe 'docbook-xsl-stylesheets' DEPENDS: ["${PATCHDEPENDENCY}", "${POPULATESYSROOTDEPS}"]
[2m2025-11-29T15:28:46.530192Z[0m [32m INFO[0m [2mconvenient_bitbake::pipeline[0m[2m:[0m   Recipe 'dosfstools' DEPENDS: ["${PATCHDEPENDENCY}", "${POPULATESYSROOTDEPS}"]
[2m2025-11-29T15:28:46.530204Z[0m [32m INFO[0m [2mconvenient_bitbake::pipeline[0m[2m:[0m   Recipe 'dpkg' DEPENDS: ["${PATCHDEPENDENCY}", "${POPULATESYSROOTDEPS}", "bzip2", "ncurses", "perl", "xz", "zlib"]
[2m2025-11-29T15:28:46.530220Z[0m [32m INFO[0m [2mconvenient_bitbake::pipeline[0m[2m:[0m   Recipe 'dwarfsrcfiles' DEPENDS: ["${PATCHDEPENDENCY}", "${POPULATESYSROOTDEPS}", "argp-standalone", "elfutils"]
[2m2025-11-29T15:28:46.530235Z[0m [32m INFO[0m [2mconvenient_bitbake::pipeline[0m[2m:[0m   Recipe 'e2fsprogs' DEPENDS: ["${PATCHDEPENDENCY}", "${POPULATESYSROOTDEPS}", "attr", "autoconf-archive", "util-linux"]
[2m2025-11-29T15:28:46.530250Z[0m [32m INFO[0m [2mconvenient_bitbake::pipeline[0m[2m:[0m   Recipe 'elfutils' DEPENDS: ["${PATCHDEPENDENCY}", "${POPULATESYSROOTDEPS}", "argp-standalone", "fts", "musl-obstack", "virtual/libintl", "zlib"]
[2m2025-11-29T15:28:46.530263Z[0m [32m INFO[0m [2mconvenient_bitbake::pipeline[0m[2m:[0m   Recipe 'erofs-utils' DEPENDS: ["${PATCHDEPENDENCY}", "${POPULATESYSROOTDEPS}", "lz4", "util-linux-libuuid"]
[2m2025-11-29T15:28:46.530274Z[0m [32m INFO[0m [2mconvenient_bitbake::pipeline[0m[2m:[0m   Recipe 'expect' DEPENDS: ["${PATCHDEPENDENCY}", "${POPULATESYSROOTDEPS}", "tcl"]
[2m2025-11-29T15:28:46.530285Z[0m [32m INFO[0m [2mconvenient_bitbake::pipeline[0m[2m:[0m   Recipe 'gptfdisk' DEPENDS: ["${PATCHDEPENDENCY}", "${POPULATESYSROOTDEPS}", "ncurses", "popt", "util-linux"]
[2m2025-11-29T15:28:46.530300Z[0m [32m INFO[0m [2mconvenient_bitbake::pipeline[0m[2m:[0m   Recipe 'file' DEPENDS: ["${PATCHDEPENDENCY}", "${POPULATESYSROOTDEPS}", "bzip2", "file-replacement-native", "xz", "zlib"]
[2m2025-11-29T15:28:46.530311Z[0m [32m INFO[0m [2mconvenient_bitbake::pipeline[0m[2m:[0m   Recipe 'flex' DEPENDS: ["${@bb.utils.contains", "${PATCHDEPENDENCY}", "${POPULATESYSROOTDEPS}", "'',", "'1',", "'bison-native", "d)}", "flex-native',"]
[2m2025-11-29T15:28:46.530326Z[0m [32m INFO[0m [2mconvenient_bitbake::pipeline[0m[2m:[0m   Recipe 'gcc-cross-canadian' DEPENDS: ["${ELFUTILS}", "${PATCHDEPENDENCY}", "${POPULATESYSROOTDEPS}", "flex-native", "gcc-source-${PV}", "nativesdk-gettext", "nativesdk-gmp", "nativesdk-libmpc", "nativesdk-mpfr", "nativesdk-zlib", "nativesdk-zstd", "virtual/${HOST_PREFIX}binutils-crosssdk", "virtual/${HOST_PREFIX}gcc-crosssdk", "virtual/${TARGET_PREFIX}gcc", "virtual/libc", "virtual/nativesdk-libc"]
[2m2025-11-29T15:28:46.530348Z[0m [32m INFO[0m [2mconvenient_bitbake::pipeline[0m[2m:[0m   Recipe 'gcc-cross' DEPENDS: ["${EXTRADEPENDS}", "${NATIVEDEPS}", "${PATCHDEPENDENCY}", "${POPULATESYSROOTDEPS}", "gcc-source-${PV}", "virtual/${TARGET_PREFIX}binutils"]
[2m2025-11-29T15:28:46.530362Z[0m [32m INFO[0m [2mconvenient_bitbake::pipeline[0m[2m:[0m   Recipe 'gcc-crosssdk' DEPENDS: ["${NATIVEDEPS}", "${PATCHDEPENDENCY}", "${POPULATESYSROOTDEPS}", "gettext-native", "virtual/${TARGET_PREFIX}binutils-crosssdk"]
[2m2025-11-29T15:28:46.530379Z[0m [32m INFO[0m [2mconvenient_bitbake::pipeline[0m[2m:[0m   Recipe 'gcc-runtime' DEPENDS: ["\"user\"", "${@'qemu-native", "${COMPILERDEP}", "${PATCHDEPENDENCY}", "${POPULATESYSROOTDEPS}", "''}", "d.getVar('TOOLCHAIN_TEST_TARGET')", "else", "gcc-source-${PV}", "if", "in", "libgcc", "virtual/${TARGET_PREFIX}g++", "virtual/${TARGET_PREFIX}gcc", "virtual/libc"]
[2m2025-11-29T15:28:46.530409Z[0m [32m INFO[0m [2mconvenient_bitbake::pipeline[0m[2m:[0m   Recipe 'gcc-sanitizers' DEPENDS: ["${COMPILERDEP}", "${PATCHDEPENDENCY}", "${POPULATESYSROOTDEPS}", "gcc-runtime", "gcc-source-${PV}", "virtual/${MLPREFIX}${TARGET_PREFIX}compilerlibs", "virtual/${TARGET_PREFIX}gcc", "virtual/crypt"]
[2m2025-11-29T15:28:46.530429Z[0m [32m INFO[0m [2mconvenient_bitbake::pipeline[0m[2m:[0m   Recipe 'gcc-source' DEPENDS: ["${PATCHDEPENDENCY}", "${POPULATESYSROOTDEPS}"]
[2m2025-11-29T15:28:46.530452Z[0m [32m INFO[0m [2mconvenient_bitbake::pipeline[0m[2m:[0m   Recipe 'gcc' DEPENDS: ["${PATCHDEPENDENCY}", "${POPULATESYSROOTDEPS}", "gcc-source-${PV}"]
[2m2025-11-29T15:28:46.530470Z[0m [32m INFO[0m [2mconvenient_bitbake::pipeline[0m[2m:[0m   Recipe 'libgcc-initial' DEPENDS: ["${COMPILERDEP}", "${PATCHDEPENDENCY}", "${POPULATESYSROOTDEPS}", "gcc-source-${PV}", "virtual/${TARGET_PREFIX}gcc"]
[2m2025-11-29T15:28:46.530484Z[0m [32m INFO[0m [2mconvenient_bitbake::pipeline[0m[2m:[0m   Recipe 'libgcc' DEPENDS: ["${COMPILERDEP}", "${PATCHDEPENDENCY}", "${POPULATESYSROOTDEPS}", "gcc-source-${PV}", "virtual/${MLPREFIX}libc", "virtual/${TARGET_PREFIX}g++", "virtual/${TARGET_PREFIX}gcc", "virtual/libc"]
[2m2025-11-29T15:28:46.530500Z[0m [32m INFO[0m [2mconvenient_bitbake::pipeline[0m[2m:[0m   Recipe 'libgfortran' DEPENDS: ["${COMPILERDEP}", "${PATCHDEPENDENCY}", "${POPULATESYSROOTDEPS}", "gcc-cross-x86-64", "gcc-runtime", "gcc-source-${PV}", "virtual/${MLPREFIX}libc"]
[2m2025-11-29T15:28:46.530521Z[0m [32m INFO[0m [2mconvenient_bitbake::pipeline[0m[2m:[0m   Recipe 'gdb-cross-canadian' DEPENDS: ["${PATCHDEPENDENCY}", "${POPULATESYSROOTDEPS}", "nativesdk-expat", "nativesdk-gettext", "nativesdk-gmp", "nativesdk-ncurses", "nativesdk-readline", "virtual/${HOST_PREFIX}binutils-crosssdk", "virtual/${HOST_PREFIX}gcc-crosssdk", "virtual/nativesdk-libc"]
[2m2025-11-29T15:28:46.530541Z[0m [32m INFO[0m [2mconvenient_bitbake::pipeline[0m[2m:[0m   Recipe 'gdb-cross' DEPENDS: ["${PATCHDEPENDENCY}", "${POPULATESYSROOTDEPS}", "bison-native", "expat-native", "flex-native", "gmp-native", "ncurses-native", "readline-native"]
[2m2025-11-29T15:28:46.530558Z[0m [32m INFO[0m [2mconvenient_bitbake::pipeline[0m[2m:[0m   Recipe 'gdb' DEPENDS: ["${LTTNGUST}", "${PATCHDEPENDENCY}", "${POPULATESYSROOTDEPS}", "bison-native", "expat", "gmp", "ncurses", "readline", "virtual/libiconv", "zlib"]
[2m2025-11-29T15:28:46.530570Z[0m [32m INFO[0m [2mconvenient_bitbake::pipeline[0m[2m:[0m   Recipe 'git' DEPENDS: ["${PATCHDEPENDENCY}", "${POPULATESYSROOTDEPS}", "curl", "expat", "openssl", "zlib"]
[2m2025-11-29T15:28:46.530582Z[0m [32m INFO[0m [2mconvenient_bitbake::pipeline[0m[2m:[0m   Recipe 'glide' DEPENDS: ["${PATCHDEPENDENCY}", "${POPULATESYSROOTDEPS}"]
[2m2025-11-29T15:28:46.530592Z[0m [32m INFO[0m [2mconvenient_bitbake::pipeline[0m[2m:[0m   Recipe 'gnu-config' DEPENDS: ["${PATCHDEPENDENCY}", "${POPULATESYSROOTDEPS}", "hostperl-runtime-native"]
[2m2025-11-29T15:28:46.530616Z[0m [32m INFO[0m [2mconvenient_bitbake::pipeline[0m[2m:[0m   Recipe 'go-binary-native' DEPENDS: ["${PATCHDEPENDENCY}", "${POPULATESYSROOTDEPS}"]
[2m2025-11-29T15:28:46.530635Z[0m [32m INFO[0m [2mconvenient_bitbake::pipeline[0m[2m:[0m   Recipe 'go-cross-canadian' DEPENDS: ["${PATCHDEPENDENCY}", "${POPULATESYSROOTDEPS}", "go-native", "virtual/${HOST_PREFIX}gcc-crosssdk", "virtual/${HOST_PREFIX}go-crosssdk", "virtual/nativesdk-${HOST_PREFIX}compilerlibs", "virtual/nativesdk-${HOST_PREFIX}go-runtime", "virtual/nativesdk-libc"]
[2m2025-11-29T15:28:46.530660Z[0m [32m INFO[0m [2mconvenient_bitbake::pipeline[0m[2m:[0m   Recipe 'go-cross' DEPENDS: ["${PATCHDEPENDENCY}", "${POPULATESYSROOTDEPS}", "go-native"]
[2m2025-11-29T15:28:46.530674Z[0m [32m INFO[0m [2mconvenient_bitbake::pipeline[0m[2m:[0m   Recipe 'go-crosssdk' DEPENDS: ["${PATCHDEPENDENCY}", "${POPULATESYSROOTDEPS}", "go-native", "virtual/${TARGET_PREFIX}binutils-crosssdk", "virtual/${TARGET_PREFIX}gcc-crosssdk", "virtual/nativesdk-${TARGET_PREFIX}compilerlibs"]
[2m2025-11-29T15:28:46.530690Z[0m [32m INFO[0m [2mconvenient_bitbake::pipeline[0m[2m:[0m   Recipe 'go-native' DEPENDS: ["${PATCHDEPENDENCY}", "${POPULATESYSROOTDEPS}"]
[2m2025-11-29T15:28:46.530703Z[0m [32m INFO[0m [2mconvenient_bitbake::pipeline[0m[2m:[0m   Recipe 'go-runtime' DEPENDS: ["${PATCHDEPENDENCY}", "${POPULATESYSROOTDEPS}", "go-native", "virtual/${TUNE_PKGARCH}-go"]
[2m2025-11-29T15:28:46.530713Z[0m [32m INFO[0m [2mconvenient_bitbake::pipeline[0m[2m:[0m   Recipe 'go' DEPENDS: ["${PATCHDEPENDENCY}", "${POPULATESYSROOTDEPS}", "go-native", "virtual/${TUNE_PKGARCH}-go"]
[2m2025-11-29T15:28:46.530725Z[0m [32m INFO[0m [2mconvenient_bitbake::pipeline[0m[2m:[0m   Recipe 'help2man' DEPENDS: ["${PATCHDEPENDENCY}", "${POPULATESYSROOTDEPS}"]
[2m2025-11-29T15:28:46.530735Z[0m [32m INFO[0m [2mconvenient_bitbake::pipeline[0m[2m:[0m   Recipe 'i2c-tools' DEPENDS: ["${PATCHDEPENDENCY}", "${POPULATESYSROOTDEPS}"]
[2m2025-11-29T15:28:46.530744Z[0m [32m INFO[0m [2mconvenient_bitbake::pipeline[0m[2m:[0m   Recipe 'icecc-create-env' DEPENDS: ["${PATCHDEPENDENCY}", "${POPULATESYSROOTDEPS}"]
[2m2025-11-29T15:28:46.530766Z[0m [32m INFO[0m [2mconvenient_bitbake::pipeline[0m[2m:[0m   Recipe 'nativesdk-icecc-toolchain' DEPENDS: ["${PATCHDEPENDENCY}", "${POPULATESYSROOTDEPS}"]
[2m2025-11-29T15:28:46.530802Z[0m [32m INFO[0m [2mconvenient_bitbake::pipeline[0m[2m:[0m   Recipe 'intltool' DEPENDS: ["${PATCHDEPENDENCY}", "${POPULATESYSROOTDEPS}", "libxml-parser-perl-native"]
[2m2025-11-29T15:28:46.530815Z[0m [32m INFO[0m [2mconvenient_bitbake::pipeline[0m[2m:[0m   Recipe 'jquery' DEPENDS: ["${PATCHDEPENDENCY}", "${POPULATESYSROOTDEPS}"]
[2m2025-11-29T15:28:46.530827Z[0m [32m INFO[0m [2mconvenient_bitbake::pipeline[0m[2m:[0m   Recipe 'json-c' DEPENDS: ["${PATCHDEPENDENCY}", "${POPULATESYSROOTDEPS}"]
[2m2025-11-29T15:28:46.530839Z[0m [32m INFO[0m [2mconvenient_bitbake::pipeline[0m[2m:[0m   Recipe 'libcomps' DEPENDS: ["${PATCHDEPENDENCY}", "${POPULATESYSROOTDEPS}", "expat", "libcheck", "libxml2"]
[2m2025-11-29T15:28:46.530855Z[0m [32m INFO[0m [2mconvenient_bitbake::pipeline[0m[2m:[0m   Recipe 'libdnf' DEPENDS: ["${PATCHDEPENDENCY}", "${POPULATESYSROOTDEPS}", "glib-2.0", "gtk-doc", "json-c", "libcheck", "libmodulemd", "librepo", "libsolv", "rpm", "swig-native", "util-linux"]
[2m2025-11-29T15:28:46.530885Z[0m [32m INFO[0m [2mconvenient_bitbake::pipeline[0m[2m:[0m   Recipe 'libedit' DEPENDS: ["${PATCHDEPENDENCY}", "${POPULATESYSROOTDEPS}", "ncurses"]
[2m2025-11-29T15:28:46.530900Z[0m [32m INFO[0m [2mconvenient_bitbake::pipeline[0m[2m:[0m   Recipe 'libmodulemd' DEPENDS: ["${PATCHDEPENDENCY}", "${POPULATESYSROOTDEPS}", "glib-2.0", "glib-2.0-native", "libyaml"]
[2m2025-11-29T15:28:46.530915Z[0m [32m INFO[0m [2mconvenient_bitbake::pipeline[0m[2m:[0m   Recipe 'librepo' DEPENDS: ["${PATCHDEPENDENCY}", "${POPULATESYSROOTDEPS}", "attr", "curl", "glib-2.0", "gpgme", "libxml2", "openssl"]
[2m2025-11-29T15:28:46.530934Z[0m [32m INFO[0m [2mconvenient_bitbake::pipeline[0m[2m:[0m   Recipe 'libtool-cross' DEPENDS: ["${PATCHDEPENDENCY}", "${POPULATESYSROOTDEPS}", "libtool-native"]
[2m2025-11-29T15:28:46.530946Z[0m [32m INFO[0m [2mconvenient_bitbake::pipeline[0m[2m:[0m   Recipe 'libtool-native' DEPENDS: ["${PATCHDEPENDENCY}", "${POPULATESYSROOTDEPS}"]
[2m2025-11-29T15:28:46.530957Z[0m [32m INFO[0m [2mconvenient_bitbake::pipeline[0m[2m:[0m   Recipe 'libtool' DEPENDS: ["${PATCHDEPENDENCY}", "${POPULATESYSROOTDEPS}", "libtool-native"]
[2m2025-11-29T15:28:46.530970Z[0m [32m INFO[0m [2mconvenient_bitbake::pipeline[0m[2m:[0m   Recipe 'nativesdk-libtool' DEPENDS: ["${PATCHDEPENDENCY}", "${POPULATESYSROOTDEPS}", "libtool-native"]
[2m2025-11-29T15:28:46.530983Z[0m [32m INFO[0m [2mconvenient_bitbake::pipeline[0m[2m:[0m   Recipe 'llvm' DEPENDS: ["${PATCHDEPENDENCY}", "${POPULATESYSROOTDEPS}", "libedit", "libffi", "libxml2", "llvm-native", "ninja-native", "zlib"]
[2m2025-11-29T15:28:46.530998Z[0m [32m INFO[0m [2mconvenient_bitbake::pipeline[0m[2m:[0m   Recipe 'log4cplus' DEPENDS: ["${PATCHDEPENDENCY}", "${POPULATESYSROOTDEPS}"]
[2m2025-11-29T15:28:46.531009Z[0m [32m INFO[0m [2mconvenient_bitbake::pipeline[0m[2m:[0m   Recipe 'lua' DEPENDS: ["${PATCHDEPENDENCY}", "${POPULATESYSROOTDEPS}", "readline"]
[2m2025-11-29T15:28:46.531022Z[0m [32m INFO[0m [2mconvenient_bitbake::pipeline[0m[2m:[0m   Recipe 'm4-native' DEPENDS: ["${PATCHDEPENDENCY}", "${POPULATESYSROOTDEPS}", "gnu-config-native"]
[2m2025-11-29T15:28:46.531038Z[0m [32m INFO[0m [2mconvenient_bitbake::pipeline[0m[2m:[0m   Recipe 'm4' DEPENDS: ["${PATCHDEPENDENCY}", "${POPULATESYSROOTDEPS}"]
[2m2025-11-29T15:28:46.531049Z[0m [32m INFO[0m [2mconvenient_bitbake::pipeline[0m[2m:[0m   Recipe 'make' DEPENDS: ["${PATCHDEPENDENCY}", "${POPULATESYSROOTDEPS}"]
[2m2025-11-29T15:28:46.531058Z[0m [32m INFO[0m [2mconvenient_bitbake::pipeline[0m[2m:[0m   Recipe 'makedevs' DEPENDS: ["${PATCHDEPENDENCY}", "${POPULATESYSROOTDEPS}"]
[2m2025-11-29T15:28:46.531070Z[0m [32m INFO[0m [2mconvenient_bitbake::pipeline[0m[2m:[0m   Recipe 'meson' DEPENDS: ["${PATCHDEPENDENCY}", "${POPULATESYSROOTDEPS}"]
[2m2025-11-29T15:28:46.531082Z[0m [32m INFO[0m [2mconvenient_bitbake::pipeline[0m[2m:[0m   Recipe 'mmc-utils' DEPENDS: ["${PATCHDEPENDENCY}", "${POPULATESYSROOTDEPS}"]
[2m2025-11-29T15:28:46.531090Z[0m [32m INFO[0m [2mconvenient_bitbake::pipeline[0m[2m:[0m   Recipe 'mtd-utils' DEPENDS: ["${PATCHDEPENDENCY}", "${POPULATESYSROOTDEPS}", "e2fsprogs", "lzo", "util-linux", "zlib"]
[2m2025-11-29T15:28:46.531100Z[0m [32m INFO[0m [2mconvenient_bitbake::pipeline[0m[2m:[0m   Recipe 'mtools' DEPENDS: ["${PATCHDEPENDENCY}", "${POPULATESYSROOTDEPS}", "virtual/libiconv"]
[2m2025-11-29T15:28:46.531119Z[0m [32m INFO[0m [2mconvenient_bitbake::pipeline[0m[2m:[0m   Recipe 'nasm' DEPENDS: ["${PATCHDEPENDENCY}", "${POPULATESYSROOTDEPS}", "groff-native"]
[2m2025-11-29T15:28:46.531135Z[0m [32m INFO[0m [2mconvenient_bitbake::pipeline[0m[2m:[0m   Recipe 'ninja' DEPENDS: ["${PATCHDEPENDENCY}", "${POPULATESYSROOTDEPS}", "ninja-native", "re2c-native"]
[2m2025-11-29T15:28:46.531149Z[0m [32m INFO[0m [2mconvenient_bitbake::pipeline[0m[2m:[0m   Recipe 'opkg-arch-config' DEPENDS: ["${PATCHDEPENDENCY}", "${POPULATESYSROOTDEPS}"]
[2m2025-11-29T15:28:46.531161Z[0m [32m INFO[0m [2mconvenient_bitbake::pipeline[0m[2m:[0m   Recipe 'opkg-keyrings' DEPENDS: ["${PATCHDEPENDENCY}", "${POPULATESYSROOTDEPS}"]
[2m2025-11-29T15:28:46.531182Z[0m [32m INFO[0m [2mconvenient_bitbake::pipeline[0m[2m:[0m   Recipe 'opkg' DEPENDS: ["${PATCHDEPENDENCY}", "${POPULATESYSROOTDEPS}", "libarchive", "libsolv"]
[2m2025-11-29T15:28:46.531192Z[0m [32m INFO[0m [2mconvenient_bitbake::pipeline[0m[2m:[0m   Recipe 'opkg-utils' DEPENDS: ["${PATCHDEPENDENCY}", "${POPULATESYSROOTDEPS}"]
[2m2025-11-29T15:28:46.531202Z[0m [32m INFO[0m [2mconvenient_bitbake::pipeline[0m[2m:[0m   Recipe 'orc' DEPENDS: ["${PATCHDEPENDENCY}", "${POPULATESYSROOTDEPS}"]
[2m2025-11-29T15:28:46.531211Z[0m [32m INFO[0m [2mconvenient_bitbake::pipeline[0m[2m:[0m   Recipe 'patch' DEPENDS: ["${PATCHDEPENDENCY}", "${POPULATESYSROOTDEPS}"]
[2m2025-11-29T15:28:46.531220Z[0m [32m INFO[0m [2mconvenient_bitbake::pipeline[0m[2m:[0m   Recipe 'patchelf' DEPENDS: ["${PATCHDEPENDENCY}", "${POPULATESYSROOTDEPS}"]
[2m2025-11-29T15:28:46.531242Z[0m [32m INFO[0m [2mconvenient_bitbake::pipeline[0m[2m:[0m   Recipe 'liberror-perl' DEPENDS: ["${PATCHDEPENDENCY}", "${POPULATESYSROOTDEPS}", "perl"]
[2m2025-11-29T15:28:46.531255Z[0m [32m INFO[0m [2mconvenient_bitbake::pipeline[0m[2m:[0m   Recipe 'libmodule-build-perl' DEPENDS: ["${PATCHDEPENDENCY}", "${POPULATESYSROOTDEPS}"]
[2m2025-11-29T15:28:46.531277Z[0m [32m INFO[0m [2mconvenient_bitbake::pipeline[0m[2m:[0m   Recipe 'libtest-needs-perl' DEPENDS: ["${PATCHDEPENDENCY}", "${POPULATESYSROOTDEPS}", "perl"]
[2m2025-11-29T15:28:46.531291Z[0m [32m INFO[0m [2mconvenient_bitbake::pipeline[0m[2m:[0m   Recipe 'liburi-perl' DEPENDS: ["${PATCHDEPENDENCY}", "${POPULATESYSROOTDEPS}", "perl"]
[2m2025-11-29T15:28:46.531302Z[0m [32m INFO[0m [2mconvenient_bitbake::pipeline[0m[2m:[0m   Recipe 'libxml-parser-perl' DEPENDS: ["${PATCHDEPENDENCY}", "${POPULATESYSROOTDEPS}", "expat"]
[2m2025-11-29T15:28:46.531313Z[0m [32m INFO[0m [2mconvenient_bitbake::pipeline[0m[2m:[0m   Recipe 'libxml-perl' DEPENDS: ["${PATCHDEPENDENCY}", "${POPULATESYSROOTDEPS}", "libxml-parser-perl"]
[2m2025-11-29T15:28:46.531342Z[0m [32m INFO[0m [2mconvenient_bitbake::pipeline[0m[2m:[0m   Recipe 'libxml-simple-perl' DEPENDS: ["${PATCHDEPENDENCY}", "${POPULATESYSROOTDEPS}", "libxml-parser-perl"]
[2m2025-11-29T15:28:46.531357Z[0m [32m INFO[0m [2mconvenient_bitbake::pipeline[0m[2m:[0m   Recipe 'perl' DEPENDS: ["${PATCHDEPENDENCY}", "${POPULATESYSROOTDEPS}", "gdbm", "make-native", "perlcross-native", "virtual/crypt", "zlib"]
[2m2025-11-29T15:28:46.531368Z[0m [32m INFO[0m [2mconvenient_bitbake::pipeline[0m[2m:[0m   Recipe 'perlcross' DEPENDS: ["${PATCHDEPENDENCY}", "${POPULATESYSROOTDEPS}"]
[2m2025-11-29T15:28:46.531378Z[0m [32m INFO[0m [2mconvenient_bitbake::pipeline[0m[2m:[0m   Recipe 'pkgconf' DEPENDS: ["${PATCHDEPENDENCY}", "${POPULATESYSROOTDEPS}"]
[2m2025-11-29T15:28:46.531387Z[0m [32m INFO[0m [2mconvenient_bitbake::pipeline[0m[2m:[0m   Recipe 'pkgconfig' DEPENDS: ["${PATCHDEPENDENCY}", "${POPULATESYSROOTDEPS}", "glib-2.0", "pkgconfig-native"]
[2m2025-11-29T15:28:46.531402Z[0m [32m INFO[0m [2mconvenient_bitbake::pipeline[0m[2m:[0m   Recipe 'pseudo' DEPENDS: ["${PATCHDEPENDENCY}", "${POPULATESYSROOTDEPS}", "attr", "sqlite3"]
[2m2025-11-29T15:28:46.531421Z[0m [32m INFO[0m [2mconvenient_bitbake::pipeline[0m[2m:[0m   Recipe 'python3-alabaster' DEPENDS: ["${PATCHDEPENDENCY}", "${POPULATESYSROOTDEPS}"]
[2m2025-11-29T15:28:46.531437Z[0m [32m INFO[0m [2mconvenient_bitbake::pipeline[0m[2m:[0m   Recipe 'python3-asn1crypto' DEPENDS: ["${PATCHDEPENDENCY}", "${POPULATESYSROOTDEPS}"]
[2m2025-11-29T15:28:46.531463Z[0m [32m INFO[0m [2mconvenient_bitbake::pipeline[0m[2m:[0m   Recipe 'python3-async' DEPENDS: ["${PATCHDEPENDENCY}", "${POPULATESYSROOTDEPS}"]
[2m2025-11-29T15:28:46.531474Z[0m [32m INFO[0m [2mconvenient_bitbake::pipeline[0m[2m:[0m   Recipe 'python3-atomicwrites' DEPENDS: ["${PATCHDEPENDENCY}", "${POPULATESYSROOTDEPS}"]
[2m2025-11-29T15:28:46.531486Z[0m [32m INFO[0m [2mconvenient_bitbake::pipeline[0m[2m:[0m   Recipe 'python3-attrs' DEPENDS: ["${PATCHDEPENDENCY}", "${POPULATESYSROOTDEPS}"]
[2m2025-11-29T15:28:46.531500Z[0m [32m INFO[0m [2mconvenient_bitbake::pipeline[0m[2m:[0m   Recipe 'python3-babel' DEPENDS: ["${PATCHDEPENDENCY}", "${POPULATESYSROOTDEPS}"]
[2m2025-11-29T15:28:46.531519Z[0m [32m INFO[0m [2mconvenient_bitbake::pipeline[0m[2m:[0m   Recipe 'python3-bcrypt' DEPENDS: ["${PATCHDEPENDENCY}", "${POPULATESYSROOTDEPS}", "${PYTHON_PN}-cffi-native"]
[2m2025-11-29T15:28:46.531529Z[0m [32m INFO[0m [2mconvenient_bitbake::pipeline[0m[2m:[0m   Recipe 'python3-certifi' DEPENDS: ["${PATCHDEPENDENCY}", "${POPULATESYSROOTDEPS}"]
[2m2025-11-29T15:28:46.531540Z[0m [32m INFO[0m [2mconvenient_bitbake::pipeline[0m[2m:[0m   Recipe 'python3-cffi' DEPENDS: ["${PATCHDEPENDENCY}", "${POPULATESYSROOTDEPS}", "${PYTHON_PN}-pycparser", "libffi"]
[2m2025-11-29T15:28:46.531564Z[0m [32m INFO[0m [2mconvenient_bitbake::pipeline[0m[2m:[0m   Recipe 'python3-chardet' DEPENDS: ["${PATCHDEPENDENCY}", "${POPULATESYSROOTDEPS}", "${PYTHON_PN}-pytest-runner-native"]
[2m2025-11-29T15:28:46.531578Z[0m [32m INFO[0m [2mconvenient_bitbake::pipeline[0m[2m:[0m   Recipe 'python3-cryptography-vectors' DEPENDS: ["${PATCHDEPENDENCY}", "${POPULATESYSROOTDEPS}", "${PYTHON_PN}-cryptography"]
[2m2025-11-29T15:28:46.531598Z[0m [32m INFO[0m [2mconvenient_bitbake::pipeline[0m[2m:[0m   Recipe 'python3-cryptography' DEPENDS: ["${PATCHDEPENDENCY}", "${POPULATESYSROOTDEPS}", "${PYTHON_PN}-asn1crypto-native", "${PYTHON_PN}-cffi-native", "${PYTHON_PN}-setuptools-rust-native", "${PYTHON_PN}-six-native"]
[2m2025-11-29T15:28:46.531616Z[0m [32m INFO[0m [2mconvenient_bitbake::pipeline[0m[2m:[0m   Recipe 'python3-cython' DEPENDS: ["${PATCHDEPENDENCY}", "${POPULATESYSROOTDEPS}"]
[2m2025-11-29T15:28:46.531627Z[0m [32m INFO[0m [2mconvenient_bitbake::pipeline[0m[2m:[0m   Recipe 'python3-dbus' DEPENDS: ["${PATCHDEPENDENCY}", "${POPULATESYSROOTDEPS}", "dbus", "expat", "glib-2.0", "virtual/libintl"]
[2m2025-11-29T15:28:46.531639Z[0m [32m INFO[0m [2mconvenient_bitbake::pipeline[0m[2m:[0m   Recipe 'python3-dbusmock' DEPENDS: ["${PATCHDEPENDENCY}", "${POPULATESYSROOTDEPS}"]
[2m2025-11-29T15:28:46.531655Z[0m [32m INFO[0m [2mconvenient_bitbake::pipeline[0m[2m:[0m   Recipe 'python3-docutils' DEPENDS: ["${PATCHDEPENDENCY}", "${POPULATESYSROOTDEPS}"]
[2m2025-11-29T15:28:46.531666Z[0m [32m INFO[0m [2mconvenient_bitbake::pipeline[0m[2m:[0m   Recipe 'python3-dtschema' DEPENDS: ["${PATCHDEPENDENCY}", "${POPULATESYSROOTDEPS}", "python3-setuptools-scm-native"]
[2m2025-11-29T15:28:46.531691Z[0m [32m INFO[0m [2mconvenient_bitbake::pipeline[0m[2m:[0m   Recipe 'python3-extras' DEPENDS: ["${PATCHDEPENDENCY}", "${POPULATESYSROOTDEPS}"]
[2m2025-11-29T15:28:46.531702Z[0m [32m INFO[0m [2mconvenient_bitbake::pipeline[0m[2m:[0m   Recipe 'python3-flit-core' DEPENDS: ["${PATCHDEPENDENCY}", "${POPULATESYSROOTDEPS}", "unzip-native"]
[2m2025-11-29T15:28:46.531721Z[0m [32m INFO[0m [2mconvenient_bitbake::pipeline[0m[2m:[0m   Recipe 'python3-git' DEPENDS: ["${PATCHDEPENDENCY}", "${POPULATESYSROOTDEPS}", "${PYTHON_PN}-gitdb"]
[2m2025-11-29T15:28:46.531739Z[0m [32m INFO[0m [2mconvenient_bitbake::pipeline[0m[2m:[0m   Recipe 'python3-gitdb' DEPENDS: ["${PATCHDEPENDENCY}", "${POPULATESYSROOTDEPS}", "${PYTHON_PN}-async", "${PYTHON_PN}-setuptools-native", "${PYTHON_PN}-smmap"]
[2m2025-11-29T15:28:46.531755Z[0m [32m INFO[0m [2mconvenient_bitbake::pipeline[0m[2m:[0m   Recipe 'python3-hypothesis' DEPENDS: ["${PATCHDEPENDENCY}", "${POPULATESYSROOTDEPS}"]
[2m2025-11-29T15:28:46.531770Z[0m [32m INFO[0m [2mconvenient_bitbake::pipeline[0m[2m:[0m   Recipe 'python3-idna' DEPENDS: ["${PATCHDEPENDENCY}", "${POPULATESYSROOTDEPS}"]
[2m2025-11-29T15:28:46.531784Z[0m [32m INFO[0m [2mconvenient_bitbake::pipeline[0m[2m:[0m   Recipe 'python3-imagesize' DEPENDS: ["${PATCHDEPENDENCY}", "${POPULATESYSROOTDEPS}"]
[2m2025-11-29T15:28:46.531816Z[0m [32m INFO[0m [2mconvenient_bitbake::pipeline[0m[2m:[0m   Recipe 'python3-importlib-metadata' DEPENDS: ["${PATCHDEPENDENCY}", "${POPULATESYSROOTDEPS}", "${PYTHON_PN}-setuptools-scm-native", "${PYTHON_PN}-toml-native"]
[2m2025-11-29T15:28:46.531830Z[0m [32m INFO[0m [2mconvenient_bitbake::pipeline[0m[2m:[0m   Recipe 'python3-iniconfig' DEPENDS: ["${PATCHDEPENDENCY}", "${POPULATESYSROOTDEPS}", "python3-setuptools-scm-native"]
[2m2025-11-29T15:28:46.531846Z[0m [32m INFO[0m [2mconvenient_bitbake::pipeline[0m[2m:[0m   Recipe 'python3-iniparse' DEPENDS: ["${PATCHDEPENDENCY}", "${POPULATESYSROOTDEPS}", "python3-six"]
[2m2025-11-29T15:28:46.531856Z[0m [32m INFO[0m [2mconvenient_bitbake::pipeline[0m[2m:[0m   Recipe 'python3-installer' DEPENDS: ["${PATCHDEPENDENCY}", "${POPULATESYSROOTDEPS}", "unzip-native"]
[2m2025-11-29T15:28:46.531867Z[0m [32m INFO[0m [2mconvenient_bitbake::pipeline[0m[2m:[0m   Recipe 'python3-iso8601' DEPENDS: ["${PATCHDEPENDENCY}", "${POPULATESYSROOTDEPS}"]
[2m2025-11-29T15:28:46.531879Z[0m [32m INFO[0m [2mconvenient_bitbake::pipeline[0m[2m:[0m   Recipe 'python3-jinja2' DEPENDS: ["${PATCHDEPENDENCY}", "${POPULATESYSROOTDEPS}"]
[2m2025-11-29T15:28:46.531900Z[0m [32m INFO[0m [2mconvenient_bitbake::pipeline[0m[2m:[0m   Recipe 'python3-jsonpointer' DEPENDS: ["${PATCHDEPENDENCY}", "${POPULATESYSROOTDEPS}"]
[2m2025-11-29T15:28:46.531920Z[0m [32m INFO[0m [2mconvenient_bitbake::pipeline[0m[2m:[0m   Recipe 'python3-jsonschema' DEPENDS: ["${PATCHDEPENDENCY}", "${POPULATESYSROOTDEPS}", "${PYTHON_PN}-setuptools-scm-native", "${PYTHON_PN}-vcversioner-native"]
[2m2025-11-29T15:28:46.531936Z[0m [32m INFO[0m [2mconvenient_bitbake::pipeline[0m[2m:[0m   Recipe 'python3-libarchive-c' DEPENDS: ["${PATCHDEPENDENCY}", "${POPULATESYSROOTDEPS}"]
[2m2025-11-29T15:28:46.531949Z[0m [32m INFO[0m [2mconvenient_bitbake::pipeline[0m[2m:[0m   Recipe 'python3-magic' DEPENDS: ["${PATCHDEPENDENCY}", "${POPULATESYSROOTDEPS}"]
[2m2025-11-29T15:28:46.531964Z[0m [32m INFO[0m [2mconvenient_bitbake::pipeline[0m[2m:[0m   Recipe 'python3-mako' DEPENDS: ["${PATCHDEPENDENCY}", "${POPULATESYSROOTDEPS}"]
[2m2025-11-29T15:28:46.531979Z[0m [32m INFO[0m [2mconvenient_bitbake::pipeline[0m[2m:[0m   Recipe 'python3-markdown' DEPENDS: ["${PATCHDEPENDENCY}", "${POPULATESYSROOTDEPS}"]
[2m2025-11-29T15:28:46.531995Z[0m [32m INFO[0m [2mconvenient_bitbake::pipeline[0m[2m:[0m   Recipe 'python3-markupsafe' DEPENDS: ["${PATCHDEPENDENCY}", "${POPULATESYSROOTDEPS}"]
[2m2025-11-29T15:28:46.532011Z[0m [32m INFO[0m [2mconvenient_bitbake::pipeline[0m[2m:[0m   Recipe 'python3-more-itertools' DEPENDS: ["${PATCHDEPENDENCY}", "${POPULATESYSROOTDEPS}"]
[2m2025-11-29T15:28:46.532022Z[0m [32m INFO[0m [2mconvenient_bitbake::pipeline[0m[2m:[0m   Recipe 'python3-ndg-httpsclient' DEPENDS: ["${PATCHDEPENDENCY}", "${POPULATESYSROOTDEPS}", "${PYTHON_PN}-pyasn1", "${PYTHON_PN}-pyopenssl"]
[2m2025-11-29T15:28:46.532039Z[0m [32m INFO[0m [2mconvenient_bitbake::pipeline[0m[2m:[0m   Recipe 'python3-numpy' DEPENDS: ["${PATCHDEPENDENCY}", "${POPULATESYSROOTDEPS}", "python3-cython-native"]
[2m2025-11-29T15:28:46.532053Z[0m [32m INFO[0m [2mconvenient_bitbake::pipeline[0m[2m:[0m   Recipe 'python3-packaging' DEPENDS: ["${PATCHDEPENDENCY}", "${POPULATESYSROOTDEPS}"]
[2m2025-11-29T15:28:46.532071Z[0m [32m INFO[0m [2mconvenient_bitbake::pipeline[0m[2m:[0m   Recipe 'python3-pathlib2' DEPENDS: ["${PATCHDEPENDENCY}", "${POPULATESYSROOTDEPS}"]
[2m2025-11-29T15:28:46.532082Z[0m [32m INFO[0m [2mconvenient_bitbake::pipeline[0m[2m:[0m   Recipe 'python3-pbr' DEPENDS: ["${PATCHDEPENDENCY}", "${POPULATESYSROOTDEPS}"]
[2m2025-11-29T15:28:46.532096Z[0m [32m INFO[0m [2mconvenient_bitbake::pipeline[0m[2m:[0m   Recipe 'python3-pip' DEPENDS: ["${PATCHDEPENDENCY}", "${POPULATESYSROOTDEPS}"]
[2m2025-11-29T15:28:46.532108Z[0m [32m INFO[0m [2mconvenient_bitbake::pipeline[0m[2m:[0m   Recipe 'python3-pluggy' DEPENDS: ["${PATCHDEPENDENCY}", "${POPULATESYSROOTDEPS}", "${PYTHON_PN}-setuptools-scm-native"]
[2m2025-11-29T15:28:46.532129Z[0m [32m INFO[0m [2mconvenient_bitbake::pipeline[0m[2m:[0m   Recipe 'python3-ply' DEPENDS: ["${PATCHDEPENDENCY}", "${POPULATESYSROOTDEPS}"]
[2m2025-11-29T15:28:46.532140Z[0m [32m INFO[0m [2mconvenient_bitbake::pipeline[0m[2m:[0m   Recipe 'python3-poetry-core' DEPENDS: ["${PATCHDEPENDENCY}", "${POPULATESYSROOTDEPS}"]
[2m2025-11-29T15:28:46.532149Z[0m [32m INFO[0m [2mconvenient_bitbake::pipeline[0m[2m:[0m   Recipe 'python3-pretend' DEPENDS: ["${PATCHDEPENDENCY}", "${POPULATESYSROOTDEPS}"]
[2m2025-11-29T15:28:46.532158Z[0m [32m INFO[0m [2mconvenient_bitbake::pipeline[0m[2m:[0m   Recipe 'python3-psutil' DEPENDS: ["${PATCHDEPENDENCY}", "${POPULATESYSROOTDEPS}"]
[2m2025-11-29T15:28:46.532168Z[0m [32m INFO[0m [2mconvenient_bitbake::pipeline[0m[2m:[0m   Recipe 'python3-py' DEPENDS: ["${PATCHDEPENDENCY}", "${POPULATESYSROOTDEPS}", "${PYTHON_PN}-setuptools-scm-native"]
[2m2025-11-29T15:28:46.532184Z[0m [32m INFO[0m [2mconvenient_bitbake::pipeline[0m[2m:[0m   Recipe 'python3-pyasn1' DEPENDS: ["${PATCHDEPENDENCY}", "${POPULATESYSROOTDEPS}"]
[2m2025-11-29T15:28:46.532193Z[0m [32m INFO[0m [2mconvenient_bitbake::pipeline[0m[2m:[0m   Recipe 'python3-pycairo' DEPENDS: ["${PATCHDEPENDENCY}", "${POPULATESYSROOTDEPS}", "cairo", "python3"]
[2m2025-11-29T15:28:46.532205Z[0m [32m INFO[0m [2mconvenient_bitbake::pipeline[0m[2m:[0m   Recipe 'python3-pycparser' DEPENDS: ["${PATCHDEPENDENCY}", "${POPULATESYSROOTDEPS}"]
[2m2025-11-29T15:28:46.532217Z[0m [32m INFO[0m [2mconvenient_bitbake::pipeline[0m[2m:[0m   Recipe 'python3-pycryptodome' DEPENDS: ["${PATCHDEPENDENCY}", "${POPULATESYSROOTDEPS}"]
[2m2025-11-29T15:28:46.532227Z[0m [32m INFO[0m [2mconvenient_bitbake::pipeline[0m[2m:[0m   Recipe 'python3-pycryptodomex' DEPENDS: ["${PATCHDEPENDENCY}", "${POPULATESYSROOTDEPS}"]
[2m2025-11-29T15:28:46.532237Z[0m [32m INFO[0m [2mconvenient_bitbake::pipeline[0m[2m:[0m   Recipe 'python3-pyelftools' DEPENDS: ["${PATCHDEPENDENCY}", "${POPULATESYSROOTDEPS}"]
[2m2025-11-29T15:28:46.532248Z[0m [32m INFO[0m [2mconvenient_bitbake::pipeline[0m[2m:[0m   Recipe 'python3-pygments' DEPENDS: ["${PATCHDEPENDENCY}", "${POPULATESYSROOTDEPS}", "${PYTHON_PN}"]
[2m2025-11-29T15:28:46.532276Z[0m [32m INFO[0m [2mconvenient_bitbake::pipeline[0m[2m:[0m   Recipe 'python3-pygobject' DEPENDS: ["${PATCHDEPENDENCY}", "${POPULATESYSROOTDEPS}", "glib-2.0", "python3"]
[2m2025-11-29T15:28:46.532304Z[0m [32m INFO[0m [2mconvenient_bitbake::pipeline[0m[2m:[0m   Recipe 'python3-pyopenssl' DEPENDS: ["${PATCHDEPENDENCY}", "${POPULATESYSROOTDEPS}", "${PYTHON_PN}-cryptography", "openssl"]
[2m2025-11-29T15:28:46.532321Z[0m [32m INFO[0m [2mconvenient_bitbake::pipeline[0m[2m:[0m   Recipe 'python3-pyparsing' DEPENDS: ["${PATCHDEPENDENCY}", "${POPULATESYSROOTDEPS}"]
[2m2025-11-29T15:28:46.532338Z[0m [32m INFO[0m [2mconvenient_bitbake::pipeline[0m[2m:[0m   Recipe 'python3-pyrsistent' DEPENDS: ["${PATCHDEPENDENCY}", "${POPULATESYSROOTDEPS}"]
[2m2025-11-29T15:28:46.532357Z[0m [32m INFO[0m [2mconvenient_bitbake::pipeline[0m[2m:[0m   Recipe 'python3-pysocks' DEPENDS: ["${PATCHDEPENDENCY}", "${POPULATESYSROOTDEPS}"]
[2m2025-11-29T15:28:46.532372Z[0m [32m INFO[0m [2mconvenient_bitbake::pipeline[0m[2m:[0m   Recipe 'python3-pytest-runner' DEPENDS: ["${PATCHDEPENDENCY}", "${POPULATESYSROOTDEPS}", "${PYTHON_PN}-setuptools-scm-native"]
[2m2025-11-29T15:28:46.532384Z[0m [32m INFO[0m [2mconvenient_bitbake::pipeline[0m[2m:[0m   Recipe 'python3-pytest-subtests' DEPENDS: ["${PATCHDEPENDENCY}", "${POPULATESYSROOTDEPS}", "${PYTHON_PN}-setuptools-scm-native"]
[2m2025-11-29T15:28:46.532395Z[0m [32m INFO[0m [2mconvenient_bitbake::pipeline[0m[2m:[0m   Recipe 'python3-pytest' DEPENDS: ["${PATCHDEPENDENCY}", "${POPULATESYSROOTDEPS}", "python3-setuptools-scm-native"]
[2m2025-11-29T15:28:46.532410Z[0m [32m INFO[0m [2mconvenient_bitbake::pipeline[0m[2m:[0m   Recipe 'python3-pytz' DEPENDS: ["${PATCHDEPENDENCY}", "${POPULATESYSROOTDEPS}"]
[2m2025-11-29T15:28:46.532425Z[0m [32m INFO[0m [2mconvenient_bitbake::pipeline[0m[2m:[0m   Recipe 'python3-pyyaml' DEPENDS: ["${PATCHDEPENDENCY}", "${POPULATESYSROOTDEPS}", "${PYTHON_PN}-cython-native", "libyaml"]
[2m2025-11-29T15:28:46.532439Z[0m [32m INFO[0m [2mconvenient_bitbake::pipeline[0m[2m:[0m   Recipe 'python3-requests' DEPENDS: ["${PATCHDEPENDENCY}", "${POPULATESYSROOTDEPS}"]
[2m2025-11-29T15:28:46.532449Z[0m [32m INFO[0m [2mconvenient_bitbake::pipeline[0m[2m:[0m   Recipe 'python3-rfc3339-validator' DEPENDS: ["${PATCHDEPENDENCY}", "${POPULATESYSROOTDEPS}"]
[2m2025-11-29T15:28:46.532459Z[0m [32m INFO[0m [2mconvenient_bitbake::pipeline[0m[2m:[0m   Recipe 'python3-rfc3986-validator' DEPENDS: ["${PATCHDEPENDENCY}", "${POPULATESYSROOTDEPS}"]
[2m2025-11-29T15:28:46.532471Z[0m [32m INFO[0m [2mconvenient_bitbake::pipeline[0m[2m:[0m   Recipe 'python3-rfc3987' DEPENDS: ["${PATCHDEPENDENCY}", "${POPULATESYSROOTDEPS}"]
[2m2025-11-29T15:28:46.532491Z[0m [32m INFO[0m [2mconvenient_bitbake::pipeline[0m[2m:[0m   Recipe 'python3-ruamel-yaml' DEPENDS: ["${PATCHDEPENDENCY}", "${POPULATESYSROOTDEPS}"]
[2m2025-11-29T15:28:46.532510Z[0m [32m INFO[0m [2mconvenient_bitbake::pipeline[0m[2m:[0m   Recipe 'python3-scons' DEPENDS: ["${PATCHDEPENDENCY}", "${POPULATESYSROOTDEPS}"]
[2m2025-11-29T15:28:46.532520Z[0m [32m INFO[0m [2mconvenient_bitbake::pipeline[0m[2m:[0m   Recipe 'python3-semantic-version' DEPENDS: ["${PATCHDEPENDENCY}", "${POPULATESYSROOTDEPS}"]
[2m2025-11-29T15:28:46.532529Z[0m [32m INFO[0m [2mconvenient_bitbake::pipeline[0m[2m:[0m   Recipe 'python3-setuptools-rust-native' DEPENDS: ["${PATCHDEPENDENCY}", "${POPULATESYSROOTDEPS}", "python3-semantic-version-native", "python3-setuptools-native", "python3-setuptools-scm-native", "python3-toml-native", "python3-typing-extensions-native", "python3-wheel-native"]
[2m2025-11-29T15:28:46.532544Z[0m [32m INFO[0m [2mconvenient_bitbake::pipeline[0m[2m:[0m   Recipe 'python3-setuptools-scm' DEPENDS: ["${PATCHDEPENDENCY}", "${POPULATESYSROOTDEPS}"]
[2m2025-11-29T15:28:46.532554Z[0m [32m INFO[0m [2mconvenient_bitbake::pipeline[0m[2m:[0m   Recipe 'python3-setuptools' DEPENDS: ["${PATCHDEPENDENCY}", "${POPULATESYSROOTDEPS}", "${PYTHON_PN}"]
[2m2025-11-29T15:28:46.532563Z[0m [32m INFO[0m [2mconvenient_bitbake::pipeline[0m[2m:[0m   Recipe 'python3-six' DEPENDS: ["${PATCHDEPENDENCY}", "${POPULATESYSROOTDEPS}"]
[2m2025-11-29T15:28:46.532575Z[0m [32m INFO[0m [2mconvenient_bitbake::pipeline[0m[2m:[0m   Recipe 'python3-smartypants' DEPENDS: ["${PATCHDEPENDENCY}", "${POPULATESYSROOTDEPS}"]
[2m2025-11-29T15:28:46.532584Z[0m [32m INFO[0m [2mconvenient_bitbake::pipeline[0m[2m:[0m   Recipe 'python3-smmap' DEPENDS: ["${PATCHDEPENDENCY}", "${POPULATESYSROOTDEPS}"]
[2m2025-11-29T15:28:46.532593Z[0m [32m INFO[0m [2mconvenient_bitbake::pipeline[0m[2m:[0m   Recipe 'python3-snowballstemmer' DEPENDS: ["${PATCHDEPENDENCY}", "${POPULATESYSROOTDEPS}"]
[2m2025-11-29T15:28:46.532604Z[0m [32m INFO[0m [2mconvenient_bitbake::pipeline[0m[2m:[0m   Recipe 'python3-sortedcontainers' DEPENDS: ["${PATCHDEPENDENCY}", "${POPULATESYSROOTDEPS}"]
[2m2025-11-29T15:28:46.532627Z[0m [32m INFO[0m [2mconvenient_bitbake::pipeline[0m[2m:[0m   Recipe 'python3-sphinx-rtd-theme' DEPENDS: ["${PATCHDEPENDENCY}", "${POPULATESYSROOTDEPS}", "python3-sphinx"]
[2m2025-11-29T15:28:46.532639Z[0m [32m INFO[0m [2mconvenient_bitbake::pipeline[0m[2m:[0m   Recipe 'python3-sphinx' DEPENDS: ["${PATCHDEPENDENCY}", "${POPULATESYSROOTDEPS}"]
[2m2025-11-29T15:28:46.532654Z[0m [32m INFO[0m [2mconvenient_bitbake::pipeline[0m[2m:[0m   Recipe 'python3-sphinxcontrib-applehelp' DEPENDS: ["${PATCHDEPENDENCY}", "${POPULATESYSROOTDEPS}"]
[2m2025-11-29T15:28:46.532665Z[0m [32m INFO[0m [2mconvenient_bitbake::pipeline[0m[2m:[0m   Recipe 'python3-sphinxcontrib-devhelp' DEPENDS: ["${PATCHDEPENDENCY}", "${POPULATESYSROOTDEPS}"]
[2m2025-11-29T15:28:46.532675Z[0m [32m INFO[0m [2mconvenient_bitbake::pipeline[0m[2m:[0m   Recipe 'python3-sphinxcontrib-htmlhelp' DEPENDS: ["${PATCHDEPENDENCY}", "${POPULATESYSROOTDEPS}"]
[2m2025-11-29T15:28:46.532684Z[0m [32m INFO[0m [2mconvenient_bitbake::pipeline[0m[2m:[0m   Recipe 'python3-sphinxcontrib-jsmath' DEPENDS: ["${PATCHDEPENDENCY}", "${POPULATESYSROOTDEPS}"]
[2m2025-11-29T15:28:46.532706Z[0m [32m INFO[0m [2mconvenient_bitbake::pipeline[0m[2m:[0m   Recipe 'python3-sphinxcontrib-qthelp' DEPENDS: ["${PATCHDEPENDENCY}", "${POPULATESYSROOTDEPS}"]
[2m2025-11-29T15:28:46.532719Z[0m [32m INFO[0m [2mconvenient_bitbake::pipeline[0m[2m:[0m   Recipe 'python3-sphinxcontrib-serializinghtml' DEPENDS: ["${PATCHDEPENDENCY}", "${POPULATESYSROOTDEPS}"]
[2m2025-11-29T15:28:46.532733Z[0m [32m INFO[0m [2mconvenient_bitbake::pipeline[0m[2m:[0m   Recipe 'python3-strict-rfc3339' DEPENDS: ["${PATCHDEPENDENCY}", "${POPULATESYSROOTDEPS}"]
[2m2025-11-29T15:28:46.532743Z[0m [32m INFO[0m [2mconvenient_bitbake::pipeline[0m[2m:[0m   Recipe 'python3-subunit' DEPENDS: ["${PATCHDEPENDENCY}", "${POPULATESYSROOTDEPS}"]
[2m2025-11-29T15:28:46.532751Z[0m [32m INFO[0m [2mconvenient_bitbake::pipeline[0m[2m:[0m   Recipe 'python3-testtools' DEPENDS: ["${PATCHDEPENDENCY}", "${POPULATESYSROOTDEPS}", "${PYTHON_PN}-pbr", "${PYTHON_PN}-pbr-native"]
[2m2025-11-29T15:28:46.532761Z[0m [32m INFO[0m [2mconvenient_bitbake::pipeline[0m[2m:[0m   Recipe 'python3-toml' DEPENDS: ["${PATCHDEPENDENCY}", "${POPULATESYSROOTDEPS}"]
[2m2025-11-29T15:28:46.532770Z[0m [32m INFO[0m [2mconvenient_bitbake::pipeline[0m[2m:[0m   Recipe 'python3-tomli' DEPENDS: ["${PATCHDEPENDENCY}", "${POPULATESYSROOTDEPS}"]
[2m2025-11-29T15:28:46.532781Z[0m [32m INFO[0m [2mconvenient_bitbake::pipeline[0m[2m:[0m   Recipe 'python3-typing-extensions' DEPENDS: ["${PATCHDEPENDENCY}", "${POPULATESYSROOTDEPS}"]
[2m2025-11-29T15:28:46.532801Z[0m [32m INFO[0m [2mconvenient_bitbake::pipeline[0m[2m:[0m   Recipe 'python3-typogrify' DEPENDS: ["${PATCHDEPENDENCY}", "${POPULATESYSROOTDEPS}"]
[2m2025-11-29T15:28:46.532814Z[0m [32m INFO[0m [2mconvenient_bitbake::pipeline[0m[2m:[0m   Recipe 'python3-urllib3' DEPENDS: ["${PATCHDEPENDENCY}", "${POPULATESYSROOTDEPS}"]
[2m2025-11-29T15:28:46.532823Z[0m [32m INFO[0m [2mconvenient_bitbake::pipeline[0m[2m:[0m   Recipe 'python3-vcversioner' DEPENDS: ["${PATCHDEPENDENCY}", "${POPULATESYSROOTDEPS}"]
[2m2025-11-29T15:28:46.532832Z[0m [32m INFO[0m [2mconvenient_bitbake::pipeline[0m[2m:[0m   Recipe 'python3-wcwidth' DEPENDS: ["${PATCHDEPENDENCY}", "${POPULATESYSROOTDEPS}"]
[2m2025-11-29T15:28:46.532843Z[0m [32m INFO[0m [2mconvenient_bitbake::pipeline[0m[2m:[0m   Recipe 'python3-webcolors' DEPENDS: ["${PATCHDEPENDENCY}", "${POPULATESYSROOTDEPS}"]
[2m2025-11-29T15:28:46.532852Z[0m [32m INFO[0m [2mconvenient_bitbake::pipeline[0m[2m:[0m   Recipe 'python3-wheel' DEPENDS: ["${PATCHDEPENDENCY}", "${POPULATESYSROOTDEPS}"]
[2m2025-11-29T15:28:46.532876Z[0m [32m INFO[0m [2mconvenient_bitbake::pipeline[0m[2m:[0m   Recipe 'python3-zipp' DEPENDS: ["${PATCHDEPENDENCY}", "${POPULATESYSROOTDEPS}", "${PYTHON_PN}-setuptools-scm-native", "${PYTHON_PN}-toml-native"]
[2m2025-11-29T15:28:46.532889Z[0m [32m INFO[0m [2mconvenient_bitbake::pipeline[0m[2m:[0m   Recipe 'python3' DEPENDS: ["${PATCHDEPENDENCY}", "${POPULATESYSROOTDEPS}", "autoconf-archive-native", "bzip2", "bzip2-replacement-native", "libffi", "libnsl2", "libtirpc", "ncurses", "openssl", "python3-native", "sqlite3", "util-linux-libuuid", "virtual/crypt", "virtual/libintl", "xz", "zlib"]
[2m2025-11-29T15:28:46.532908Z[0m [32m INFO[0m [2mconvenient_bitbake::pipeline[0m[2m:[0m   Recipe 'nativesdk-qemu-helper' DEPENDS: ["${PATCHDEPENDENCY}", "${POPULATESYSROOTDEPS}"]
[2m2025-11-29T15:28:46.532917Z[0m [32m INFO[0m [2mconvenient_bitbake::pipeline[0m[2m:[0m   Recipe 'qemu-helper-native' DEPENDS: ["${PATCHDEPENDENCY}", "${POPULATESYSROOTDEPS}", "qemu-system-native"]
[2m2025-11-29T15:28:46.532931Z[0m [32m INFO[0m [2mconvenient_bitbake::pipeline[0m[2m:[0m   Recipe 'qemu-native' DEPENDS: ["${PATCHDEPENDENCY}", "${POPULATESYSROOTDEPS}", "glib-2.0-native", "meson-native", "ninja-native", "zlib-native"]
[2m2025-11-29T15:28:46.532947Z[0m [32m INFO[0m [2mconvenient_bitbake::pipeline[0m[2m:[0m   Recipe 'qemu-system-native' DEPENDS: ["${PATCHDEPENDENCY}", "${POPULATESYSROOTDEPS}", "alsa-lib", "bison-native", "dtc", "glib-2.0-native", "meson-native", "ninja-native", "pixman-native", "qemu-native", "zlib-native"]
[2m2025-11-29T15:28:46.532965Z[0m [32m INFO[0m [2mconvenient_bitbake::pipeline[0m[2m:[0m   Recipe 'qemu' DEPENDS: ["${PATCHDEPENDENCY}", "${POPULATESYSROOTDEPS}", "bison-native", "dtc", "glib-2.0", "libsdl2", "libucontext", "meson-native", "ninja-native", "pixman", "zlib"]
[2m2025-11-29T15:28:46.532985Z[0m [32m INFO[0m [2mconvenient_bitbake::pipeline[0m[2m:[0m   Recipe 'qemuwrapper-cross' DEPENDS: ["${PATCHDEPENDENCY}", "${POPULATESYSROOTDEPS}", "qemu-native"]
[2m2025-11-29T15:28:46.533007Z[0m [32m INFO[0m [2mconvenient_bitbake::pipeline[0m[2m:[0m   Recipe 'quilt-native' DEPENDS: ["${PATCHDEPENDENCY}", "${POPULATESYSROOTDEPS}"]
[2m2025-11-29T15:28:46.533020Z[0m [32m INFO[0m [2mconvenient_bitbake::pipeline[0m[2m:[0m   Recipe 'quilt' DEPENDS: ["${PATCHDEPENDENCY}", "${POPULATESYSROOTDEPS}"]
[2m2025-11-29T15:28:46.533038Z[0m [32m INFO[0m [2mconvenient_bitbake::pipeline[0m[2m:[0m   Recipe 'repo' DEPENDS: ["${PATCHDEPENDENCY}", "${POPULATESYSROOTDEPS}"]
[2m2025-11-29T15:28:46.533048Z[0m [32m INFO[0m [2mconvenient_bitbake::pipeline[0m[2m:[0m   Recipe 'rpm' DEPENDS: ["${PATCHDEPENDENCY}", "${POPULATESYSROOTDEPS}", "bzip2", "bzip2-replacement-native", "elfutils", "file", "file-replacement-native", "libgcrypt", "lua", "popt", "python3", "sqlite3", "xz", "zstd"]
[2m2025-11-29T15:28:46.533062Z[0m [32m INFO[0m [2mconvenient_bitbake::pipeline[0m[2m:[0m   Recipe 'rsync' DEPENDS: ["${PATCHDEPENDENCY}", "${POPULATESYSROOTDEPS}", "acl", "attr", "popt"]
[2m2025-11-29T15:28:46.533072Z[0m [32m INFO[0m [2mconvenient_bitbake::pipeline[0m[2m:[0m   Recipe 'ruby' DEPENDS: ["${PATCHDEPENDENCY}", "${POPULATESYSROOTDEPS}", "gdbm", "libffi", "libucontext", "libyaml", "openssl", "readline", "ruby-native", "zlib"]
[2m2025-11-29T15:28:46.533093Z[0m [32m INFO[0m [2mconvenient_bitbake::pipeline[0m[2m:[0m   Recipe 'run-postinsts' DEPENDS: ["${PATCHDEPENDENCY}", "${POPULATESYSROOTDEPS}"]
[2m2025-11-29T15:28:46.533117Z[0m [32m INFO[0m [2mconvenient_bitbake::pipeline[0m[2m:[0m   Recipe 'libstd-rs' DEPENDS: ["${PATCHDEPENDENCY}", "${POPULATESYSROOTDEPS}", "libunwind"]
[2m2025-11-29T15:28:46.533131Z[0m [32m INFO[0m [2mconvenient_bitbake::pipeline[0m[2m:[0m   Recipe 'rust-cross-canadian' DEPENDS: ["${PATCHDEPENDENCY}", "${POPULATESYSROOTDEPS}", "file-native", "gcc-cross-x86-64", "python3-native", "rust-llvm", "rust-llvm-native", "virtual/${HOST_PREFIX}gcc-crosssdk", "virtual/${TARGET_PREFIX}compilerlibs", "virtual/nativesdk-${HOST_PREFIX}compilerlibs", "virtual/nativesdk-libc"]
[2m2025-11-29T15:28:46.533150Z[0m [32m INFO[0m [2mconvenient_bitbake::pipeline[0m[2m:[0m   Recipe 'rust-cross' DEPENDS: ["${PATCHDEPENDENCY}", "${POPULATESYSROOTDEPS}", "file-native", "python3-native", "rust-llvm-native", "rust-native", "virtual/${TARGET_PREFIX}compilerlibs", "virtual/${TARGET_PREFIX}gcc", "virtual/libc"]
[2m2025-11-29T15:28:46.533167Z[0m [32m INFO[0m [2mconvenient_bitbake::pipeline[0m[2m:[0m   Recipe 'rust-crosssdk' DEPENDS: ["${PATCHDEPENDENCY}", "${POPULATESYSROOTDEPS}", "file-native", "python3-native", "rust-llvm-native", "rust-native", "virtual/${TARGET_PREFIX}gcc-crosssdk", "virtual/nativesdk-${TARGET_PREFIX}compilerlibs", "virtual/nativesdk-libc"]
[2m2025-11-29T15:28:46.533184Z[0m [32m INFO[0m [2mconvenient_bitbake::pipeline[0m[2m:[0m   Recipe 'rust-llvm' DEPENDS: ["${PATCHDEPENDENCY}", "${POPULATESYSROOTDEPS}", "ninja-native", "rust-llvm-native"]
[2m2025-11-29T15:28:46.533197Z[0m [32m INFO[0m [2mconvenient_bitbake::pipeline[0m[2m:[0m   Recipe 'rust-tools-cross-canadian' DEPENDS: ["${PATCHDEPENDENCY}", "${POPULATESYSROOTDEPS}", "file-native", "gcc-cross-x86-64", "python3-native", "rust-llvm", "rust-llvm-native", "virtual/${HOST_PREFIX}gcc-crosssdk", "virtual/${TARGET_PREFIX}compilerlibs", "virtual/nativesdk-${HOST_PREFIX}compilerlibs", "virtual/nativesdk-libc"]
[2m2025-11-29T15:28:46.533212Z[0m [32m INFO[0m [2mconvenient_bitbake::pipeline[0m[2m:[0m   Recipe 'rust' DEPENDS: ["${PATCHDEPENDENCY}", "${POPULATESYSROOTDEPS}", "file-native", "python3-native", "rust-llvm", "rust-llvm-native"]
[2m2025-11-29T15:28:46.533222Z[0m [32m INFO[0m [2mconvenient_bitbake::pipeline[0m[2m:[0m   Recipe 'squashfs-tools' DEPENDS: ["${PATCHDEPENDENCY}", "${POPULATESYSROOTDEPS}", "attr", "lz4", "lzo", "xz", "zlib", "zstd"]
[2m2025-11-29T15:28:46.533233Z[0m [32m INFO[0m [2mconvenient_bitbake::pipeline[0m[2m:[0m   Recipe 'strace' DEPENDS: ["${PATCHDEPENDENCY}", "${POPULATESYSROOTDEPS}"]
[2m2025-11-29T15:28:46.533244Z[0m [32m INFO[0m [2mconvenient_bitbake::pipeline[0m[2m:[0m   Recipe 'subversion' DEPENDS: ["${PATCHDEPENDENCY}", "${POPULATESYSROOTDEPS}", "apr-util", "file", "file-replacement-native", "lz4", "serf", "sqlite3"]
[2m2025-11-29T15:28:46.533269Z[0m [32m INFO[0m [2mconvenient_bitbake::pipeline[0m[2m:[0m   Recipe 'swig' DEPENDS: ["${PATCHDEPENDENCY}", "${POPULATESYSROOTDEPS}", "bison-native", "libpcre"]
[2m2025-11-29T15:28:46.533294Z[0m [32m INFO[0m [2mconvenient_bitbake::pipeline[0m[2m:[0m   Recipe 'syslinux' DEPENDS: ["${PATCHDEPENDENCY}", "${POPULATESYSROOTDEPS}", "e2fsprogs", "nasm-native", "util-linux"]
[2m2025-11-29T15:28:46.533323Z[0m [32m INFO[0m [2mconvenient_bitbake::pipeline[0m[2m:[0m   Recipe 'systemd-bootchart' DEPENDS: ["${PATCHDEPENDENCY}", "${POPULATESYSROOTDEPS}", "docbook-xml-dtd4-native", "docbook-xsl-stylesheets-native", "intltool", "libxslt-native", "systemd", "xmlto-native"]
[2m2025-11-29T15:28:46.533342Z[0m [32m INFO[0m [2mconvenient_bitbake::pipeline[0m[2m:[0m   Recipe 'tcf-agent' DEPENDS: ["${PATCHDEPENDENCY}", "${POPULATESYSROOTDEPS}", "openssl", "util-linux"]
[2m2025-11-29T15:28:46.533357Z[0m [32m INFO[0m [2mconvenient_bitbake::pipeline[0m[2m:[0m   Recipe 'tcl' DEPENDS: ["${PATCHDEPENDENCY}", "${POPULATESYSROOTDEPS}", "tcl-native", "zlib"]
[2m2025-11-29T15:28:46.533371Z[0m [32m INFO[0m [2mconvenient_bitbake::pipeline[0m[2m:[0m   Recipe 'unfs3' DEPENDS: ["${PATCHDEPENDENCY}", "${POPULATESYSROOTDEPS}", "bison-native", "flex", "flex-native", "flex-nativesdk", "libtirpc"]
[2m2025-11-29T15:28:46.533385Z[0m [32m INFO[0m [2mconvenient_bitbake::pipeline[0m[2m:[0m   Recipe 'unifdef' DEPENDS: ["${PATCHDEPENDENCY}", "${POPULATESYSROOTDEPS}"]
[2m2025-11-29T15:28:46.533397Z[0m [32m INFO[0m [2mconvenient_bitbake::pipeline[0m[2m:[0m   Recipe 'vala' DEPENDS: ["${@bb.utils.contains", "${PATCHDEPENDENCY}", "${POPULATESYSROOTDEPS}", "'',", "'api-documentation',", "'libxslt-native',", "bison-native", "d)}", "flex-native", "glib-2.0", "vala-native"]
[2m2025-11-29T15:28:46.533414Z[0m [32m INFO[0m [2mconvenient_bitbake::pipeline[0m[2m:[0m   Recipe 'valgrind' DEPENDS: ["${@bb.utils.contains", "${PATCHDEPENDENCY}", "${POPULATESYSROOTDEPS}", "'',", "'boost',", "'ptest',", "d)}"]
[2m2025-11-29T15:28:46.533432Z[0m [32m INFO[0m [2mconvenient_bitbake::pipeline[0m[2m:[0m   Recipe 'xmlto' DEPENDS: ["${PATCHDEPENDENCY}", "${POPULATESYSROOTDEPS}", "libxml2-native"]
[2m2025-11-29T15:28:46.533443Z[0m [32m INFO[0m [2mconvenient_bitbake::pipeline[0m[2m:[0m   Recipe 'rust-hello-world' DEPENDS: ["${PATCHDEPENDENCY}", "${POPULATESYSROOTDEPS}"]
[2m2025-11-29T15:28:46.533454Z[0m [32m INFO[0m [2mconvenient_bitbake::pipeline[0m[2m:[0m   Recipe 'acpica' DEPENDS: ["${PATCHDEPENDENCY}", "${POPULATESYSROOTDEPS}", "bison-native", "flex-native", "m4-native"]
[2m2025-11-29T15:28:46.533476Z[0m [32m INFO[0m [2mconvenient_bitbake::pipeline[0m[2m:[0m   Recipe 'asciidoc' DEPENDS: ["${PATCHDEPENDENCY}", "${POPULATESYSROOTDEPS}", "docbook-xml-dtd4-native", "docbook-xsl-stylesheets-native", "libxml2-native", "libxslt-native"]
[2m2025-11-29T15:28:46.533489Z[0m [32m INFO[0m [2mconvenient_bitbake::pipeline[0m[2m:[0m   Recipe 'at' DEPENDS: ["${@bb.utils.contains", "${PATCHDEPENDENCY}", "${POPULATESYSROOTDEPS}", "'',", "'libpam',", "'pam',", "bison-native", "d)}", "flex", "flex-native"]
[2m2025-11-29T15:28:46.533509Z[0m [32m INFO[0m [2mconvenient_bitbake::pipeline[0m[2m:[0m   Recipe 'bash' DEPENDS: ["${PATCHDEPENDENCY}", "${POPULATESYSROOTDEPS}", "bison-native", "ncurses", "virtual/libiconv"]
[2m2025-11-29T15:28:46.533523Z[0m [32m INFO[0m [2mconvenient_bitbake::pipeline[0m[2m:[0m   Recipe 'bc' DEPENDS: ["${PATCHDEPENDENCY}", "${POPULATESYSROOTDEPS}", "flex-native", "readline"]
[2m2025-11-29T15:28:46.533535Z[0m [32m INFO[0m [2mconvenient_bitbake::pipeline[0m[2m:[0m   Recipe 'blktool' DEPENDS: ["${PATCHDEPENDENCY}", "${POPULATESYSROOTDEPS}", "glib-2.0"]
[2m2025-11-29T15:28:46.533549Z[0m [32m INFO[0m [2mconvenient_bitbake::pipeline[0m[2m:[0m   Recipe 'bzip2' DEPENDS: ["${PATCHDEPENDENCY}", "${POPULATESYSROOTDEPS}"]
[2m2025-11-29T15:28:46.533571Z[0m [32m INFO[0m [2mconvenient_bitbake::pipeline[0m[2m:[0m   Recipe 'cpio' DEPENDS: ["${PATCHDEPENDENCY}", "${POPULATESYSROOTDEPS}"]
[2m2025-11-29T15:28:46.533584Z[0m [32m INFO[0m [2mconvenient_bitbake::pipeline[0m[2m:[0m   Recipe 'cracklib' DEPENDS: ["${PATCHDEPENDENCY}", "${POPULATESYSROOTDEPS}", "cracklib-native", "zlib"]
[2m2025-11-29T15:28:46.533600Z[0m [32m INFO[0m [2mconvenient_bitbake::pipeline[0m[2m:[0m   Recipe 'cronie' DEPENDS: ["${PATCHDEPENDENCY}", "${POPULATESYSROOTDEPS}", "${USERADDSETSCENEDEPS}"]
[2m2025-11-29T15:28:46.533612Z[0m [32m INFO[0m [2mconvenient_bitbake::pipeline[0m[2m:[0m   Recipe 'cups' DEPENDS: ["${PATCHDEPENDENCY}", "${POPULATESYSROOTDEPS}", "${USERADDSETSCENEDEPS}", "dbus", "jpeg", "libpng", "libusb1", "zlib"]
[2m2025-11-29T15:28:46.533632Z[0m [32m INFO[0m [2mconvenient_bitbake::pipeline[0m[2m:[0m   Recipe 'cwautomacros' DEPENDS: ["${PATCHDEPENDENCY}", "${POPULATESYSROOTDEPS}"]
[2m2025-11-29T15:28:46.533657Z[0m [32m INFO[0m [2mconvenient_bitbake::pipeline[0m[2m:[0m   Recipe 'diffutils' DEPENDS: ["${PATCHDEPENDENCY}", "${POPULATESYSROOTDEPS}"]
[2m2025-11-29T15:28:46.533670Z[0m [32m INFO[0m [2mconvenient_bitbake::pipeline[0m[2m:[0m   Recipe 'ed' DEPENDS: ["${PATCHDEPENDENCY}", "${POPULATESYSROOTDEPS}"]
[2m2025-11-29T15:28:46.533696Z[0m [32m INFO[0m [2mconvenient_bitbake::pipeline[0m[2m:[0m   Recipe 'ethtool' DEPENDS: ["${PATCHDEPENDENCY}", "${POPULATESYSROOTDEPS}", "libmnl"]
[2m2025-11-29T15:28:46.533706Z[0m [32m INFO[0m [2mconvenient_bitbake::pipeline[0m[2m:[0m   Recipe 'findutils' DEPENDS: ["${PATCHDEPENDENCY}", "${POPULATESYSROOTDEPS}", "bison-native"]
[2m2025-11-29T15:28:46.533715Z[0m [32m INFO[0m [2mconvenient_bitbake::pipeline[0m[2m:[0m   Recipe 'gawk' DEPENDS: ["${PATCHDEPENDENCY}", "${POPULATESYSROOTDEPS}", "readline"]
[2m2025-11-29T15:28:46.533727Z[0m [32m INFO[0m [2mconvenient_bitbake::pipeline[0m[2m:[0m   Recipe 'ghostscript' DEPENDS: ["${PATCHDEPENDENCY}", "${POPULATESYSROOTDEPS}", "cups", "fontconfig", "ghostscript-native", "jpeg", "libpng", "tiff"]
[2m2025-11-29T15:28:46.533743Z[0m [32m INFO[0m [2mconvenient_bitbake::pipeline[0m[2m:[0m   Recipe 'go-helloworld' DEPENDS: ["${PATCHDEPENDENCY}", "${POPULATESYSROOTDEPS}"]
[2m2025-11-29T15:28:46.533756Z[0m [32m INFO[0m [2mconvenient_bitbake::pipeline[0m[2m:[0m   Recipe 'gperf' DEPENDS: ["${PATCHDEPENDENCY}", "${POPULATESYSROOTDEPS}"]
[2m2025-11-29T15:28:46.533767Z[0m [32m INFO[0m [2mconvenient_bitbake::pipeline[0m[2m:[0m   Recipe 'grep' DEPENDS: ["${PATCHDEPENDENCY}", "${POPULATESYSROOTDEPS}", "libpcre"]
[2m2025-11-29T15:28:46.533779Z[0m [32m INFO[0m [2mconvenient_bitbake::pipeline[0m[2m:[0m   Recipe 'groff' DEPENDS: ["${PATCHDEPENDENCY}", "${POPULATESYSROOTDEPS}", "bison-native"]
[2m2025-11-29T15:28:46.533798Z[0m [32m INFO[0m [2mconvenient_bitbake::pipeline[0m[2m:[0m   Recipe 'gzip' DEPENDS: ["${PATCHDEPENDENCY}", "${POPULATESYSROOTDEPS}"]
[2m2025-11-29T15:28:46.533808Z[0m [32m INFO[0m [2mconvenient_bitbake::pipeline[0m[2m:[0m   Recipe 'hdparm' DEPENDS: ["${PATCHDEPENDENCY}", "${POPULATESYSROOTDEPS}"]
[2m2025-11-29T15:28:46.533821Z[0m [32m INFO[0m [2mconvenient_bitbake::pipeline[0m[2m:[0m   Recipe 'core-image-full-cmdline' DEPENDS: ["\"do_packagedata", "${KERNEL_DEPLOY_DEPEND}", "${PATCHDEPENDENCY}", "${POPULATESYSROOTDEPS}", "+=", "do_rootfs[recrdeptask]"]
[2m2025-11-29T15:28:46.533843Z[0m [32m INFO[0m [2mconvenient_bitbake::pipeline[0m[2m:[0m   Recipe 'core-image-kernel-dev' DEPENDS: ["${PATCHDEPENDENCY}", "${POPULATESYSROOTDEPS}"]
[2m2025-11-29T15:28:46.533855Z[0m [32m INFO[0m [2mconvenient_bitbake::pipeline[0m[2m:[0m   Recipe 'core-image-testcontroller-initramfs' DEPENDS: ["\"do_packagedata", "${KERNEL_DEPLOY_DEPEND}", "${PATCHDEPENDENCY}", "${POPULATESYSROOTDEPS}", "+=", "do_rootfs[recrdeptask]"]
[2m2025-11-29T15:28:46.533869Z[0m [32m INFO[0m [2mconvenient_bitbake::pipeline[0m[2m:[0m   Recipe 'core-image-testcontroller' DEPENDS: ["\"do_packagedata", "${KERNEL_DEPLOY_DEPEND}", "${PATCHDEPENDENCY}", "${POPULATESYSROOTDEPS}", "+=", "do_rootfs[recrdeptask]"]
[2m2025-11-29T15:28:46.533883Z[0m [32m INFO[0m [2mconvenient_bitbake::pipeline[0m[2m:[0m   Recipe 'iptables' DEPENDS: ["${PATCHDEPENDENCY}", "${POPULATESYSROOTDEPS}"]
[2m2025-11-29T15:28:46.533906Z[0m [32m INFO[0m [2mconvenient_bitbake::pipeline[0m[2m:[0m   Recipe 'iputils' DEPENDS: ["${PATCHDEPENDENCY}", "${POPULATESYSROOTDEPS}", "gnutls", "libcap", "libcap-native"]
[2m2025-11-29T15:28:46.533920Z[0m [32m INFO[0m [2mconvenient_bitbake::pipeline[0m[2m:[0m   Recipe 'less' DEPENDS: ["${PATCHDEPENDENCY}", "${POPULATESYSROOTDEPS}", "ncurses"]
[2m2025-11-29T15:28:46.533930Z[0m [32m INFO[0m [2mconvenient_bitbake::pipeline[0m[2m:[0m   Recipe 'libaio' DEPENDS: ["${PATCHDEPENDENCY}", "${POPULATESYSROOTDEPS}"]
[2m2025-11-29T15:28:46.533939Z[0m [32m INFO[0m [2mconvenient_bitbake::pipeline[0m[2m:[0m   Recipe 'libarchive' DEPENDS: ["${DEPENDS_BZIP2}", "${PATCHDEPENDENCY}", "${POPULATESYSROOTDEPS}", "e2fsprogs-native", "lzo", "xz", "zlib", "zstd"]
[2m2025-11-29T15:28:46.533950Z[0m [32m INFO[0m [2mconvenient_bitbake::pipeline[0m[2m:[0m   Recipe 'libidn2' DEPENDS: ["${PATCHDEPENDENCY}", "${POPULATESYSROOTDEPS}", "libunistring", "virtual/libiconv"]
[2m2025-11-29T15:28:46.533961Z[0m [32m INFO[0m [2mconvenient_bitbake::pipeline[0m[2m:[0m   Recipe 'libmnl' DEPENDS: ["${PATCHDEPENDENCY}", "${POPULATESYSROOTDEPS}"]
[2m2025-11-29T15:28:46.533974Z[0m [32m INFO[0m [2mconvenient_bitbake::pipeline[0m[2m:[0m   Recipe 'libnsl2' DEPENDS: ["${PATCHDEPENDENCY}", "${POPULATESYSROOTDEPS}", "libtirpc"]
[2m2025-11-29T15:28:46.533998Z[0m [32m INFO[0m [2mconvenient_bitbake::pipeline[0m[2m:[0m   Recipe 'libnss-nis' DEPENDS: ["${PATCHDEPENDENCY}", "${POPULATESYSROOTDEPS}", "libnsl2", "libtirpc"]
[2m2025-11-29T15:28:46.534009Z[0m [32m INFO[0m [2mconvenient_bitbake::pipeline[0m[2m:[0m   Recipe 'libpipeline' DEPENDS: ["${PATCHDEPENDENCY}", "${POPULATESYSROOTDEPS}"]
[2m2025-11-29T15:28:46.534018Z[0m [32m INFO[0m [2mconvenient_bitbake::pipeline[0m[2m:[0m   Recipe 'libsolv' DEPENDS: ["${PATCHDEPENDENCY}", "${POPULATESYSROOTDEPS}", "expat", "zlib"]
[2m2025-11-29T15:28:46.534031Z[0m [32m INFO[0m [2mconvenient_bitbake::pipeline[0m[2m:[0m   Recipe 'libtirpc' DEPENDS: ["${PATCHDEPENDENCY}", "${POPULATESYSROOTDEPS}"]
[2m2025-11-29T15:28:46.534041Z[0m [32m INFO[0m [2mconvenient_bitbake::pipeline[0m[2m:[0m   Recipe 'lighttpd' DEPENDS: ["${PATCHDEPENDENCY}", "${POPULATESYSROOTDEPS}", "libpcre", "openssl", "virtual/crypt", "zlib"]
[2m2025-11-29T15:28:46.534054Z[0m [32m INFO[0m [2mconvenient_bitbake::pipeline[0m[2m:[0m   Recipe 'logrotate' DEPENDS: ["${PATCHDEPENDENCY}", "${POPULATESYSROOTDEPS}", "coreutils", "popt"]
[2m2025-11-29T15:28:46.534071Z[0m [32m INFO[0m [2mconvenient_bitbake::pipeline[0m[2m:[0m   Recipe 'lsb-release' DEPENDS: ["${PATCHDEPENDENCY}", "${POPULATESYSROOTDEPS}"]
[2m2025-11-29T15:28:46.534085Z[0m [32m INFO[0m [2mconvenient_bitbake::pipeline[0m[2m:[0m   Recipe 'lsof' DEPENDS: ["${PATCHDEPENDENCY}", "${POPULATESYSROOTDEPS}"]
[2m2025-11-29T15:28:46.534109Z[0m [32m INFO[0m [2mconvenient_bitbake::pipeline[0m[2m:[0m   Recipe 'ltp' DEPENDS: ["${PATCHDEPENDENCY}", "${POPULATESYSROOTDEPS}", "acl", "attr", "fts", "libaio", "libcap", "openssl", "zip-native"]
[2m2025-11-29T15:28:46.534121Z[0m [32m INFO[0m [2mconvenient_bitbake::pipeline[0m[2m:[0m   Recipe 'lzip' DEPENDS: ["${PATCHDEPENDENCY}", "${POPULATESYSROOTDEPS}"]
[2m2025-11-29T15:28:46.534137Z[0m [32m INFO[0m [2mconvenient_bitbake::pipeline[0m[2m:[0m   Recipe 'man-db' DEPENDS: ["${PATCHDEPENDENCY}", "${POPULATESYSROOTDEPS}", "base-passwd", "gdbm", "groff-native", "libpipeline"]
[2m2025-11-29T15:28:46.534148Z[0m [32m INFO[0m [2mconvenient_bitbake::pipeline[0m[2m:[0m   Recipe 'man-pages' DEPENDS: ["${PATCHDEPENDENCY}", "${POPULATESYSROOTDEPS}"]
[2m2025-11-29T15:28:46.534167Z[0m [32m INFO[0m [2mconvenient_bitbake::pipeline[0m[2m:[0m   Recipe 'mc' DEPENDS: ["${PATCHDEPENDENCY}", "${POPULATESYSROOTDEPS}", "file-replacement-native", "glib-2.0", "ncurses", "util-linux"]
[2m2025-11-29T15:28:46.534188Z[0m [32m INFO[0m [2mconvenient_bitbake::pipeline[0m[2m:[0m   Recipe 'mdadm' DEPENDS: ["${PATCHDEPENDENCY}", "${POPULATESYSROOTDEPS}", "udev"]
[2m2025-11-29T15:28:46.534200Z[0m [32m INFO[0m [2mconvenient_bitbake::pipeline[0m[2m:[0m   Recipe 'mingetty' DEPENDS: ["${PATCHDEPENDENCY}", "${POPULATESYSROOTDEPS}"]
[2m2025-11-29T15:28:46.534220Z[0m [32m INFO[0m [2mconvenient_bitbake::pipeline[0m[2m:[0m   Recipe 'minicom' DEPENDS: ["${PATCHDEPENDENCY}", "${POPULATESYSROOTDEPS}", "ncurses", "virtual/libiconv"]
[2m2025-11-29T15:28:46.534236Z[0m [32m INFO[0m [2mconvenient_bitbake::pipeline[0m[2m:[0m   Recipe 'msmtp' DEPENDS: ["${PATCHDEPENDENCY}", "${POPULATESYSROOTDEPS}", "gnutls", "zlib"]
[2m2025-11-29T15:28:46.534251Z[0m [32m INFO[0m [2mconvenient_bitbake::pipeline[0m[2m:[0m   Recipe 'net-tools' DEPENDS: ["${PATCHDEPENDENCY}", "${POPULATESYSROOTDEPS}"]
[2m2025-11-29T15:28:46.534264Z[0m [32m INFO[0m [2mconvenient_bitbake::pipeline[0m[2m:[0m   Recipe 'libnewt' DEPENDS: ["${PATCHDEPENDENCY}", "${POPULATESYSROOTDEPS}", "popt", "python3", "slang"]
[2m2025-11-29T15:28:46.534276Z[0m [32m INFO[0m [2mconvenient_bitbake::pipeline[0m[2m:[0m   Recipe 'packagegroup-core-base-utils' DEPENDS: ["${PATCHDEPENDENCY}", "${POPULATESYSROOTDEPS}"]
[2m2025-11-29T15:28:46.534290Z[0m [32m INFO[0m [2mconvenient_bitbake::pipeline[0m[2m:[0m   Recipe 'packagegroup-core-full-cmdline' DEPENDS: ["${PATCHDEPENDENCY}", "${POPULATESYSROOTDEPS}"]
[2m2025-11-29T15:28:46.534301Z[0m [32m INFO[0m [2mconvenient_bitbake::pipeline[0m[2m:[0m   Recipe 'libpam' DEPENDS: ["${PATCHDEPENDENCY}", "${POPULATESYSROOTDEPS}", "bison-native", "cracklib", "flex", "flex-native", "libxml2-native", "virtual/crypt"]
[2m2025-11-29T15:28:46.534314Z[0m [32m INFO[0m [2mconvenient_bitbake::pipeline[0m[2m:[0m   Recipe 'parted' DEPENDS: ["${PATCHDEPENDENCY}", "${POPULATESYSROOTDEPS}", "ncurses", "readline", "util-linux", "virtual/libiconv"]
[2m2025-11-29T15:28:46.534325Z[0m [32m INFO[0m [2mconvenient_bitbake::pipeline[0m[2m:[0m   Recipe 'pbzip2' DEPENDS: ["${PATCHDEPENDENCY}", "${POPULATESYSROOTDEPS}", "bzip2", "bzip2-replacement-native"]
[2m2025-11-29T15:28:46.534340Z[0m [32m INFO[0m [2mconvenient_bitbake::pipeline[0m[2m:[0m   Recipe 'libconvert-asn1-perl' DEPENDS: ["${PATCHDEPENDENCY}", "${POPULATESYSROOTDEPS}"]
[2m2025-11-29T15:28:46.534358Z[0m [32m INFO[0m [2mconvenient_bitbake::pipeline[0m[2m:[0m   Recipe 'libtimedate-perl' DEPENDS: ["${PATCHDEPENDENCY}", "${POPULATESYSROOTDEPS}"]
[2m2025-11-29T15:28:46.534381Z[0m [32m INFO[0m [2mconvenient_bitbake::pipeline[0m[2m:[0m   Recipe 'libxml-namespacesupport-perl' DEPENDS: ["${PATCHDEPENDENCY}", "${POPULATESYSROOTDEPS}"]
[2m2025-11-29T15:28:46.534402Z[0m [32m INFO[0m [2mconvenient_bitbake::pipeline[0m[2m:[0m   Recipe 'libxml-sax-base-perl' DEPENDS: ["${PATCHDEPENDENCY}", "${POPULATESYSROOTDEPS}"]
[2m2025-11-29T15:28:46.534423Z[0m [32m INFO[0m [2mconvenient_bitbake::pipeline[0m[2m:[0m   Recipe 'libxml-sax-perl' DEPENDS: ["${PATCHDEPENDENCY}", "${POPULATESYSROOTDEPS}", "libxml-namespacesupport-perl-native"]
[2m2025-11-29T15:28:46.534436Z[0m [32m INFO[0m [2mconvenient_bitbake::pipeline[0m[2m:[0m   Recipe 'pigz' DEPENDS: ["${PATCHDEPENDENCY}", "${POPULATESYSROOTDEPS}", "zlib"]
[2m2025-11-29T15:28:46.534446Z[0m [32m INFO[0m [2mconvenient_bitbake::pipeline[0m[2m:[0m   Recipe 'procps' DEPENDS: ["${PATCHDEPENDENCY}", "${POPULATESYSROOTDEPS}", "ncurses"]
[2m2025-11-29T15:28:46.534458Z[0m [32m INFO[0m [2mconvenient_bitbake::pipeline[0m[2m:[0m   Recipe 'psmisc' DEPENDS: ["${PATCHDEPENDENCY}", "${POPULATESYSROOTDEPS}", "ncurses", "virtual/libintl"]
[2m2025-11-29T15:28:46.534474Z[0m [32m INFO[0m [2mconvenient_bitbake::pipeline[0m[2m:[0m   Recipe 'quota' DEPENDS: ["${PATCHDEPENDENCY}", "${POPULATESYSROOTDEPS}", "dbus", "e2fsprogs", "gettext-native", "libnl", "libtirpc", "tcp-wrappers"]
[2m2025-11-29T15:28:46.534486Z[0m [32m INFO[0m [2mconvenient_bitbake::pipeline[0m[2m:[0m   Recipe 'rpcbind' DEPENDS: ["${PATCHDEPENDENCY}", "${POPULATESYSROOTDEPS}", "${USERADDSETSCENEDEPS}", "libtirpc", "quota", "tcp-wrappers"]
[2m2025-11-29T15:28:46.534499Z[0m [32m INFO[0m [2mconvenient_bitbake::pipeline[0m[2m:[0m   Recipe 'rpcsvc-proto' DEPENDS: ["${PATCHDEPENDENCY}", "${POPULATESYSROOTDEPS}", "rpcsvc-proto-native"]
[2m2025-11-29T15:28:46.534512Z[0m [32m INFO[0m [2mconvenient_bitbake::pipeline[0m[2m:[0m   Recipe 'screen' DEPENDS: ["${@bb.utils.contains", "${PATCHDEPENDENCY}", "${POPULATESYSROOTDEPS}", "'',", "'libpam',", "'pam',", "d)}", "ncurses", "virtual/crypt"]
[2m2025-11-29T15:28:46.534528Z[0m [32m INFO[0m [2mconvenient_bitbake::pipeline[0m[2m:[0m   Recipe 'sed' DEPENDS: ["${PATCHDEPENDENCY}", "${POPULATESYSROOTDEPS}"]
[2m2025-11-29T15:28:46.534541Z[0m [32m INFO[0m [2mconvenient_bitbake::pipeline[0m[2m:[0m   Recipe 'shadow-securetty' DEPENDS: ["${PATCHDEPENDENCY}", "${POPULATESYSROOTDEPS}"]
[2m2025-11-29T15:28:46.534553Z[0m [32m INFO[0m [2mconvenient_bitbake::pipeline[0m[2m:[0m   Recipe 'shadow-sysroot' DEPENDS: ["${PATCHDEPENDENCY}", "${POPULATESYSROOTDEPS}", "base-passwd"]
[2m2025-11-29T15:28:46.534566Z[0m [32m INFO[0m [2mconvenient_bitbake::pipeline[0m[2m:[0m   Recipe 'shadow' DEPENDS: ["${PATCHDEPENDENCY}", "${POPULATESYSROOTDEPS}", "virtual/crypt"]
[2m2025-11-29T15:28:46.534576Z[0m [32m INFO[0m [2mconvenient_bitbake::pipeline[0m[2m:[0m   Recipe 'slang' DEPENDS: ["${PATCHDEPENDENCY}", "${POPULATESYSROOTDEPS}", "ncurses", "pcre", "virtual/libiconv"]
[2m2025-11-29T15:28:46.534591Z[0m [32m INFO[0m [2mconvenient_bitbake::pipeline[0m[2m:[0m   Recipe 'stress-ng' DEPENDS: ["${PATCHDEPENDENCY}", "${POPULATESYSROOTDEPS}", "coreutils-native"]
[2m2025-11-29T15:28:46.534608Z[0m [32m INFO[0m [2mconvenient_bitbake::pipeline[0m[2m:[0m   Recipe 'sudo' DEPENDS: ["${@bb.utils.contains", "${PATCHDEPENDENCY}", "${POPULATESYSROOTDEPS}", "'',", "'libpam',", "'pam',", "d)}", "virtual/crypt"]
[2m2025-11-29T15:28:46.534620Z[0m [32m INFO[0m [2mconvenient_bitbake::pipeline[0m[2m:[0m   Recipe 'sysklogd' DEPENDS: ["${PATCHDEPENDENCY}", "${POPULATESYSROOTDEPS}"]
[2m2025-11-29T15:28:46.534632Z[0m [32m INFO[0m [2mconvenient_bitbake::pipeline[0m[2m:[0m   Recipe 'sysstat' DEPENDS: ["${PATCHDEPENDENCY}", "${POPULATESYSROOTDEPS}", "base-passwd"]
[2m2025-11-29T15:28:46.534651Z[0m [32m INFO[0m [2mconvenient_bitbake::pipeline[0m[2m:[0m   Recipe 'tar' DEPENDS: ["${PATCHDEPENDENCY}", "${POPULATESYSROOTDEPS}"]
[2m2025-11-29T15:28:46.534663Z[0m [32m INFO[0m [2mconvenient_bitbake::pipeline[0m[2m:[0m   Recipe 'tcp-wrappers' DEPENDS: ["${PATCHDEPENDENCY}", "${POPULATESYSROOTDEPS}", "libnsl2"]
[2m2025-11-29T15:28:46.534675Z[0m [32m INFO[0m [2mconvenient_bitbake::pipeline[0m[2m:[0m   Recipe 'texinfo' DEPENDS: ["${PATCHDEPENDENCY}", "${POPULATESYSROOTDEPS}", "ncurses", "texinfo-replacement-native", "zlib"]
[2m2025-11-29T15:28:46.534688Z[0m [32m INFO[0m [2mconvenient_bitbake::pipeline[0m[2m:[0m   Recipe 'texinfo-dummy-native' DEPENDS: ["${PATCHDEPENDENCY}", "${POPULATESYSROOTDEPS}"]
[2m2025-11-29T15:28:46.534701Z[0m [32m INFO[0m [2mconvenient_bitbake::pipeline[0m[2m:[0m   Recipe 'time' DEPENDS: ["${PATCHDEPENDENCY}", "${POPULATESYSROOTDEPS}"]
[2m2025-11-29T15:28:46.534718Z[0m [32m INFO[0m [2mconvenient_bitbake::pipeline[0m[2m:[0m   Recipe 'tzcode-native' DEPENDS: ["${PATCHDEPENDENCY}", "${POPULATESYSROOTDEPS}"]
[2m2025-11-29T15:28:46.534729Z[0m [32m INFO[0m [2mconvenient_bitbake::pipeline[0m[2m:[0m   Recipe 'tzdata' DEPENDS: ["${PATCHDEPENDENCY}", "${POPULATESYSROOTDEPS}", "tzcode-native"]
[2m2025-11-29T15:28:46.534743Z[0m [32m INFO[0m [2mconvenient_bitbake::pipeline[0m[2m:[0m   Recipe 'unzip' DEPENDS: ["${PATCHDEPENDENCY}", "${POPULATESYSROOTDEPS}"]
[2m2025-11-29T15:28:46.534752Z[0m [32m INFO[0m [2mconvenient_bitbake::pipeline[0m[2m:[0m   Recipe 'watchdog-config' DEPENDS: ["${PATCHDEPENDENCY}", "${POPULATESYSROOTDEPS}"]
[2m2025-11-29T15:28:46.534763Z[0m [32m INFO[0m [2mconvenient_bitbake::pipeline[0m[2m:[0m   Recipe 'watchdog' DEPENDS: ["${PATCHDEPENDENCY}", "${POPULATESYSROOTDEPS}", "libtirpc"]
[2m2025-11-29T15:28:46.534782Z[0m [32m INFO[0m [2mconvenient_bitbake::pipeline[0m[2m:[0m   Recipe 'wget' DEPENDS: ["${PATCHDEPENDENCY}", "${POPULATESYSROOTDEPS}", "autoconf-archive", "gnutls", "libpcre", "zlib"]
[2m2025-11-29T15:28:46.534808Z[0m [32m INFO[0m [2mconvenient_bitbake::pipeline[0m[2m:[0m   Recipe 'which' DEPENDS: ["${PATCHDEPENDENCY}", "${POPULATESYSROOTDEPS}", "cwautomacros-native"]
[2m2025-11-29T15:28:46.534821Z[0m [32m INFO[0m [2mconvenient_bitbake::pipeline[0m[2m:[0m   Recipe 'xdg-utils' DEPENDS: ["${PATCHDEPENDENCY}", "${POPULATESYSROOTDEPS}", "libxslt-native", "xmlto-native"]
[2m2025-11-29T15:28:46.534842Z[0m [32m INFO[0m [2mconvenient_bitbake::pipeline[0m[2m:[0m   Recipe 'xinetd' DEPENDS: ["${PATCHDEPENDENCY}", "${POPULATESYSROOTDEPS}", "tcp-wrappers"]
[2m2025-11-29T15:28:46.534860Z[0m [32m INFO[0m [2mconvenient_bitbake::pipeline[0m[2m:[0m   Recipe 'xz' DEPENDS: ["${PATCHDEPENDENCY}", "${POPULATESYSROOTDEPS}"]
[2m2025-11-29T15:28:46.534871Z[0m [32m INFO[0m [2mconvenient_bitbake::pipeline[0m[2m:[0m   Recipe 'zip' DEPENDS: ["${PATCHDEPENDENCY}", "${POPULATESYSROOTDEPS}"]
[2m2025-11-29T15:28:46.534885Z[0m [32m INFO[0m [2mconvenient_bitbake::pipeline[0m[2m:[0m   Recipe 'zstd' DEPENDS: ["${PATCHDEPENDENCY}", "${POPULATESYSROOTDEPS}"]
[2m2025-11-29T15:28:46.534896Z[0m [32m INFO[0m [2mconvenient_bitbake::pipeline[0m[2m:[0m   Recipe 'epiphany' DEPENDS: ["${PATCHDEPENDENCY}", "${POPULATESYSROOTDEPS}", "coreutils-native", "gcr", "glib-2.0-native", "gsettings-desktop-schemas", "json-glib", "libarchive", "libdazzle", "libhandy", "nettle", "webkitgtk"]
[2m2025-11-29T15:28:46.534936Z[0m [32m INFO[0m [2mconvenient_bitbake::pipeline[0m[2m:[0m   Recipe 'gcr' DEPENDS: ["${@bb.utils.contains", "${PATCHDEPENDENCY}", "${POPULATESYSROOTDEPS}", "'',", "'True',", "'libxslt-native',", "d)}", "glib-2.0", "gnupg-native", "libgcrypt", "p11-kit"]
[2m2025-11-29T15:28:46.534953Z[0m [32m INFO[0m [2mconvenient_bitbake::pipeline[0m[2m:[0m   Recipe 'gdk-pixbuf' DEPENDS: ["${PATCHDEPENDENCY}", "${POPULATESYSROOTDEPS}", "glib-2.0", "shared-mime-info"]
[2m2025-11-29T15:28:46.534971Z[0m [32m INFO[0m [2mconvenient_bitbake::pipeline[0m[2m:[0m   Recipe 'gi-docgen' DEPENDS: ["${PATCHDEPENDENCY}", "${POPULATESYSROOTDEPS}"]
[2m2025-11-29T15:28:46.534982Z[0m [32m INFO[0m [2mconvenient_bitbake::pipeline[0m[2m:[0m   Recipe 'adwaita-icon-theme' DEPENDS: ["${PATCHDEPENDENCY}", "${POPULATESYSROOTDEPS}", "librsvg-native"]
[2m2025-11-29T15:28:46.534993Z[0m [32m INFO[0m [2mconvenient_bitbake::pipeline[0m[2m:[0m   Recipe 'gconf' DEPENDS: ["${PATCHDEPENDENCY}", "${POPULATESYSROOTDEPS}", "dbus", "dbus-glib", "glib-2.0", "intltool-native", "libxml2"]
[2m2025-11-29T15:28:46.535009Z[0m [32m INFO[0m [2mconvenient_bitbake::pipeline[0m[2m:[0m   Recipe 'gobject-introspection' DEPENDS: ["${PATCHDEPENDENCY}", "${POPULATESYSROOTDEPS}", "autoconf-archive", "bison-native", "flex-native", "glib-2.0", "gobject-introspection-native", "libffi", "python3", "qemu-native", "zlib"]
[2m2025-11-29T15:28:46.535026Z[0m [32m INFO[0m [2mconvenient_bitbake::pipeline[0m[2m:[0m   Recipe 'gsettings-desktop-schemas' DEPENDS: ["${PATCHDEPENDENCY}", "${POPULATESYSROOTDEPS}", "glib-2.0"]
[2m2025-11-29T15:28:46.535038Z[0m [32m INFO[0m [2mconvenient_bitbake::pipeline[0m[2m:[0m   Recipe 'gtk+3' DEPENDS: ["${PATCHDEPENDENCY}", "${POPULATESYSROOTDEPS}", "atk", "cairo", "gdk-pixbuf", "gdk-pixbuf-native", "glib-2.0", "jpeg", "libpng", "libxkbcommon", "pango", "virtual/egl", "virtual/libgles2", "wayland", "wayland-native", "wayland-protocols"]
[2m2025-11-29T15:28:46.535064Z[0m [32m INFO[0m [2mconvenient_bitbake::pipeline[0m[2m:[0m   Recipe 'gtk-doc' DEPENDS: ["${PATCHDEPENDENCY}", "${POPULATESYSROOTDEPS}"]
[2m2025-11-29T15:28:46.535076Z[0m [32m INFO[0m [2mconvenient_bitbake::pipeline[0m[2m:[0m   Recipe 'hicolor-icon-theme' DEPENDS: ["${PATCHDEPENDENCY}", "${POPULATESYSROOTDEPS}"]
[2m2025-11-29T15:28:46.535088Z[0m [32m INFO[0m [2mconvenient_bitbake::pipeline[0m[2m:[0m   Recipe 'json-glib' DEPENDS: ["${PATCHDEPENDENCY}", "${POPULATESYSROOTDEPS}", "glib-2.0"]
[2m2025-11-29T15:28:46.535099Z[0m [32m INFO[0m [2mconvenient_bitbake::pipeline[0m[2m:[0m   Recipe 'libdazzle' DEPENDS: ["${PATCHDEPENDENCY}", "${POPULATESYSROOTDEPS}", "glib-2.0", "glib-2.0-native", "gtk+3"]
[2m2025-11-29T15:28:46.535113Z[0m [32m INFO[0m [2mconvenient_bitbake::pipeline[0m[2m:[0m   Recipe 'libgudev' DEPENDS: ["${PATCHDEPENDENCY}", "${POPULATESYSROOTDEPS}", "glib-2.0", "udev"]
[2m2025-11-29T15:28:46.535124Z[0m [32m INFO[0m [2mconvenient_bitbake::pipeline[0m[2m:[0m   Recipe 'libhandy' DEPENDS: ["${PATCHDEPENDENCY}", "${POPULATESYSROOTDEPS}", "gtk+3"]
[2m2025-11-29T15:28:46.535135Z[0m [32m INFO[0m [2mconvenient_bitbake::pipeline[0m[2m:[0m   Recipe 'libnotify' DEPENDS: ["${PATCHDEPENDENCY}", "${POPULATESYSROOTDEPS}", "dbus", "gdk-pixbuf", "glib-2.0"]
[2m2025-11-29T15:28:46.535154Z[0m [32m INFO[0m [2mconvenient_bitbake::pipeline[0m[2m:[0m   Recipe 'librsvg' DEPENDS: ["${PATCHDEPENDENCY}", "${POPULATESYSROOTDEPS}", "cairo", "gdk-pixbuf", "gdk-pixbuf-native", "glib-2.0", "libcroco", "libxml2", "pango"]
[2m2025-11-29T15:28:46.535176Z[0m [32m INFO[0m [2mconvenient_bitbake::pipeline[0m[2m:[0m   Recipe 'libsecret' DEPENDS: ["${PATCHDEPENDENCY}", "${POPULATESYSROOTDEPS}", "gettext-native", "glib-2.0", "libgcrypt"]
[2m2025-11-29T15:28:46.535194Z[0m [32m INFO[0m [2mconvenient_bitbake::pipeline[0m[2m:[0m   Recipe 'builder' DEPENDS: ["${PATCHDEPENDENCY}", "${POPULATESYSROOTDEPS}", "${USERADDSETSCENEDEPS}"]
[2m2025-11-29T15:28:46.535208Z[0m [32m INFO[0m [2mconvenient_bitbake::pipeline[0m[2m:[0m   Recipe 'cairo' DEPENDS: ["${PATCHDEPENDENCY}", "${POPULATESYSROOTDEPS}", "fontconfig", "glib-2.0", "libpng", "pixman", "zlib"]
[2m2025-11-29T15:28:46.535224Z[0m [32m INFO[0m [2mconvenient_bitbake::pipeline[0m[2m:[0m   Recipe 'cantarell-fonts' DEPENDS: ["${PATCHDEPENDENCY}", "${POPULATESYSROOTDEPS}"]
[2m2025-11-29T15:28:46.535238Z[0m [32m INFO[0m [2mconvenient_bitbake::pipeline[0m[2m:[0m   Recipe 'libdrm' DEPENDS: ["${PATCHDEPENDENCY}", "${POPULATESYSROOTDEPS}", "libpciaccess", "libpthread-stubs"]
[2m2025-11-29T15:28:46.535255Z[0m [32m INFO[0m [2mconvenient_bitbake::pipeline[0m[2m:[0m   Recipe 'fontconfig' DEPENDS: ["${PATCHDEPENDENCY}", "${POPULATESYSROOTDEPS}", "expat", "freetype", "gperf-native", "util-linux", "zlib"]
[2m2025-11-29T15:28:46.535268Z[0m [32m INFO[0m [2mconvenient_bitbake::pipeline[0m[2m:[0m   Recipe 'freetype' DEPENDS: ["${PATCHDEPENDENCY}", "${POPULATESYSROOTDEPS}", "libpng", "zlib"]
[2m2025-11-29T15:28:46.535283Z[0m [32m INFO[0m [2mconvenient_bitbake::pipeline[0m[2m:[0m   Recipe 'glew' DEPENDS: ["${PATCHDEPENDENCY}", "${POPULATESYSROOTDEPS}"]
[2m2025-11-29T15:28:46.535293Z[0m [32m INFO[0m [2mconvenient_bitbake::pipeline[0m[2m:[0m   Recipe 'glslang' DEPENDS: ["${PATCHDEPENDENCY}", "${POPULATESYSROOTDEPS}"]
[2m2025-11-29T15:28:46.535304Z[0m [32m INFO[0m [2mconvenient_bitbake::pipeline[0m[2m:[0m   Recipe 'harfbuzz' DEPENDS: ["${PATCHDEPENDENCY}", "${POPULATESYSROOTDEPS}", "cairo", "freetype", "glib-2.0", "icu"]
[2m2025-11-29T15:28:46.535319Z[0m [32m INFO[0m [2mconvenient_bitbake::pipeline[0m[2m:[0m   Recipe 'igt-gpu-tools' DEPENDS: ["${PATCHDEPENDENCY}", "${POPULATESYSROOTDEPS}", "alsa-lib", "bison-native", "cairo", "elfutils", "glib-2.0", "json-c", "kmod", "libdrm", "libpciaccess", "libunwind", "openssl", "procps", "udev"]
[2m2025-11-29T15:28:46.535339Z[0m [32m INFO[0m [2mconvenient_bitbake::pipeline[0m[2m:[0m   Recipe 'core-image-weston-sdk' DEPENDS: ["\"do_packagedata", "${KERNEL_DEPLOY_DEPEND}", "${PATCHDEPENDENCY}", "${POPULATESYSROOTDEPS}", "+=", "do_rootfs[recrdeptask]"]
[2m2025-11-29T15:28:46.535359Z[0m [32m INFO[0m [2mconvenient_bitbake::pipeline[0m[2m:[0m   Recipe 'core-image-weston' DEPENDS: ["\"do_packagedata", "${KERNEL_DEPLOY_DEPEND}", "${PATCHDEPENDENCY}", "${POPULATESYSROOTDEPS}", "+=", "do_rootfs[recrdeptask]"]
[2m2025-11-29T15:28:46.535370Z[0m [32m INFO[0m [2mconvenient_bitbake::pipeline[0m[2m:[0m   Recipe 'core-image-x11' DEPENDS: ["\"do_packagedata", "${KERNEL_DEPLOY_DEPEND}", "${PATCHDEPENDENCY}", "${POPULATESYSROOTDEPS}", "+=", "do_rootfs[recrdeptask]"]
[2m2025-11-29T15:28:46.535384Z[0m [32m INFO[0m [2mconvenient_bitbake::pipeline[0m[2m:[0m   Recipe 'libjpeg-turbo' DEPENDS: ["${PATCHDEPENDENCY}", "${POPULATESYSROOTDEPS}", "nasm-native"]
[2m2025-11-29T15:28:46.535402Z[0m [32m INFO[0m [2mconvenient_bitbake::pipeline[0m[2m:[0m   Recipe 'kmscube' DEPENDS: ["${PATCHDEPENDENCY}", "${POPULATESYSROOTDEPS}", "libdrm", "virtual/egl", "virtual/libgbm", "virtual/libgles2", "virtual/libgles3"]
[2m2025-11-29T15:28:46.535416Z[0m [32m INFO[0m [2mconvenient_bitbake::pipeline[0m[2m:[0m   Recipe 'libepoxy' DEPENDS: ["${PATCHDEPENDENCY}", "${POPULATESYSROOTDEPS}", "virtual/egl"]
[2m2025-11-29T15:28:46.535431Z[0m [32m INFO[0m [2mconvenient_bitbake::pipeline[0m[2m:[0m   Recipe 'libfakekey' DEPENDS: ["${PATCHDEPENDENCY}", "${POPULATESYSROOTDEPS}", "libxtst"]
[2m2025-11-29T15:28:46.535440Z[0m [32m INFO[0m [2mconvenient_bitbake::pipeline[0m[2m:[0m   Recipe 'libmatchbox' DEPENDS: ["${PATCHDEPENDENCY}", "${POPULATESYSROOTDEPS}", "jpeg", "libpng", "libxext", "libxft", "virtual/libx11"]
[2m2025-11-29T15:28:46.535450Z[0m [32m INFO[0m [2mconvenient_bitbake::pipeline[0m[2m:[0m   Recipe 'libsdl2' DEPENDS: ["${PATCHDEPENDENCY}", "${POPULATESYSROOTDEPS}", "libxext", "libxrandr", "libxrender", "virtual/libx11"]
[2m2025-11-29T15:28:46.535461Z[0m [32m INFO[0m [2mconvenient_bitbake::pipeline[0m[2m:[0m   Recipe 'libva-initial' DEPENDS: ["${PATCHDEPENDENCY}", "${POPULATESYSROOTDEPS}", "libdrm"]
[2m2025-11-29T15:28:46.535480Z[0m [32m INFO[0m [2mconvenient_bitbake::pipeline[0m[2m:[0m   Recipe 'libva-utils' DEPENDS: ["${PATCHDEPENDENCY}", "${POPULATESYSROOTDEPS}", "libva"]
[2m2025-11-29T15:28:46.535496Z[0m [32m INFO[0m [2mconvenient_bitbake::pipeline[0m[2m:[0m   Recipe 'libva' DEPENDS: ["${PATCHDEPENDENCY}", "${POPULATESYSROOTDEPS}", "libdrm"]
[2m2025-11-29T15:28:46.535510Z[0m [32m INFO[0m [2mconvenient_bitbake::pipeline[0m[2m:[0m   Recipe 'matchbox-session' DEPENDS: ["${PATCHDEPENDENCY}", "${POPULATESYSROOTDEPS}"]
[2m2025-11-29T15:28:46.535519Z[0m [32m INFO[0m [2mconvenient_bitbake::pipeline[0m[2m:[0m   Recipe 'matchbox-wm' DEPENDS: ["${PATCHDEPENDENCY}", "${POPULATESYSROOTDEPS}", "expat", "gconf", "libmatchbox", "libxcursor", "libxext", "libxfixes", "libxrender", "startup-notification", "virtual/libx11"]
[2m2025-11-29T15:28:46.535532Z[0m [32m INFO[0m [2mconvenient_bitbake::pipeline[0m[2m:[0m   Recipe 'menu-cache' DEPENDS: ["${PATCHDEPENDENCY}", "${POPULATESYSROOTDEPS}", "glib-2.0", "libfm-extra"]
[2m2025-11-29T15:28:46.535555Z[0m [32m INFO[0m [2mconvenient_bitbake::pipeline[0m[2m:[0m   Recipe 'libglu' DEPENDS: ["${PATCHDEPENDENCY}", "${POPULATESYSROOTDEPS}", "virtual/libgl"]
[2m2025-11-29T15:28:46.535587Z[0m [32m INFO[0m [2mconvenient_bitbake::pipeline[0m[2m:[0m   Recipe 'mesa-demos' DEPENDS: ["${PATCHDEPENDENCY}", "${POPULATESYSROOTDEPS}", "freetype", "glew", "libdrm", "virtual/egl", "virtual/libgl", "virtual/libgles1", "virtual/libgles2", "virtual/libx11"]
[2m2025-11-29T15:28:46.535631Z[0m [32m INFO[0m [2mconvenient_bitbake::pipeline[0m[2m:[0m   Recipe 'mesa-gl' DEPENDS: ["${PATCHDEPENDENCY}", "${POPULATESYSROOTDEPS}", "bison-native", "chrpath-replacement-native", "expat", "flex-native", "gettext-native", "libdrm", "libxml2-native", "makedepend-native", "python3-mako-native", "zlib"]
[2m2025-11-29T15:28:46.535651Z[0m [32m INFO[0m [2mconvenient_bitbake::pipeline[0m[2m:[0m   Recipe 'mesa' DEPENDS: ["${PATCHDEPENDENCY}", "${POPULATESYSROOTDEPS}", "bison-native", "chrpath-replacement-native", "expat", "flex-native", "gettext-native", "libdrm", "libxml2-native", "makedepend-native", "python3-mako-native", "zlib"]
[2m2025-11-29T15:28:46.535666Z[0m [32m INFO[0m [2mconvenient_bitbake::pipeline[0m[2m:[0m   Recipe 'mini-x-session' DEPENDS: ["${PATCHDEPENDENCY}", "${POPULATESYSROOTDEPS}"]
[2m2025-11-29T15:28:46.535681Z[0m [32m INFO[0m [2mconvenient_bitbake::pipeline[0m[2m:[0m   Recipe 'packagegroup-core-weston' DEPENDS: ["${PATCHDEPENDENCY}", "${POPULATESYSROOTDEPS}"]
[2m2025-11-29T15:28:46.535693Z[0m [32m INFO[0m [2mconvenient_bitbake::pipeline[0m[2m:[0m   Recipe 'packagegroup-core-x11-base' DEPENDS: ["${PATCHDEPENDENCY}", "${POPULATESYSROOTDEPS}"]
[2m2025-11-29T15:28:46.535716Z[0m [32m INFO[0m [2mconvenient_bitbake::pipeline[0m[2m:[0m   Recipe 'packagegroup-core-x11-xserver' DEPENDS: ["${PATCHDEPENDENCY}", "${POPULATESYSROOTDEPS}"]
[2m2025-11-29T15:28:46.535728Z[0m [32m INFO[0m [2mconvenient_bitbake::pipeline[0m[2m:[0m   Recipe 'packagegroup-core-x11' DEPENDS: ["${PATCHDEPENDENCY}", "${POPULATESYSROOTDEPS}"]
[2m2025-11-29T15:28:46.535739Z[0m [32m INFO[0m [2mconvenient_bitbake::pipeline[0m[2m:[0m   Recipe 'pango' DEPENDS: ["${PATCHDEPENDENCY}", "${POPULATESYSROOTDEPS}", "cairo", "fontconfig", "freetype", "fribidi", "glib-2.0", "glib-2.0-native", "harfbuzz", "virtual/libiconv"]
[2m2025-11-29T15:28:46.535759Z[0m [32m INFO[0m [2mconvenient_bitbake::pipeline[0m[2m:[0m   Recipe 'piglit' DEPENDS: ["${PATCHDEPENDENCY}", "${POPULATESYSROOTDEPS}", "libpng", "libxkbcommon", "python3-mako-native", "python3-numpy-native", "python3-six-native", "virtual/egl", "waffle"]
[2m2025-11-29T15:28:46.535776Z[0m [32m INFO[0m [2mconvenient_bitbake::pipeline[0m[2m:[0m   Recipe 'pong-clock' DEPENDS: ["${PATCHDEPENDENCY}", "${POPULATESYSROOTDEPS}", "virtual/libx11", "xau", "xdmcp"]
[2m2025-11-29T15:28:46.535807Z[0m [32m INFO[0m [2mconvenient_bitbake::pipeline[0m[2m:[0m   Recipe 'shaderc' DEPENDS: ["${PATCHDEPENDENCY}", "${POPULATESYSROOTDEPS}", "glslang", "spirv-headers", "spirv-tools"]
[2m2025-11-29T15:28:46.535837Z[0m [32m INFO[0m [2mconvenient_bitbake::pipeline[0m[2m:[0m   Recipe 'spirv-headers' DEPENDS: ["${PATCHDEPENDENCY}", "${POPULATESYSROOTDEPS}"]
[2m2025-11-29T15:28:46.535848Z[0m [32m INFO[0m [2mconvenient_bitbake::pipeline[0m[2m:[0m   Recipe 'spirv-tools' DEPENDS: ["${PATCHDEPENDENCY}", "${POPULATESYSROOTDEPS}", "spirv-headers"]
[2m2025-11-29T15:28:46.535861Z[0m [32m INFO[0m [2mconvenient_bitbake::pipeline[0m[2m:[0m   Recipe 'startup-notification' DEPENDS: ["${PATCHDEPENDENCY}", "${POPULATESYSROOTDEPS}", "libsm", "virtual/libx11", "xcb-util"]
[2m2025-11-29T15:28:46.535891Z[0m [32m INFO[0m [2mconvenient_bitbake::pipeline[0m[2m:[0m   Recipe 'liberation-fonts' DEPENDS: ["${PATCHDEPENDENCY}", "${POPULATESYSROOTDEPS}"]
[2m2025-11-29T15:28:46.535903Z[0m [32m INFO[0m [2mconvenient_bitbake::pipeline[0m[2m:[0m   Recipe 'ttf-bitstream-vera' DEPENDS: ["${PATCHDEPENDENCY}", "${POPULATESYSROOTDEPS}"]
[2m2025-11-29T15:28:46.535914Z[0m [32m INFO[0m [2mconvenient_bitbake::pipeline[0m[2m:[0m   Recipe 'virglrenderer' DEPENDS: ["${PATCHDEPENDENCY}", "${POPULATESYSROOTDEPS}", "libdrm", "libepoxy", "virtual/egl", "virtual/libgbm"]
[2m2025-11-29T15:28:46.535925Z[0m [32m INFO[0m [2mconvenient_bitbake::pipeline[0m[2m:[0m   Recipe 'vulkan-headers' DEPENDS: ["${PATCHDEPENDENCY}", "${POPULATESYSROOTDEPS}"]
[2m2025-11-29T15:28:46.535939Z[0m [32m INFO[0m [2mconvenient_bitbake::pipeline[0m[2m:[0m   Recipe 'vulkan-loader' DEPENDS: ["${PATCHDEPENDENCY}", "${POPULATESYSROOTDEPS}", "vulkan-headers"]
[2m2025-11-29T15:28:46.535951Z[0m [32m INFO[0m [2mconvenient_bitbake::pipeline[0m[2m:[0m   Recipe 'vulkan-samples' DEPENDS: ["${PATCHDEPENDENCY}", "${POPULATESYSROOTDEPS}"]
[2m2025-11-29T15:28:46.535974Z[0m [32m INFO[0m [2mconvenient_bitbake::pipeline[0m[2m:[0m   Recipe 'vulkan-tools' DEPENDS: ["${PATCHDEPENDENCY}", "${POPULATESYSROOTDEPS}", "vulkan-headers", "vulkan-loader"]
[2m2025-11-29T15:28:46.535986Z[0m [32m INFO[0m [2mconvenient_bitbake::pipeline[0m[2m:[0m   Recipe 'waffle' DEPENDS: ["${PATCHDEPENDENCY}", "${POPULATESYSROOTDEPS}", "python3"]
[2m2025-11-29T15:28:46.535997Z[0m [32m INFO[0m [2mconvenient_bitbake::pipeline[0m[2m:[0m   Recipe 'libinput' DEPENDS: ["${PATCHDEPENDENCY}", "${POPULATESYSROOTDEPS}", "libcheck", "libevdev", "mtdev", "udev"]
[2m2025-11-29T15:28:46.536020Z[0m [32m INFO[0m [2mconvenient_bitbake::pipeline[0m[2m:[0m   Recipe 'mtdev' DEPENDS: ["${PATCHDEPENDENCY}", "${POPULATESYSROOTDEPS}"]
[2m2025-11-29T15:28:46.536031Z[0m [32m INFO[0m [2mconvenient_bitbake::pipeline[0m[2m:[0m   Recipe 'wayland-protocols' DEPENDS: ["${PATCHDEPENDENCY}", "${POPULATESYSROOTDEPS}"]
[2m2025-11-29T15:28:46.536050Z[0m [32m INFO[0m [2mconvenient_bitbake::pipeline[0m[2m:[0m   Recipe 'wayland-utils' DEPENDS: ["${PATCHDEPENDENCY}", "${POPULATESYSROOTDEPS}", "wayland", "wayland-native", "wayland-protocols"]
[2m2025-11-29T15:28:46.536062Z[0m [32m INFO[0m [2mconvenient_bitbake::pipeline[0m[2m:[0m   Recipe 'wayland' DEPENDS: ["${PATCHDEPENDENCY}", "${POPULATESYSROOTDEPS}", "expat", "libffi", "libxml2", "wayland-native"]
[2m2025-11-29T15:28:46.536073Z[0m [32m INFO[0m [2mconvenient_bitbake::pipeline[0m[2m:[0m   Recipe 'weston-init' DEPENDS: ["${PATCHDEPENDENCY}", "${POPULATESYSROOTDEPS}", "${USERADDSETSCENEDEPS}"]
[2m2025-11-29T15:28:46.536083Z[0m [32m INFO[0m [2mconvenient_bitbake::pipeline[0m[2m:[0m   Recipe 'weston' DEPENDS: ["${PATCHDEPENDENCY}", "${POPULATESYSROOTDEPS}", "${USERADDSETSCENEDEPS}", "cairo", "gdk-pixbuf", "glib-2.0", "jpeg", "libinput", "libxkbcommon", "pango", "pixman", "virtual/egl", "virtual/libgles2", "wayland", "wayland-native", "wayland-protocols"]
[2m2025-11-29T15:28:46.536100Z[0m [32m INFO[0m [2mconvenient_bitbake::pipeline[0m[2m:[0m   Recipe 'xserver-nodm-init' DEPENDS: ["${PATCHDEPENDENCY}", "${POPULATESYSROOTDEPS}"]
[2m2025-11-29T15:28:46.536117Z[0m [32m INFO[0m [2mconvenient_bitbake::pipeline[0m[2m:[0m   Recipe 'xcursor-transparent-theme' DEPENDS: ["${PATCHDEPENDENCY}", "${POPULATESYSROOTDEPS}"]
[2m2025-11-29T15:28:46.536134Z[0m [32m INFO[0m [2mconvenient_bitbake::pipeline[0m[2m:[0m   Recipe 'pointercal-xinput' DEPENDS: ["${PATCHDEPENDENCY}", "${POPULATESYSROOTDEPS}"]
[2m2025-11-29T15:28:46.536149Z[0m [32m INFO[0m [2mconvenient_bitbake::pipeline[0m[2m:[0m   Recipe 'xinput-calibrator' DEPENDS: ["${PATCHDEPENDENCY}", "${POPULATESYSROOTDEPS}", "libxi", "libxrandr", "virtual/libx11"]
[2m2025-11-29T15:28:46.536161Z[0m [32m INFO[0m [2mconvenient_bitbake::pipeline[0m[2m:[0m   Recipe 'mkfontscale' DEPENDS: ["${PATCHDEPENDENCY}", "${POPULATESYSROOTDEPS}", "freetype", "libfontenc", "util-macros-native", "xorgproto", "zlib"]
[2m2025-11-29T15:28:46.536174Z[0m [32m INFO[0m [2mconvenient_bitbake::pipeline[0m[2m:[0m   Recipe 'rgb' DEPENDS: ["${PATCHDEPENDENCY}", "${POPULATESYSROOTDEPS}", "util-macros", "util-macros-native", "virtual/libx11", "xorgproto"]
[2m2025-11-29T15:28:46.536197Z[0m [32m INFO[0m [2mconvenient_bitbake::pipeline[0m[2m:[0m   Recipe 'x11perf' DEPENDS: ["${PATCHDEPENDENCY}", "${POPULATESYSROOTDEPS}", "fontconfig", "libxext", "libxft", "libxmu", "libxrender", "util-macros-native", "virtual/libx11"]
[2m2025-11-29T15:28:46.536209Z[0m [32m INFO[0m [2mconvenient_bitbake::pipeline[0m[2m:[0m   Recipe 'xauth' DEPENDS: ["${PATCHDEPENDENCY}", "${POPULATESYSROOTDEPS}", "libxau", "libxext", "libxmu", "util-macros-native", "virtual/libx11"]
[2m2025-11-29T15:28:46.536232Z[0m [32m INFO[0m [2mconvenient_bitbake::pipeline[0m[2m:[0m   Recipe 'xdpyinfo' DEPENDS: ["${PATCHDEPENDENCY}", "${POPULATESYSROOTDEPS}", "libdmx", "libxau", "libxcomposite", "libxext", "libxi", "libxinerama", "libxrender", "libxtst", "libxxf86vm", "util-macros-native", "virtual/libx11"]
[2m2025-11-29T15:28:46.536252Z[0m [32m INFO[0m [2mconvenient_bitbake::pipeline[0m[2m:[0m   Recipe 'xev' DEPENDS: ["${PATCHDEPENDENCY}", "${POPULATESYSROOTDEPS}", "libxrandr", "util-macros-native", "virtual/libx11", "xorgproto"]
[2m2025-11-29T15:28:46.536285Z[0m [32m INFO[0m [2mconvenient_bitbake::pipeline[0m[2m:[0m   Recipe 'xeyes' DEPENDS: ["${PATCHDEPENDENCY}", "${POPULATESYSROOTDEPS}", "libxau", "libxext", "libxi", "libxmu", "libxrender", "libxt", "util-macros-native", "virtual/libx11"]
[2m2025-11-29T15:28:46.536309Z[0m [32m INFO[0m [2mconvenient_bitbake::pipeline[0m[2m:[0m   Recipe 'xhost' DEPENDS: ["${PATCHDEPENDENCY}", "${POPULATESYSROOTDEPS}", "libxau", "libxmu", "util-macros-native", "virtual/libx11"]
[2m2025-11-29T15:28:46.536324Z[0m [32m INFO[0m [2mconvenient_bitbake::pipeline[0m[2m:[0m   Recipe 'xinit' DEPENDS: ["${PATCHDEPENDENCY}", "${POPULATESYSROOTDEPS}", "util-macros-native", "virtual/libx11"]
[2m2025-11-29T15:28:46.536338Z[0m [32m INFO[0m [2mconvenient_bitbake::pipeline[0m[2m:[0m   Recipe 'xinput' DEPENDS: ["${PATCHDEPENDENCY}", "${POPULATESYSROOTDEPS}", "libxi", "libxinerama", "libxrandr", "util-macros-native", "virtual/libx11"]
[2m2025-11-29T15:28:46.536356Z[0m [32m INFO[0m [2mconvenient_bitbake::pipeline[0m[2m:[0m   Recipe 'xkbcomp' DEPENDS: ["${PATCHDEPENDENCY}", "${POPULATESYSROOTDEPS}", "libxkbfile", "util-macros-native", "virtual/libx11"]
[2m2025-11-29T15:28:46.536382Z[0m [32m INFO[0m [2mconvenient_bitbake::pipeline[0m[2m:[0m   Recipe 'xmodmap' DEPENDS: ["${PATCHDEPENDENCY}", "${POPULATESYSROOTDEPS}", "util-macros-native", "virtual/libx11"]
[2m2025-11-29T15:28:46.536412Z[0m [32m INFO[0m [2mconvenient_bitbake::pipeline[0m[2m:[0m   Recipe 'xprop' DEPENDS: ["${PATCHDEPENDENCY}", "${POPULATESYSROOTDEPS}", "libxmu", "util-macros-native", "virtual/libx11"]
[2m2025-11-29T15:28:46.536435Z[0m [32m INFO[0m [2mconvenient_bitbake::pipeline[0m[2m:[0m   Recipe 'xrandr' DEPENDS: ["${PATCHDEPENDENCY}", "${POPULATESYSROOTDEPS}", "libxrandr", "libxrender", "util-macros-native", "virtual/libx11"]
[2m2025-11-29T15:28:46.536453Z[0m [32m INFO[0m [2mconvenient_bitbake::pipeline[0m[2m:[0m   Recipe 'xset' DEPENDS: ["${PATCHDEPENDENCY}", "${POPULATESYSROOTDEPS}", "libxau", "libxext", "libxmu", "util-macros-native", "virtual/libx11"]
[2m2025-11-29T15:28:46.536467Z[0m [32m INFO[0m [2mconvenient_bitbake::pipeline[0m[2m:[0m   Recipe 'xvinfo' DEPENDS: ["${PATCHDEPENDENCY}", "${POPULATESYSROOTDEPS}", "libxv", "util-macros-native", "virtual/libx11"]
[2m2025-11-29T15:28:46.536478Z[0m [32m INFO[0m [2mconvenient_bitbake::pipeline[0m[2m:[0m   Recipe 'xwininfo' DEPENDS: ["${PATCHDEPENDENCY}", "${POPULATESYSROOTDEPS}", "gettext-native", "libxext", "libxmu", "util-macros-native", "virtual/libx11"]
[2m2025-11-29T15:28:46.536495Z[0m [32m INFO[0m [2mconvenient_bitbake::pipeline[0m[2m:[0m   Recipe 'xf86-input-evdev' DEPENDS: ["${PATCHDEPENDENCY}", "${POPULATESYSROOTDEPS}", "libevdev", "mtdev", "util-macros", "virtual/xserver", "xorgproto"]
[2m2025-11-29T15:28:46.536509Z[0m [32m INFO[0m [2mconvenient_bitbake::pipeline[0m[2m:[0m   Recipe 'xf86-input-keyboard' DEPENDS: ["${PATCHDEPENDENCY}", "${POPULATESYSROOTDEPS}", "util-macros", "virtual/xserver", "xorgproto"]
[2m2025-11-29T15:28:46.536530Z[0m [32m INFO[0m [2mconvenient_bitbake::pipeline[0m[2m:[0m   Recipe 'xf86-input-libinput' DEPENDS: ["${PATCHDEPENDENCY}", "${POPULATESYSROOTDEPS}", "libinput", "util-macros", "virtual/xserver", "xorgproto"]
[2m2025-11-29T15:28:46.536544Z[0m [32m INFO[0m [2mconvenient_bitbake::pipeline[0m[2m:[0m   Recipe 'xf86-input-mouse' DEPENDS: ["${PATCHDEPENDENCY}", "${POPULATESYSROOTDEPS}", "util-macros", "virtual/xserver", "xorgproto"]
[2m2025-11-29T15:28:46.536560Z[0m [32m INFO[0m [2mconvenient_bitbake::pipeline[0m[2m:[0m   Recipe 'xf86-input-synaptics' DEPENDS: ["${PATCHDEPENDENCY}", "${POPULATESYSROOTDEPS}", "libevdev", "libxi", "libxtst", "mtdev", "util-macros", "virtual/xserver", "xorgproto"]
[2m2025-11-29T15:28:46.536581Z[0m [32m INFO[0m [2mconvenient_bitbake::pipeline[0m[2m:[0m   Recipe 'xf86-input-vmmouse' DEPENDS: ["${PATCHDEPENDENCY}", "${POPULATESYSROOTDEPS}", "util-macros", "virtual/xserver", "xorgproto"]
[2m2025-11-29T15:28:46.536595Z[0m [32m INFO[0m [2mconvenient_bitbake::pipeline[0m[2m:[0m   Recipe 'xf86-video-cirrus' DEPENDS: ["${PATCHDEPENDENCY}", "${POPULATESYSROOTDEPS}", "libpciaccess", "util-macros", "virtual/xserver", "xorgproto"]
[2m2025-11-29T15:28:46.536627Z[0m [32m INFO[0m [2mconvenient_bitbake::pipeline[0m[2m:[0m   Recipe 'xf86-video-fbdev' DEPENDS: ["${PATCHDEPENDENCY}", "${POPULATESYSROOTDEPS}", "util-macros", "virtual/xserver", "xorgproto"]
[2m2025-11-29T15:28:46.536646Z[0m [32m INFO[0m [2mconvenient_bitbake::pipeline[0m[2m:[0m   Recipe 'xf86-video-intel' DEPENDS: ["${PATCHDEPENDENCY}", "${POPULATESYSROOTDEPS}", "cairo", "drm", "libpciaccess", "libpng", "libxcb", "libxcomposite", "libxdamage", "libxext", "libxfixes", "libxrandr", "libxrender", "libxvmc", "pixman", "udev", "util-macros", "virtual/libx11", "virtual/xserver", "xcb-util", "xorgproto"]
[2m2025-11-29T15:28:46.536665Z[0m [32m INFO[0m [2mconvenient_bitbake::pipeline[0m[2m:[0m   Recipe 'xf86-video-vesa' DEPENDS: ["${PATCHDEPENDENCY}", "${POPULATESYSROOTDEPS}", "libpciaccess", "util-macros", "virtual/libx11", "virtual/xserver", "xorgproto"]
[2m2025-11-29T15:28:46.536680Z[0m [32m INFO[0m [2mconvenient_bitbake::pipeline[0m[2m:[0m   Recipe 'xf86-video-vmware' DEPENDS: ["${PATCHDEPENDENCY}", "${POPULATESYSROOTDEPS}", "libpciaccess", "util-macros", "virtual/libx11", "virtual/xserver", "xorgproto"]
[2m2025-11-29T15:28:46.536695Z[0m [32m INFO[0m [2mconvenient_bitbake::pipeline[0m[2m:[0m   Recipe 'encodings' DEPENDS: ["${PATCHDEPENDENCY}", "${POPULATESYSROOTDEPS}", "font-util-native", "mkfontdir-native", "mkfontscale-native"]
[2m2025-11-29T15:28:46.536707Z[0m [32m INFO[0m [2mconvenient_bitbake::pipeline[0m[2m:[0m   Recipe 'font-alias' DEPENDS: ["${PATCHDEPENDENCY}", "${POPULATESYSROOTDEPS}", "font-util-native", "util-macros-native"]
[2m2025-11-29T15:28:46.536718Z[0m [32m INFO[0m [2mconvenient_bitbake::pipeline[0m[2m:[0m   Recipe 'font-util' DEPENDS: ["${PATCHDEPENDENCY}", "${POPULATESYSROOTDEPS}", "encodings", "util-macros"]
[2m2025-11-29T15:28:46.536732Z[0m [32m INFO[0m [2mconvenient_bitbake::pipeline[0m[2m:[0m   Recipe 'xorg-minimal-fonts' DEPENDS: ["${PATCHDEPENDENCY}", "${POPULATESYSROOTDEPS}"]
[2m2025-11-29T15:28:46.536744Z[0m [32m INFO[0m [2mconvenient_bitbake::pipeline[0m[2m:[0m   Recipe 'libdmx' DEPENDS: ["${PATCHDEPENDENCY}", "${POPULATESYSROOTDEPS}", "libxext", "util-macros", "xorgproto"]
[2m2025-11-29T15:28:46.536762Z[0m [32m INFO[0m [2mconvenient_bitbake::pipeline[0m[2m:[0m   Recipe 'libfontenc' DEPENDS: ["${PATCHDEPENDENCY}", "${POPULATESYSROOTDEPS}", "font-util", "util-macros", "xorgproto", "zlib"]
[2m2025-11-29T15:28:46.536779Z[0m [32m INFO[0m [2mconvenient_bitbake::pipeline[0m[2m:[0m   Recipe 'libice' DEPENDS: ["${PATCHDEPENDENCY}", "${POPULATESYSROOTDEPS}", "util-macros", "xorgproto", "xtrans"]
[2m2025-11-29T15:28:46.536818Z[0m [32m INFO[0m [2mconvenient_bitbake::pipeline[0m[2m:[0m   Recipe 'libpciaccess' DEPENDS: ["${PATCHDEPENDENCY}", "${POPULATESYSROOTDEPS}", "util-macros"]
[2m2025-11-29T15:28:46.536834Z[0m [32m INFO[0m [2mconvenient_bitbake::pipeline[0m[2m:[0m   Recipe 'libpthread-stubs' DEPENDS: ["${PATCHDEPENDENCY}", "${POPULATESYSROOTDEPS}"]
[2m2025-11-29T15:28:46.536847Z[0m [32m INFO[0m [2mconvenient_bitbake::pipeline[0m[2m:[0m   Recipe 'libsm' DEPENDS: ["${PATCHDEPENDENCY}", "${POPULATESYSROOTDEPS}", "libice", "util-macros", "xorgproto", "xtrans"]
[2m2025-11-29T15:28:46.536859Z[0m [32m INFO[0m [2mconvenient_bitbake::pipeline[0m[2m:[0m   Recipe 'libx11-compose-data' DEPENDS: ["${PATCHDEPENDENCY}", "${POPULATESYSROOTDEPS}", "util-macros"]
[2m2025-11-29T15:28:46.536871Z[0m [32m INFO[0m [2mconvenient_bitbake::pipeline[0m[2m:[0m   Recipe 'libx11' DEPENDS: ["${PATCHDEPENDENCY}", "${POPULATESYSROOTDEPS}", "autoconf-archive", "libxcb", "util-macros", "xorgproto", "xorgproto-native", "xtrans"]
[2m2025-11-29T15:28:46.536893Z[0m [32m INFO[0m [2mconvenient_bitbake::pipeline[0m[2m:[0m   Recipe 'libxau' DEPENDS: ["${PATCHDEPENDENCY}", "${POPULATESYSROOTDEPS}", "util-macros", "xorgproto"]
[2m2025-11-29T15:28:46.536908Z[0m [32m INFO[0m [2mconvenient_bitbake::pipeline[0m[2m:[0m   Recipe 'libxcb' DEPENDS: ["${PATCHDEPENDENCY}", "${POPULATESYSROOTDEPS}", "libpthread-stubs", "libxau", "libxdmcp", "xcb-proto", "xorgproto"]
[2m2025-11-29T15:28:46.536926Z[0m [32m INFO[0m [2mconvenient_bitbake::pipeline[0m[2m:[0m   Recipe 'libxcomposite' DEPENDS: ["${PATCHDEPENDENCY}", "${POPULATESYSROOTDEPS}", "libxext", "libxfixes", "util-macros", "virtual/libx11", "xorgproto"]
[2m2025-11-29T15:28:46.536938Z[0m [32m INFO[0m [2mconvenient_bitbake::pipeline[0m[2m:[0m   Recipe 'libxcursor' DEPENDS: ["${PATCHDEPENDENCY}", "${POPULATESYSROOTDEPS}", "libxfixes", "libxrender", "util-macros"]
[2m2025-11-29T15:28:46.536951Z[0m [32m INFO[0m [2mconvenient_bitbake::pipeline[0m[2m:[0m   Recipe 'libxcvt' DEPENDS: ["${PATCHDEPENDENCY}", "${POPULATESYSROOTDEPS}"]
[2m2025-11-29T15:28:46.536963Z[0m [32m INFO[0m [2mconvenient_bitbake::pipeline[0m[2m:[0m   Recipe 'libxdamage' DEPENDS: ["${PATCHDEPENDENCY}", "${POPULATESYSROOTDEPS}", "libxfixes", "util-macros", "virtual/libx11", "xorgproto"]
[2m2025-11-29T15:28:46.536990Z[0m [32m INFO[0m [2mconvenient_bitbake::pipeline[0m[2m:[0m   Recipe 'libxdmcp' DEPENDS: ["${PATCHDEPENDENCY}", "${POPULATESYSROOTDEPS}", "util-macros", "xorgproto"]
[2m2025-11-29T15:28:46.537008Z[0m [32m INFO[0m [2mconvenient_bitbake::pipeline[0m[2m:[0m   Recipe 'libxext' DEPENDS: ["${PATCHDEPENDENCY}", "${POPULATESYSROOTDEPS}", "util-macros", "virtual/libx11", "xorgproto"]
[2m2025-11-29T15:28:46.537021Z[0m [32m INFO[0m [2mconvenient_bitbake::pipeline[0m[2m:[0m   Recipe 'libxfixes' DEPENDS: ["${PATCHDEPENDENCY}", "${POPULATESYSROOTDEPS}", "util-macros", "virtual/libx11", "xorgproto"]
[2m2025-11-29T15:28:46.537032Z[0m [32m INFO[0m [2mconvenient_bitbake::pipeline[0m[2m:[0m   Recipe 'libxfont2' DEPENDS: ["${PATCHDEPENDENCY}", "${POPULATESYSROOTDEPS}", "freetype", "libfontenc", "util-macros", "xorgproto", "xtrans", "zlib"]
[2m2025-11-29T15:28:46.537044Z[0m [32m INFO[0m [2mconvenient_bitbake::pipeline[0m[2m:[0m   Recipe 'libxfont' DEPENDS: ["${PATCHDEPENDENCY}", "${POPULATESYSROOTDEPS}", "freetype", "libfontenc", "util-macros", "xorgproto", "xtrans", "zlib"]
[2m2025-11-29T15:28:46.537061Z[0m [32m INFO[0m [2mconvenient_bitbake::pipeline[0m[2m:[0m   Recipe 'libxft' DEPENDS: ["${PATCHDEPENDENCY}", "${POPULATESYSROOTDEPS}", "fontconfig", "freetype", "libxrender", "util-macros", "virtual/libx11"]
[2m2025-11-29T15:28:46.537077Z[0m [32m INFO[0m [2mconvenient_bitbake::pipeline[0m[2m:[0m   Recipe 'libxi' DEPENDS: ["${PATCHDEPENDENCY}", "${POPULATESYSROOTDEPS}", "libxext", "libxfixes", "util-macros", "xorgproto"]
[2m2025-11-29T15:28:46.537092Z[0m [32m INFO[0m [2mconvenient_bitbake::pipeline[0m[2m:[0m   Recipe 'libxinerama' DEPENDS: ["${PATCHDEPENDENCY}", "${POPULATESYSROOTDEPS}", "libxext", "util-macros", "xorgproto"]
[2m2025-11-29T15:28:46.537109Z[0m [32m INFO[0m [2mconvenient_bitbake::pipeline[0m[2m:[0m   Recipe 'libxkbcommon' DEPENDS: ["${PATCHDEPENDENCY}", "${POPULATESYSROOTDEPS}", "bison-native", "flex-native", "libxml2"]
[2m2025-11-29T15:28:46.537128Z[0m [32m INFO[0m [2mconvenient_bitbake::pipeline[0m[2m:[0m   Recipe 'libxkbfile' DEPENDS: ["${PATCHDEPENDENCY}", "${POPULATESYSROOTDEPS}", "util-macros", "virtual/libx11", "xorgproto"]
[2m2025-11-29T15:28:46.537152Z[0m [32m INFO[0m [2mconvenient_bitbake::pipeline[0m[2m:[0m   Recipe 'libxmu' DEPENDS: ["${PATCHDEPENDENCY}", "${POPULATESYSROOTDEPS}", "libxext", "libxt", "util-macros"]
[2m2025-11-29T15:28:46.537163Z[0m [32m INFO[0m [2mconvenient_bitbake::pipeline[0m[2m:[0m   Recipe 'libxpm' DEPENDS: ["${PATCHDEPENDENCY}", "${POPULATESYSROOTDEPS}", "gettext-native", "libsm", "libxext", "libxt", "util-macros"]
[2m2025-11-29T15:28:46.537175Z[0m [32m INFO[0m [2mconvenient_bitbake::pipeline[0m[2m:[0m   Recipe 'libxrandr' DEPENDS: ["${PATCHDEPENDENCY}", "${POPULATESYSROOTDEPS}", "libxext", "libxrender", "util-macros", "virtual/libx11", "xorgproto"]
[2m2025-11-29T15:28:46.537199Z[0m [32m INFO[0m [2mconvenient_bitbake::pipeline[0m[2m:[0m   Recipe 'libxrender' DEPENDS: ["${PATCHDEPENDENCY}", "${POPULATESYSROOTDEPS}", "util-macros", "virtual/libx11", "xorgproto"]
[2m2025-11-29T15:28:46.537220Z[0m [32m INFO[0m [2mconvenient_bitbake::pipeline[0m[2m:[0m   Recipe 'libxres' DEPENDS: ["${PATCHDEPENDENCY}", "${POPULATESYSROOTDEPS}", "libxext", "util-macros", "xorgproto"]
[2m2025-11-29T15:28:46.537233Z[0m [32m INFO[0m [2mconvenient_bitbake::pipeline[0m[2m:[0m   Recipe 'libxscrnsaver' DEPENDS: ["${PATCHDEPENDENCY}", "${POPULATESYSROOTDEPS}", "libxext", "util-macros", "xorgproto"]
[2m2025-11-29T15:28:46.537247Z[0m [32m INFO[0m [2mconvenient_bitbake::pipeline[0m[2m:[0m   Recipe 'libxshmfence' DEPENDS: ["${PATCHDEPENDENCY}", "${POPULATESYSROOTDEPS}", "util-macros", "virtual/libx11"]
[2m2025-11-29T15:28:46.537258Z[0m [32m INFO[0m [2mconvenient_bitbake::pipeline[0m[2m:[0m   Recipe 'libxt' DEPENDS: ["${PATCHDEPENDENCY}", "${POPULATESYSROOTDEPS}", "libsm", "libxcb", "libxdmcp", "util-linux", "util-macros", "virtual/libx11", "xorgproto"]
[2m2025-11-29T15:28:46.537270Z[0m [32m INFO[0m [2mconvenient_bitbake::pipeline[0m[2m:[0m   Recipe 'libxtst' DEPENDS: ["${PATCHDEPENDENCY}", "${POPULATESYSROOTDEPS}", "libxext", "libxi", "util-macros", "xorgproto"]
[2m2025-11-29T15:28:46.537282Z[0m [32m INFO[0m [2mconvenient_bitbake::pipeline[0m[2m:[0m   Recipe 'libxv' DEPENDS: ["${PATCHDEPENDENCY}", "${POPULATESYSROOTDEPS}", "libxext", "util-macros", "xorgproto"]
[2m2025-11-29T15:28:46.537297Z[0m [32m INFO[0m [2mconvenient_bitbake::pipeline[0m[2m:[0m   Recipe 'libxvmc' DEPENDS: ["${PATCHDEPENDENCY}", "${POPULATESYSROOTDEPS}", "libxext", "libxv", "util-macros", "xorgproto"]
[2m2025-11-29T15:28:46.537311Z[0m [32m INFO[0m [2mconvenient_bitbake::pipeline[0m[2m:[0m   Recipe 'libxxf86vm' DEPENDS: ["${PATCHDEPENDENCY}", "${POPULATESYSROOTDEPS}", "libxext", "util-macros", "xorgproto"]
[2m2025-11-29T15:28:46.537328Z[0m [32m INFO[0m [2mconvenient_bitbake::pipeline[0m[2m:[0m   Recipe 'pixman' DEPENDS: ["${PATCHDEPENDENCY}", "${POPULATESYSROOTDEPS}", "zlib"]
[2m2025-11-29T15:28:46.537343Z[0m [32m INFO[0m [2mconvenient_bitbake::pipeline[0m[2m:[0m   Recipe 'xcb-util-image' DEPENDS: ["${PATCHDEPENDENCY}", "${POPULATESYSROOTDEPS}", "gperf-native", "libxcb", "xcb-util"]
[2m2025-11-29T15:28:46.537354Z[0m [32m INFO[0m [2mconvenient_bitbake::pipeline[0m[2m:[0m   Recipe 'xcb-util-keysyms' DEPENDS: ["${PATCHDEPENDENCY}", "${POPULATESYSROOTDEPS}", "gperf-native", "libxcb"]
[2m2025-11-29T15:28:46.537373Z[0m [32m INFO[0m [2mconvenient_bitbake::pipeline[0m[2m:[0m   Recipe 'xcb-util-renderutil' DEPENDS: ["${PATCHDEPENDENCY}", "${POPULATESYSROOTDEPS}", "gperf-native", "libxcb"]
[2m2025-11-29T15:28:46.537390Z[0m [32m INFO[0m [2mconvenient_bitbake::pipeline[0m[2m:[0m   Recipe 'xcb-util-wm' DEPENDS: ["${PATCHDEPENDENCY}", "${POPULATESYSROOTDEPS}", "gperf-native", "libxcb"]
[2m2025-11-29T15:28:46.537407Z[0m [32m INFO[0m [2mconvenient_bitbake::pipeline[0m[2m:[0m   Recipe 'xcb-util' DEPENDS: ["${PATCHDEPENDENCY}", "${POPULATESYSROOTDEPS}", "gperf-native", "libxcb"]
[2m2025-11-29T15:28:46.537421Z[0m [32m INFO[0m [2mconvenient_bitbake::pipeline[0m[2m:[0m   Recipe 'xkeyboard-config' DEPENDS: ["${PATCHDEPENDENCY}", "${POPULATESYSROOTDEPS}", "libxslt-native", "util-macros"]
[2m2025-11-29T15:28:46.537451Z[0m [32m INFO[0m [2mconvenient_bitbake::pipeline[0m[2m:[0m   Recipe 'xtrans' DEPENDS: ["${PATCHDEPENDENCY}", "${POPULATESYSROOTDEPS}", "util-macros"]
[2m2025-11-29T15:28:46.537473Z[0m [32m INFO[0m [2mconvenient_bitbake::pipeline[0m[2m:[0m   Recipe 'xcb-proto' DEPENDS: ["${PATCHDEPENDENCY}", "${POPULATESYSROOTDEPS}"]
[2m2025-11-29T15:28:46.537501Z[0m [32m INFO[0m [2mconvenient_bitbake::pipeline[0m[2m:[0m   Recipe 'xorgproto' DEPENDS: ["${PATCHDEPENDENCY}", "${POPULATESYSROOTDEPS}"]
[2m2025-11-29T15:28:46.537529Z[0m [32m INFO[0m [2mconvenient_bitbake::pipeline[0m[2m:[0m   Recipe 'makedepend' DEPENDS: ["${PATCHDEPENDENCY}", "${POPULATESYSROOTDEPS}", "util-macros", "xorgproto"]
[2m2025-11-29T15:28:46.537543Z[0m [32m INFO[0m [2mconvenient_bitbake::pipeline[0m[2m:[0m   Recipe 'util-macros' DEPENDS: ["${PATCHDEPENDENCY}", "${POPULATESYSROOTDEPS}"]
[2m2025-11-29T15:28:46.537561Z[0m [32m INFO[0m [2mconvenient_bitbake::pipeline[0m[2m:[0m   Recipe 'xserver-xf86-config' DEPENDS: ["${PATCHDEPENDENCY}", "${POPULATESYSROOTDEPS}"]
[2m2025-11-29T15:28:46.537576Z[0m [32m INFO[0m [2mconvenient_bitbake::pipeline[0m[2m:[0m   Recipe 'xserver-xorg' DEPENDS: ["${LIB_DEPS}", "${PATCHDEPENDENCY}", "${POPULATESYSROOTDEPS}", "font-util", "udev", "xorgproto"]
[2m2025-11-29T15:28:46.537590Z[0m [32m INFO[0m [2mconvenient_bitbake::pipeline[0m[2m:[0m   Recipe 'xrestop' DEPENDS: ["${PATCHDEPENDENCY}", "${POPULATESYSROOTDEPS}", "libxext", "libxres", "ncurses", "virtual/libx11"]
[2m2025-11-29T15:28:46.537623Z[0m [32m INFO[0m [2mconvenient_bitbake::pipeline[0m[2m:[0m   Recipe 'xwayland' DEPENDS: ["${PATCHDEPENDENCY}", "${POPULATESYSROOTDEPS}", "libdrm", "libepoxy", "libxcvt", "libxfont2", "libxkbfile", "pixman", "wayland", "wayland-native", "wayland-protocols", "xorgproto", "xtrans"]
[2m2025-11-29T15:28:46.537636Z[0m [32m INFO[0m [2mconvenient_bitbake::pipeline[0m[2m:[0m   Recipe 'blktrace' DEPENDS: ["${PATCHDEPENDENCY}", "${POPULATESYSROOTDEPS}", "libaio"]
[2m2025-11-29T15:28:46.537666Z[0m [32m INFO[0m [2mconvenient_bitbake::pipeline[0m[2m:[0m   Recipe 'cryptodev-linux' DEPENDS: ["${PATCHDEPENDENCY}", "${POPULATESYSROOTDEPS}"]
[2m2025-11-29T15:28:46.537679Z[0m [32m INFO[0m [2mconvenient_bitbake::pipeline[0m[2m:[0m   Recipe 'cryptodev-module' DEPENDS: ["${PATCHDEPENDENCY}", "${POPULATESYSROOTDEPS}", "cryptodev-linux", "make-mod-scripts"]
[2m2025-11-29T15:28:46.537699Z[0m [32m INFO[0m [2mconvenient_bitbake::pipeline[0m[2m:[0m   Recipe 'cryptodev-tests' DEPENDS: ["${PATCHDEPENDENCY}", "${POPULATESYSROOTDEPS}", "openssl"]
[2m2025-11-29T15:28:46.537714Z[0m [32m INFO[0m [2mconvenient_bitbake::pipeline[0m[2m:[0m   Recipe 'dtc' DEPENDS: ["${PATCHDEPENDENCY}", "${POPULATESYSROOTDEPS}", "bison-native", "flex-native"]
[2m2025-11-29T15:28:46.537727Z[0m [32m INFO[0m [2mconvenient_bitbake::pipeline[0m[2m:[0m   Recipe 'python3-dtschema-wrapper' DEPENDS: ["${PATCHDEPENDENCY}", "${POPULATESYSROOTDEPS}"]
[2m2025-11-29T15:28:46.537739Z[0m [32m INFO[0m [2mconvenient_bitbake::pipeline[0m[2m:[0m   Recipe 'kern-tools-native' DEPENDS: ["${PATCHDEPENDENCY}", "${POPULATESYSROOTDEPS}", "git-native"]
[2m2025-11-29T15:28:46.537753Z[0m [32m INFO[0m [2mconvenient_bitbake::pipeline[0m[2m:[0m   Recipe 'kexec-tools' DEPENDS: ["${PATCHDEPENDENCY}", "${POPULATESYSROOTDEPS}", "xz", "zlib"]
[2m2025-11-29T15:28:46.537768Z[0m [32m INFO[0m [2mconvenient_bitbake::pipeline[0m[2m:[0m   Recipe 'depmodwrapper-cross' DEPENDS: ["${PATCHDEPENDENCY}", "${POPULATESYSROOTDEPS}", "kmod-native"]
[2m2025-11-29T15:28:46.537778Z[0m [32m INFO[0m [2mconvenient_bitbake::pipeline[0m[2m:[0m   Recipe 'kmod' DEPENDS: ["${PATCHDEPENDENCY}", "${POPULATESYSROOTDEPS}", "xz", "zlib"]
[2m2025-11-29T15:28:46.537795Z[0m [32m INFO[0m [2mconvenient_bitbake::pipeline[0m[2m:[0m   Recipe 'kernel-devsrc' DEPENDS: ["${PATCHDEPENDENCY}", "${POPULATESYSROOTDEPS}", "make-mod-scripts", "virtual/kernel"]
[2m2025-11-29T15:28:46.537807Z[0m [32m INFO[0m [2mconvenient_bitbake::pipeline[0m[2m:[0m   Recipe 'linux-dummy' DEPENDS: ["${PATCHDEPENDENCY}", "${POPULATESYSROOTDEPS}"]
[2m2025-11-29T15:28:46.537820Z[0m [32m INFO[0m [2mconvenient_bitbake::pipeline[0m[2m:[0m   Recipe 'linux-yocto-dev' DEPENDS: ["${@bb.utils.contains", "${PATCHDEPENDENCY}", "${POPULATESYSROOTDEPS}", "'',", "'dt-validation',", "'elfutils-native',", "'python3-dtschema-wrapper-native',", "'x86',", "d)}", "depmodwrapper-cross", "gmp-native", "gzip-native", "libmpc-native", "libyaml-native", "make-mod-scripts", "ncurses-native", "openssl-native", "util-linux-native"]
[2m2025-11-29T15:28:46.537841Z[0m [32m INFO[0m [2mconvenient_bitbake::pipeline[0m[2m:[0m   Recipe 'linux-yocto-rt' DEPENDS: ["${@bb.utils.contains", "${PATCHDEPENDENCY}", "${POPULATESYSROOTDEPS}", "'',", "'elfutils-native',", "'x86',", "d)}", "openssl-native", "util-linux-native"]
[2m2025-11-29T15:28:46.537860Z[0m [32m INFO[0m [2mconvenient_bitbake::pipeline[0m[2m:[0m   Recipe 'linux-yocto-rt' DEPENDS: ["${@bb.utils.contains", "${PATCHDEPENDENCY}", "${POPULATESYSROOTDEPS}", "'',", "'elfutils-native',", "'x86',", "d)}", "openssl-native", "util-linux-native"]
[2m2025-11-29T15:28:46.537880Z[0m [32m INFO[0m [2mconvenient_bitbake::pipeline[0m[2m:[0m   Recipe 'linux-yocto-tiny' DEPENDS: ["${@bb.utils.contains", "${PATCHDEPENDENCY}", "${POPULATESYSROOTDEPS}", "'',", "'elfutils-native',", "'x86',", "d)}", "openssl-native", "util-linux-native"]
[2m2025-11-29T15:28:46.537893Z[0m [32m INFO[0m [2mconvenient_bitbake::pipeline[0m[2m:[0m   Recipe 'linux-yocto-tiny' DEPENDS: ["${@bb.utils.contains", "${PATCHDEPENDENCY}", "${POPULATESYSROOTDEPS}", "'',", "'elfutils-native',", "'x86',", "d)}", "openssl-native", "util-linux-native"]
[2m2025-11-29T15:28:46.537909Z[0m [32m INFO[0m [2mconvenient_bitbake::pipeline[0m[2m:[0m   Recipe 'linux-yocto' DEPENDS: ["${@bb.utils.contains", "${PATCHDEPENDENCY}", "${POPULATESYSROOTDEPS}", "'',", "'elfutils-native',", "'x86',", "d)}", "gmp-native", "libmpc-native", "openssl-native", "util-linux-native"]
[2m2025-11-29T15:28:46.537927Z[0m [32m INFO[0m [2mconvenient_bitbake::pipeline[0m[2m:[0m   Recipe 'linux-yocto' DEPENDS: ["${@bb.utils.contains", "${PATCHDEPENDENCY}", "${POPULATESYSROOTDEPS}", "'',", "'elfutils-native',", "'x86',", "d)}", "gmp-native", "libmpc-native", "openssl-native", "util-linux-native"]
[2m2025-11-29T15:28:46.537946Z[0m [32m INFO[0m [2mconvenient_bitbake::pipeline[0m[2m:[0m   Recipe 'linux-firmware' DEPENDS: ["${PATCHDEPENDENCY}", "${POPULATESYSROOTDEPS}"]
[2m2025-11-29T15:28:46.537957Z[0m [32m INFO[0m [2mconvenient_bitbake::pipeline[0m[2m:[0m   Recipe 'linux-libc-headers' DEPENDS: ["${PATCHDEPENDENCY}", "${POPULATESYSROOTDEPS}", "bison-native", "rsync-native", "unifdef-native"]
[2m2025-11-29T15:28:46.537972Z[0m [32m INFO[0m [2mconvenient_bitbake::pipeline[0m[2m:[0m   Recipe 'babeltrace2' DEPENDS: ["${PATCHDEPENDENCY}", "${POPULATESYSROOTDEPS}", "asciidoc-native", "bison-native", "flex-native", "glib-2.0", "popt", "util-linux", "xmlto-native"]
[2m2025-11-29T15:28:46.537985Z[0m [32m INFO[0m [2mconvenient_bitbake::pipeline[0m[2m:[0m   Recipe 'babeltrace' DEPENDS: ["${PATCHDEPENDENCY}", "${POPULATESYSROOTDEPS}", "bison-native", "flex-native", "glib-2.0", "popt", "util-linux"]
[2m2025-11-29T15:28:46.538009Z[0m [32m INFO[0m [2mconvenient_bitbake::pipeline[0m[2m:[0m   Recipe 'lttng-modules' DEPENDS: ["${PATCHDEPENDENCY}", "${POPULATESYSROOTDEPS}", "make-mod-scripts"]
[2m2025-11-29T15:28:46.538023Z[0m [32m INFO[0m [2mconvenient_bitbake::pipeline[0m[2m:[0m   Recipe 'lttng-tools' DEPENDS: ["${PATCHDEPENDENCY}", "${POPULATESYSROOTDEPS}", "${USERADDSETSCENEDEPS}", "bison-native", "kmod", "liburcu", "libxml2", "popt", "util-linux"]
[2m2025-11-29T15:28:46.538036Z[0m [32m INFO[0m [2mconvenient_bitbake::pipeline[0m[2m:[0m   Recipe 'lttng-ust' DEPENDS: ["${PATCHDEPENDENCY}", "${POPULATESYSROOTDEPS}", "liburcu", "util-linux"]
[2m2025-11-29T15:28:46.538047Z[0m [32m INFO[0m [2mconvenient_bitbake::pipeline[0m[2m:[0m   Recipe 'make-mod-scripts' DEPENDS: ["${PATCHDEPENDENCY}", "${POPULATESYSROOTDEPS}", "bc-native", "bison-native", "gmp-native", "openssl-native", "virtual/kernel"]
[2m2025-11-29T15:28:46.538059Z[0m [32m INFO[0m [2mconvenient_bitbake::pipeline[0m[2m:[0m   Recipe 'modutils-initscripts' DEPENDS: ["${PATCHDEPENDENCY}", "${POPULATESYSROOTDEPS}"]
[2m2025-11-29T15:28:46.538083Z[0m [32m INFO[0m [2mconvenient_bitbake::pipeline[0m[2m:[0m   Recipe 'perf' DEPENDS: ["${POPULATESYSROOTDEPS}", "binutils", "bison-native", "elfutils", "flex-native", "libnewt", "libunwind", "perl", "python3", "python3-setuptools-native", "slang", "virtual/kernel", "virtual/libc", "xz"]
[2m2025-11-29T15:28:46.538100Z[0m [32m INFO[0m [2mconvenient_bitbake::pipeline[0m[2m:[0m   Recipe 'powertop' DEPENDS: ["${PATCHDEPENDENCY}", "${POPULATESYSROOTDEPS}", "autoconf-archive", "libnl", "ncurses", "pciutils"]
[2m2025-11-29T15:28:46.538114Z[0m [32m INFO[0m [2mconvenient_bitbake::pipeline[0m[2m:[0m   Recipe 'systemtap-native' DEPENDS: ["${PATCHDEPENDENCY}", "${POPULATESYSROOTDEPS}", "boost", "elfutils", "json-c", "ncurses", "python3-setuptools-native", "sqlite3"]
[2m2025-11-29T15:28:46.538136Z[0m [32m INFO[0m [2mconvenient_bitbake::pipeline[0m[2m:[0m   Recipe 'systemtap-uprobes' DEPENDS: ["${PATCHDEPENDENCY}", "${POPULATESYSROOTDEPS}", "make-mod-scripts", "systemtap", "virtual/kernel"]
[2m2025-11-29T15:28:46.538157Z[0m [32m INFO[0m [2mconvenient_bitbake::pipeline[0m[2m:[0m   Recipe 'systemtap' DEPENDS: ["${PATCHDEPENDENCY}", "${POPULATESYSROOTDEPS}", "boost", "elfutils", "json-c", "ncurses", "python3-setuptools-native", "sqlite3"]
[2m2025-11-29T15:28:46.538170Z[0m [32m INFO[0m [2mconvenient_bitbake::pipeline[0m[2m:[0m   Recipe 'wireless-regdb' DEPENDS: ["${PATCHDEPENDENCY}", "${POPULATESYSROOTDEPS}"]
[2m2025-11-29T15:28:46.538180Z[0m [32m INFO[0m [2mconvenient_bitbake::pipeline[0m[2m:[0m   Recipe 'alsa-lib' DEPENDS: ["${PATCHDEPENDENCY}", "${POPULATESYSROOTDEPS}"]
[2m2025-11-29T15:28:46.538193Z[0m [32m INFO[0m [2mconvenient_bitbake::pipeline[0m[2m:[0m   Recipe 'alsa-plugins' DEPENDS: ["${PATCHDEPENDENCY}", "${POPULATESYSROOTDEPS}", "alsa-lib", "libsamplerate0", "speexdsp"]
[2m2025-11-29T15:28:46.538204Z[0m [32m INFO[0m [2mconvenient_bitbake::pipeline[0m[2m:[0m   Recipe 'alsa-tools' DEPENDS: ["${PATCHDEPENDENCY}", "${POPULATESYSROOTDEPS}", "alsa-lib", "glib-2.0"]
[2m2025-11-29T15:28:46.538219Z[0m [32m INFO[0m [2mconvenient_bitbake::pipeline[0m[2m:[0m   Recipe 'alsa-topology-conf' DEPENDS: ["${PATCHDEPENDENCY}", "${POPULATESYSROOTDEPS}"]
[2m2025-11-29T15:28:46.538234Z[0m [32m INFO[0m [2mconvenient_bitbake::pipeline[0m[2m:[0m   Recipe 'alsa-ucm-conf' DEPENDS: ["${PATCHDEPENDENCY}", "${POPULATESYSROOTDEPS}"]
[2m2025-11-29T15:28:46.538248Z[0m [32m INFO[0m [2mconvenient_bitbake::pipeline[0m[2m:[0m   Recipe 'alsa-utils-scripts' DEPENDS: ["${PATCHDEPENDENCY}", "${POPULATESYSROOTDEPS}", "alsa-lib", "libsamplerate0", "ncurses", "udev"]
[2m2025-11-29T15:28:46.538261Z[0m [32m INFO[0m [2mconvenient_bitbake::pipeline[0m[2m:[0m   Recipe 'alsa-utils' DEPENDS: ["${PATCHDEPENDENCY}", "${POPULATESYSROOTDEPS}", "alsa-lib", "libsamplerate0", "ncurses", "udev"]
[2m2025-11-29T15:28:46.538272Z[0m [32m INFO[0m [2mconvenient_bitbake::pipeline[0m[2m:[0m   Recipe 'ffmpeg' DEPENDS: ["${PATCHDEPENDENCY}", "${POPULATESYSROOTDEPS}", "alsa-lib", "bzip2", "libogg", "libtheora", "nasm-native", "xz", "zlib"]
[2m2025-11-29T15:28:46.538285Z[0m [32m INFO[0m [2mconvenient_bitbake::pipeline[0m[2m:[0m   Recipe 'flac' DEPENDS: ["${PATCHDEPENDENCY}", "${POPULATESYSROOTDEPS}", "libogg"]
[2m2025-11-29T15:28:46.538296Z[0m [32m INFO[0m [2mconvenient_bitbake::pipeline[0m[2m:[0m   Recipe 'gst-devtools' DEPENDS: ["${PATCHDEPENDENCY}", "${POPULATESYSROOTDEPS}", "glib-2.0", "glib-2.0-native", "gstreamer1.0", "gstreamer1.0-plugins-base", "json-glib"]
[2m2025-11-29T15:28:46.538309Z[0m [32m INFO[0m [2mconvenient_bitbake::pipeline[0m[2m:[0m   Recipe 'gst-examples' DEPENDS: ["${PATCHDEPENDENCY}", "${POPULATESYSROOTDEPS}", "glib-2.0", "glib-2.0-native", "gstreamer1.0", "gstreamer1.0-plugins-bad", "gstreamer1.0-plugins-base", "gtk+3", "json-glib", "libsoup-2.4"]
[2m2025-11-29T15:28:46.538325Z[0m [32m INFO[0m [2mconvenient_bitbake::pipeline[0m[2m:[0m   Recipe 'gstreamer1.0-libav' DEPENDS: ["${PATCHDEPENDENCY}", "${POPULATESYSROOTDEPS}", "ffmpeg", "gstreamer1.0", "gstreamer1.0-plugins-base"]
[2m2025-11-29T15:28:46.538348Z[0m [32m INFO[0m [2mconvenient_bitbake::pipeline[0m[2m:[0m   Recipe 'gstreamer1.0-meta-base' DEPENDS: ["${DEPENDS_BAD}", "${DEPENDS_UGLY}", "${PATCHDEPENDENCY}", "${POPULATESYSROOTDEPS}", "gstreamer1.0", "gstreamer1.0-plugins-base", "gstreamer1.0-plugins-good"]
[2m2025-11-29T15:28:46.538360Z[0m [32m INFO[0m [2mconvenient_bitbake::pipeline[0m[2m:[0m   Recipe 'gstreamer1.0-omx' DEPENDS: ["${PATCHDEPENDENCY}", "${POPULATESYSROOTDEPS}", "gstreamer1.0", "gstreamer1.0-plugins-bad", "gstreamer1.0-plugins-base", "virtual/libomxil"]
[2m2025-11-29T15:28:46.538376Z[0m [32m INFO[0m [2mconvenient_bitbake::pipeline[0m[2m:[0m   Recipe 'gstreamer1.0-plugins-bad' DEPENDS: ["${PATCHDEPENDENCY}", "${POPULATESYSROOTDEPS}", "bzip2", "cairo", "curl", "glib-2.0-native", "gstreamer1.0", "gstreamer1.0-plugins-base", "libgudev", "libsndfile1", "libusb1", "libwebp", "libxml2", "openssl", "pango", "sbc", "shaderc-native", "vulkan-loader"]
[2m2025-11-29T15:28:46.538394Z[0m [32m INFO[0m [2mconvenient_bitbake::pipeline[0m[2m:[0m   Recipe 'gstreamer1.0-plugins-base' DEPENDS: ["${PATCHDEPENDENCY}", "${POPULATESYSROOTDEPS}", "glib-2.0-native", "gstreamer1.0", "iso-codes", "jpeg", "libogg", "libpng", "libtheora", "libvorbis", "pango", "util-linux", "zlib"]
[2m2025-11-29T15:28:46.538409Z[0m [32m INFO[0m [2mconvenient_bitbake::pipeline[0m[2m:[0m   Recipe 'gstreamer1.0-plugins-good' DEPENDS: ["${PATCHDEPENDENCY}", "${POPULATESYSROOTDEPS}", "bzip2", "cairo", "flac", "gdk-pixbuf", "glib-2.0-native", "gstreamer1.0", "gstreamer1.0-plugins-base", "jpeg", "lame", "libcap", "libgudev", "libpng", "mpg123", "speex", "taglib", "zlib"]
[2m2025-11-29T15:28:46.538425Z[0m [32m INFO[0m [2mconvenient_bitbake::pipeline[0m[2m:[0m   Recipe 'gstreamer1.0-plugins-ugly' DEPENDS: ["${PATCHDEPENDENCY}", "${POPULATESYSROOTDEPS}", "glib-2.0-native", "gstreamer1.0", "gstreamer1.0-plugins-base", "liba52", "mpeg2dec"]
[2m2025-11-29T15:28:46.538439Z[0m [32m INFO[0m [2mconvenient_bitbake::pipeline[0m[2m:[0m   Recipe 'gstreamer1.0-python' DEPENDS: ["${PATCHDEPENDENCY}", "${POPULATESYSROOTDEPS}", "gstreamer1.0", "gstreamer1.0-plugins-base", "python3-pygobject"]
[2m2025-11-29T15:28:46.538455Z[0m [32m INFO[0m [2mconvenient_bitbake::pipeline[0m[2m:[0m   Recipe 'gstreamer1.0-rtsp-server' DEPENDS: ["${PATCHDEPENDENCY}", "${POPULATESYSROOTDEPS}", "gstreamer1.0", "gstreamer1.0-plugins-base"]
[2m2025-11-29T15:28:46.538469Z[0m [32m INFO[0m [2mconvenient_bitbake::pipeline[0m[2m:[0m   Recipe 'gstreamer1.0-vaapi' DEPENDS: ["${PATCHDEPENDENCY}", "${POPULATESYSROOTDEPS}", "gstreamer1.0", "gstreamer1.0-plugins-bad", "gstreamer1.0-plugins-base", "libdrm", "libva", "udev"]
[2m2025-11-29T15:28:46.538488Z[0m [32m INFO[0m [2mconvenient_bitbake::pipeline[0m[2m:[0m   Recipe 'gstreamer1.0' DEPENDS: ["${PATCHDEPENDENCY}", "${POPULATESYSROOTDEPS}", "bison-native", "flex-native", "glib-2.0", "glib-2.0-native", "libxml2"]
[2m2025-11-29T15:28:46.538502Z[0m [32m INFO[0m [2mconvenient_bitbake::pipeline[0m[2m:[0m   Recipe 'lame' DEPENDS: ["${PATCHDEPENDENCY}", "${POPULATESYSROOTDEPS}", "gettext-native", "ncurses"]
[2m2025-11-29T15:28:46.538514Z[0m [32m INFO[0m [2mconvenient_bitbake::pipeline[0m[2m:[0m   Recipe 'liba52' DEPENDS: ["${PATCHDEPENDENCY}", "${POPULATESYSROOTDEPS}"]
[2m2025-11-29T15:28:46.538529Z[0m [32m INFO[0m [2mconvenient_bitbake::pipeline[0m[2m:[0m   Recipe 'libogg' DEPENDS: ["${PATCHDEPENDENCY}", "${POPULATESYSROOTDEPS}"]
[2m2025-11-29T15:28:46.538541Z[0m [32m INFO[0m [2mconvenient_bitbake::pipeline[0m[2m:[0m   Recipe 'libomxil' DEPENDS: ["${PATCHDEPENDENCY}", "${POPULATESYSROOTDEPS}"]
[2m2025-11-29T15:28:46.538552Z[0m [32m INFO[0m [2mconvenient_bitbake::pipeline[0m[2m:[0m   Recipe 'libpng' DEPENDS: ["${PATCHDEPENDENCY}", "${POPULATESYSROOTDEPS}", "zlib"]
[2m2025-11-29T15:28:46.538566Z[0m [32m INFO[0m [2mconvenient_bitbake::pipeline[0m[2m:[0m   Recipe 'libsamplerate0' DEPENDS: ["${PATCHDEPENDENCY}", "${POPULATESYSROOTDEPS}", "libsndfile1"]
[2m2025-11-29T15:28:46.538578Z[0m [32m INFO[0m [2mconvenient_bitbake::pipeline[0m[2m:[0m   Recipe 'libsndfile1' DEPENDS: ["${PATCHDEPENDENCY}", "${POPULATESYSROOTDEPS}", "flac", "libogg", "libvorbis"]
[2m2025-11-29T15:28:46.538591Z[0m [32m INFO[0m [2mconvenient_bitbake::pipeline[0m[2m:[0m   Recipe 'libtheora' DEPENDS: ["${PATCHDEPENDENCY}", "${POPULATESYSROOTDEPS}", "libogg"]
[2m2025-11-29T15:28:46.538602Z[0m [32m INFO[0m [2mconvenient_bitbake::pipeline[0m[2m:[0m   Recipe 'tiff' DEPENDS: ["${PATCHDEPENDENCY}", "${POPULATESYSROOTDEPS}", "jpeg", "xz", "zlib"]
[2m2025-11-29T15:28:46.538615Z[0m [32m INFO[0m [2mconvenient_bitbake::pipeline[0m[2m:[0m   Recipe 'libvorbis' DEPENDS: ["${PATCHDEPENDENCY}", "${POPULATESYSROOTDEPS}", "libogg"]
[2m2025-11-29T15:28:46.538626Z[0m [32m INFO[0m [2mconvenient_bitbake::pipeline[0m[2m:[0m   Recipe 'mpeg2dec' DEPENDS: ["${PATCHDEPENDENCY}", "${POPULATESYSROOTDEPS}"]
[2m2025-11-29T15:28:46.538645Z[0m [32m INFO[0m [2mconvenient_bitbake::pipeline[0m[2m:[0m   Recipe 'mpg123' DEPENDS: ["${PATCHDEPENDENCY}", "${POPULATESYSROOTDEPS}"]
[2m2025-11-29T15:28:46.538658Z[0m [32m INFO[0m [2mconvenient_bitbake::pipeline[0m[2m:[0m   Recipe 'pulseaudio' DEPENDS: ["${PATCHDEPENDENCY}", "${POPULATESYSROOTDEPS}", "${USERADDSETSCENEDEPS}", "alsa-lib", "dbus", "glib-2.0", "glib-2.0-native", "libatomic-ops", "libcap", "libsndfile1", "libtool", "libxml-parser-perl-native", "m4-native", "speexdsp", "systemd", "udev"]
[2m2025-11-29T15:28:46.538675Z[0m [32m INFO[0m [2mconvenient_bitbake::pipeline[0m[2m:[0m   Recipe 'sbc' DEPENDS: ["${PATCHDEPENDENCY}", "${POPULATESYSROOTDEPS}", "libsndfile1"]
[2m2025-11-29T15:28:46.538686Z[0m [32m INFO[0m [2mconvenient_bitbake::pipeline[0m[2m:[0m   Recipe 'speex' DEPENDS: ["${PATCHDEPENDENCY}", "${POPULATESYSROOTDEPS}", "libogg", "speexdsp"]
[2m2025-11-29T15:28:46.538697Z[0m [32m INFO[0m [2mconvenient_bitbake::pipeline[0m[2m:[0m   Recipe 'speexdsp' DEPENDS: ["${PATCHDEPENDENCY}", "${POPULATESYSROOTDEPS}"]
[2m2025-11-29T15:28:46.538708Z[0m [32m INFO[0m [2mconvenient_bitbake::pipeline[0m[2m:[0m   Recipe 'libwebp' DEPENDS: ["${PATCHDEPENDENCY}", "${POPULATESYSROOTDEPS}"]
[2m2025-11-29T15:28:46.538719Z[0m [32m INFO[0m [2mconvenient_bitbake::pipeline[0m[2m:[0m   Recipe 'x264' DEPENDS: ["${PATCHDEPENDENCY}", "${POPULATESYSROOTDEPS}", "nasm-native"]
[2m2025-11-29T15:28:46.538729Z[0m [32m INFO[0m [2mconvenient_bitbake::pipeline[0m[2m:[0m   Recipe 'core-image-rt-sdk' DEPENDS: ["${PATCHDEPENDENCY}", "${POPULATESYSROOTDEPS}", "linux-yocto-rt"]
[2m2025-11-29T15:28:46.538741Z[0m [32m INFO[0m [2mconvenient_bitbake::pipeline[0m[2m:[0m   Recipe 'core-image-rt' DEPENDS: ["${PATCHDEPENDENCY}", "${POPULATESYSROOTDEPS}", "linux-yocto-rt"]
[2m2025-11-29T15:28:46.538751Z[0m [32m INFO[0m [2mconvenient_bitbake::pipeline[0m[2m:[0m   Recipe 'hwlatdetect' DEPENDS: ["${PATCHDEPENDENCY}", "${POPULATESYSROOTDEPS}"]
[2m2025-11-29T15:28:46.538764Z[0m [32m INFO[0m [2mconvenient_bitbake::pipeline[0m[2m:[0m   Recipe 'rt-tests' DEPENDS: ["${PATCHDEPENDENCY}", "${POPULATESYSROOTDEPS}", "linux-libc-headers", "numactl", "virtual/libc"]
[2m2025-11-29T15:28:46.538782Z[0m [32m INFO[0m [2mconvenient_bitbake::pipeline[0m[2m:[0m   Recipe 'core-image-sato-dev' DEPENDS: ["\"do_packagedata", "${KERNEL_DEPLOY_DEPEND}", "${PATCHDEPENDENCY}", "${POPULATESYSROOTDEPS}", "+=", "do_rootfs[recrdeptask]"]
[2m2025-11-29T15:28:46.538817Z[0m [32m INFO[0m [2mconvenient_bitbake::pipeline[0m[2m:[0m   Recipe 'core-image-sato-sdk' DEPENDS: ["\"do_packagedata", "${KERNEL_DEPLOY_DEPEND}", "${PATCHDEPENDENCY}", "${POPULATESYSROOTDEPS}", "+=", "do_rootfs[recrdeptask]"]
[2m2025-11-29T15:28:46.538831Z[0m [32m INFO[0m [2mconvenient_bitbake::pipeline[0m[2m:[0m   Recipe 'core-image-sato' DEPENDS: ["\"do_packagedata", "${KERNEL_DEPLOY_DEPEND}", "${PATCHDEPENDENCY}", "${POPULATESYSROOTDEPS}", "+=", "do_rootfs[recrdeptask]"]
[2m2025-11-29T15:28:46.538846Z[0m [32m INFO[0m [2mconvenient_bitbake::pipeline[0m[2m:[0m   Recipe 'l3afpad' DEPENDS: ["${PATCHDEPENDENCY}", "${POPULATESYSROOTDEPS}", "gettext-native", "gtk+3", "intltool-native"]
[2m2025-11-29T15:28:46.538858Z[0m [32m INFO[0m [2mconvenient_bitbake::pipeline[0m[2m:[0m   Recipe 'libptytty' DEPENDS: ["${PATCHDEPENDENCY}", "${POPULATESYSROOTDEPS}"]
[2m2025-11-29T15:28:46.538868Z[0m [32m INFO[0m [2mconvenient_bitbake::pipeline[0m[2m:[0m   Recipe 'matchbox-config-gtk' DEPENDS: ["${PATCHDEPENDENCY}", "${POPULATESYSROOTDEPS}", "gconf", "gtk+3"]
[2m2025-11-29T15:28:46.538883Z[0m [32m INFO[0m [2mconvenient_bitbake::pipeline[0m[2m:[0m   Recipe 'matchbox-desktop' DEPENDS: ["${PATCHDEPENDENCY}", "${POPULATESYSROOTDEPS}", "dbus", "gtk+3", "startup-notification"]
[2m2025-11-29T15:28:46.538895Z[0m [32m INFO[0m [2mconvenient_bitbake::pipeline[0m[2m:[0m   Recipe 'matchbox-keyboard' DEPENDS: ["${PATCHDEPENDENCY}", "${POPULATESYSROOTDEPS}", "expat", "gtk+3", "libfakekey", "libxft", "matchbox-panel-2"]
[2m2025-11-29T15:28:46.538907Z[0m [32m INFO[0m [2mconvenient_bitbake::pipeline[0m[2m:[0m   Recipe 'matchbox-panel-2' DEPENDS: ["\"\",d)}", "\"acpi\",", "\"apm\",", "\"apmd\",", "\"libacpi\",", "${@bb.utils.contains", "${PATCHDEPENDENCY}", "${POPULATESYSROOTDEPS}", "dbus", "dbus-glib", "dbus-glib-native", "gtk+3", "startup-notification"]
[2m2025-11-29T15:28:46.538924Z[0m [32m INFO[0m [2mconvenient_bitbake::pipeline[0m[2m:[0m   Recipe 'matchbox-session-sato' DEPENDS: ["${PATCHDEPENDENCY}", "${POPULATESYSROOTDEPS}"]
[2m2025-11-29T15:28:46.538934Z[0m [32m INFO[0m [2mconvenient_bitbake::pipeline[0m[2m:[0m   Recipe 'matchbox-terminal' DEPENDS: ["${PATCHDEPENDENCY}", "${POPULATESYSROOTDEPS}", "gtk+3", "vte"]
[2m2025-11-29T15:28:46.538951Z[0m [32m INFO[0m [2mconvenient_bitbake::pipeline[0m[2m:[0m   Recipe 'matchbox-theme-sato' DEPENDS: ["${PATCHDEPENDENCY}", "${POPULATESYSROOTDEPS}", "matchbox-wm"]
[2m2025-11-29T15:28:46.538968Z[0m [32m INFO[0m [2mconvenient_bitbake::pipeline[0m[2m:[0m   Recipe 'packagegroup-core-x11-sato' DEPENDS: ["${PATCHDEPENDENCY}", "${POPULATESYSROOTDEPS}"]
[2m2025-11-29T15:28:46.538980Z[0m [32m INFO[0m [2mconvenient_bitbake::pipeline[0m[2m:[0m   Recipe 'pcmanfm' DEPENDS: ["${PATCHDEPENDENCY}", "${POPULATESYSROOTDEPS}", "gettext-native", "glib-2.0-native", "gtk+3", "intltool-native", "libfm", "startup-notification"]
[2m2025-11-29T15:28:46.538995Z[0m [32m INFO[0m [2mconvenient_bitbake::pipeline[0m[2m:[0m   Recipe 'pulseaudio-client-conf-sato' DEPENDS: ["${PATCHDEPENDENCY}", "${POPULATESYSROOTDEPS}"]
[2m2025-11-29T15:28:46.539007Z[0m [32m INFO[0m [2mconvenient_bitbake::pipeline[0m[2m:[0m   Recipe 'puzzles' DEPENDS: ["${PATCHDEPENDENCY}", "${POPULATESYSROOTDEPS}", "gtk+3"]
[2m2025-11-29T15:28:46.539018Z[0m [32m INFO[0m [2mconvenient_bitbake::pipeline[0m[2m:[0m   Recipe 'rxvt-unicode' DEPENDS: ["${PATCHDEPENDENCY}", "${POPULATESYSROOTDEPS}", "gdk-pixbuf", "libptytty", "libxft", "libxmu", "libxt", "virtual/libx11"]
[2m2025-11-29T15:28:46.539034Z[0m [32m INFO[0m [2mconvenient_bitbake::pipeline[0m[2m:[0m   Recipe 'sato-screenshot' DEPENDS: ["${PATCHDEPENDENCY}", "${POPULATESYSROOTDEPS}", "gtk+3", "matchbox-panel-2"]
[2m2025-11-29T15:28:46.539045Z[0m [32m INFO[0m [2mconvenient_bitbake::pipeline[0m[2m:[0m   Recipe 'settings-daemon' DEPENDS: ["${PATCHDEPENDENCY}", "${POPULATESYSROOTDEPS}", "gconf", "glib-2.0", "gtk+3"]
[2m2025-11-29T15:28:46.539056Z[0m [32m INFO[0m [2mconvenient_bitbake::pipeline[0m[2m:[0m   Recipe 'shutdown-desktop' DEPENDS: ["${PATCHDEPENDENCY}", "${POPULATESYSROOTDEPS}"]
[2m2025-11-29T15:28:46.539066Z[0m [32m INFO[0m [2mconvenient_bitbake::pipeline[0m[2m:[0m   Recipe 'libwpe' DEPENDS: ["${PATCHDEPENDENCY}", "${POPULATESYSROOTDEPS}", "libxkbcommon", "virtual/egl"]
[2m2025-11-29T15:28:46.539082Z[0m [32m INFO[0m [2mconvenient_bitbake::pipeline[0m[2m:[0m   Recipe 'webkitgtk' DEPENDS: ["${PATCHDEPENDENCY}", "${POPULATESYSROOTDEPS}", "atk", "cairo", "enchant2", "gperf-native", "gstreamer1.0", "gstreamer1.0-plugins-base", "gtk+3", "harfbuzz", "jpeg", "libnotify", "libsecret", "libtasn1", "libwebp", "libwpe", "libxslt", "ruby-native", "wayland", "wayland-native", "wpebackend-fdo"]
[2m2025-11-29T15:28:46.539112Z[0m [32m INFO[0m [2mconvenient_bitbake::pipeline[0m[2m:[0m   Recipe 'wpebackend-fdo' DEPENDS: ["${PATCHDEPENDENCY}", "${POPULATESYSROOTDEPS}", "glib-2.0", "libepoxy", "libwpe", "libxkbcommon", "virtual/egl", "wayland", "wayland-native"]
[2m2025-11-29T15:28:46.539125Z[0m [32m INFO[0m [2mconvenient_bitbake::pipeline[0m[2m:[0m   Recipe 'apr-util' DEPENDS: ["${PATCHDEPENDENCY}", "${POPULATESYSROOTDEPS}", "apr", "expat", "gdbm", "openssl"]
[2m2025-11-29T15:28:46.539136Z[0m [32m INFO[0m [2mconvenient_bitbake::pipeline[0m[2m:[0m   Recipe 'apr' DEPENDS: ["${PATCHDEPENDENCY}", "${POPULATESYSROOTDEPS}", "util-linux"]
[2m2025-11-29T15:28:46.539146Z[0m [32m INFO[0m [2mconvenient_bitbake::pipeline[0m[2m:[0m   Recipe 'argp-standalone' DEPENDS: ["${PATCHDEPENDENCY}", "${POPULATESYSROOTDEPS}"]
[2m2025-11-29T15:28:46.539157Z[0m [32m INFO[0m [2mconvenient_bitbake::pipeline[0m[2m:[0m   Recipe 'aspell' DEPENDS: ["${PATCHDEPENDENCY}", "${POPULATESYSROOTDEPS}"]
[2m2025-11-29T15:28:46.539169Z[0m [32m INFO[0m [2mconvenient_bitbake::pipeline[0m[2m:[0m   Recipe 'at-spi2-atk' DEPENDS: ["${PATCHDEPENDENCY}", "${POPULATESYSROOTDEPS}", "at-spi2-core", "atk", "dbus", "glib-2.0", "glib-2.0-native", "libxml2"]
[2m2025-11-29T15:28:46.539184Z[0m [32m INFO[0m [2mconvenient_bitbake::pipeline[0m[2m:[0m   Recipe 'at-spi2-core' DEPENDS: ["${@bb.utils.contains", "${PATCHDEPENDENCY}", "${POPULATESYSROOTDEPS}", "'${X11DEPENDS}',", "'',", "'x11',", "d)}", "dbus", "glib-2.0"]
[2m2025-11-29T15:28:46.539201Z[0m [32m INFO[0m [2mconvenient_bitbake::pipeline[0m[2m:[0m   Recipe 'atk' DEPENDS: ["${PATCHDEPENDENCY}", "${POPULATESYSROOTDEPS}", "gettext-native", "glib-2.0"]
[2m2025-11-29T15:28:46.539220Z[0m [32m INFO[0m [2mconvenient_bitbake::pipeline[0m[2m:[0m   Recipe 'acl' DEPENDS: ["${PATCHDEPENDENCY}", "${POPULATESYSROOTDEPS}", "attr"]
[2m2025-11-29T15:28:46.539230Z[0m [32m INFO[0m [2mconvenient_bitbake::pipeline[0m[2m:[0m   Recipe 'attr' DEPENDS: ["${PATCHDEPENDENCY}", "${POPULATESYSROOTDEPS}", "virtual/libintl"]
[2m2025-11-29T15:28:46.539245Z[0m [32m INFO[0m [2mconvenient_bitbake::pipeline[0m[2m:[0m   Recipe 'bash-completion' DEPENDS: ["${PATCHDEPENDENCY}", "${POPULATESYSROOTDEPS}"]
[2m2025-11-29T15:28:46.539256Z[0m [32m INFO[0m [2mconvenient_bitbake::pipeline[0m[2m:[0m   Recipe 'bmap-tools' DEPENDS: ["${PATCHDEPENDENCY}", "${POPULATESYSROOTDEPS}"]
[2m2025-11-29T15:28:46.539266Z[0m [32m INFO[0m [2mconvenient_bitbake::pipeline[0m[2m:[0m   Recipe 'boost-build-native' DEPENDS: ["${PATCHDEPENDENCY}", "${POPULATESYSROOTDEPS}"]
[2m2025-11-29T15:28:46.539279Z[0m [32m INFO[0m [2mconvenient_bitbake::pipeline[0m[2m:[0m   Recipe 'boost' DEPENDS: ["${PATCHDEPENDENCY}", "${POPULATESYSROOTDEPS}", "boost-build-native", "bzip2", "icu", "python3", "zlib"]
[2m2025-11-29T15:28:46.539291Z[0m [32m INFO[0m [2mconvenient_bitbake::pipeline[0m[2m:[0m   Recipe 'ca-certificates' DEPENDS: ["${PATCHDEPENDENCY}", "${POPULATESYSROOTDEPS}", "openssl-native"]
[2m2025-11-29T15:28:46.539305Z[0m [32m INFO[0m [2mconvenient_bitbake::pipeline[0m[2m:[0m   Recipe 'consolekit' DEPENDS: ["${PATCHDEPENDENCY}", "${POPULATESYSROOTDEPS}", "dbus", "dbus-glib", "glib-2.0", "glib-2.0-native", "virtual/libx11"]
[2m2025-11-29T15:28:46.539318Z[0m [32m INFO[0m [2mconvenient_bitbake::pipeline[0m[2m:[0m   Recipe 'curl' DEPENDS: ["${PATCHDEPENDENCY}", "${POPULATESYSROOTDEPS}", "libidn2", "openssl", "zlib"]
[2m2025-11-29T15:28:46.539333Z[0m [32m INFO[0m [2mconvenient_bitbake::pipeline[0m[2m:[0m   Recipe 'db' DEPENDS: ["${PATCHDEPENDENCY}", "${POPULATESYSROOTDEPS}"]
[2m2025-11-29T15:28:46.539343Z[0m [32m INFO[0m [2mconvenient_bitbake::pipeline[0m[2m:[0m   Recipe 'debianutils' DEPENDS: ["${PATCHDEPENDENCY}", "${POPULATESYSROOTDEPS}"]
[2m2025-11-29T15:28:46.539354Z[0m [32m INFO[0m [2mconvenient_bitbake::pipeline[0m[2m:[0m   Recipe 'diffoscope' DEPENDS: ["${PATCHDEPENDENCY}", "${POPULATESYSROOTDEPS}"]
[2m2025-11-29T15:28:46.539370Z[0m [32m INFO[0m [2mconvenient_bitbake::pipeline[0m[2m:[0m   Recipe 'dos2unix' DEPENDS: ["${PATCHDEPENDENCY}", "${POPULATESYSROOTDEPS}"]
[2m2025-11-29T15:28:46.539383Z[0m [32m INFO[0m [2mconvenient_bitbake::pipeline[0m[2m:[0m   Recipe 'enchant2' DEPENDS: ["${PATCHDEPENDENCY}", "${POPULATESYSROOTDEPS}", "aspell", "glib-2.0"]
[2m2025-11-29T15:28:46.539395Z[0m [32m INFO[0m [2mconvenient_bitbake::pipeline[0m[2m:[0m   Recipe 'fribidi' DEPENDS: ["${PATCHDEPENDENCY}", "${POPULATESYSROOTDEPS}"]
[2m2025-11-29T15:28:46.539407Z[0m [32m INFO[0m [2mconvenient_bitbake::pipeline[0m[2m:[0m   Recipe 'gdbm' DEPENDS: ["${PATCHDEPENDENCY}", "${POPULATESYSROOTDEPS}"]
[2m2025-11-29T15:28:46.539419Z[0m [32m INFO[0m [2mconvenient_bitbake::pipeline[0m[2m:[0m   Recipe 'gmp' DEPENDS: ["${PATCHDEPENDENCY}", "${POPULATESYSROOTDEPS}"]
[2m2025-11-29T15:28:46.539429Z[0m [32m INFO[0m [2mconvenient_bitbake::pipeline[0m[2m:[0m   Recipe 'gnome-desktop-testing' DEPENDS: ["${PATCHDEPENDENCY}", "${POPULATESYSROOTDEPS}", "glib-2.0"]
[2m2025-11-29T15:28:46.539438Z[0m [32m INFO[0m [2mconvenient_bitbake::pipeline[0m[2m:[0m   Recipe 'gnupg' DEPENDS: ["${PATCHDEPENDENCY}", "${POPULATESYSROOTDEPS}", "bzip2", "gnutls", "libassuan", "libgcrypt", "libksba", "npth", "readline", "zlib"]
[2m2025-11-29T15:28:46.539463Z[0m [32m INFO[0m [2mconvenient_bitbake::pipeline[0m[2m:[0m   Recipe 'gnutls' DEPENDS: ["${PATCHDEPENDENCY}", "${POPULATESYSROOTDEPS}", "argp-standalone", "gmp", "libidn2", "libunistring", "nettle", "virtual/libiconv"]
[2m2025-11-29T15:28:46.539486Z[0m [32m INFO[0m [2mconvenient_bitbake::pipeline[0m[2m:[0m   Recipe 'libtasn1' DEPENDS: ["${PATCHDEPENDENCY}", "${POPULATESYSROOTDEPS}", "bison-native"]
[2m2025-11-29T15:28:46.539500Z[0m [32m INFO[0m [2mconvenient_bitbake::pipeline[0m[2m:[0m   Recipe 'gpgme' DEPENDS: ["${PATCHDEPENDENCY}", "${POPULATESYSROOTDEPS}", "libassuan", "libgpg-error", "python3", "swig-native"]
[2m2025-11-29T15:28:46.539521Z[0m [32m INFO[0m [2mconvenient_bitbake::pipeline[0m[2m:[0m   Recipe 'icu' DEPENDS: ["${PATCHDEPENDENCY}", "${POPULATESYSROOTDEPS}", "autoconf-archive", "icu-native"]
[2m2025-11-29T15:28:46.539533Z[0m [32m INFO[0m [2mconvenient_bitbake::pipeline[0m[2m:[0m   Recipe 'iso-codes' DEPENDS: ["${PATCHDEPENDENCY}", "${POPULATESYSROOTDEPS}", "gettext-native"]
[2m2025-11-29T15:28:46.539546Z[0m [32m INFO[0m [2mconvenient_bitbake::pipeline[0m[2m:[0m   Recipe 'itstool' DEPENDS: ["${PATCHDEPENDENCY}", "${POPULATESYSROOTDEPS}", "libxml2-native"]
[2m2025-11-29T15:28:46.539556Z[0m [32m INFO[0m [2mconvenient_bitbake::pipeline[0m[2m:[0m   Recipe 'libassuan' DEPENDS: ["${PATCHDEPENDENCY}", "${POPULATESYSROOTDEPS}", "libgpg-error"]
[2m2025-11-29T15:28:46.539574Z[0m [32m INFO[0m [2mconvenient_bitbake::pipeline[0m[2m:[0m   Recipe 'libatomic-ops' DEPENDS: ["${PATCHDEPENDENCY}", "${POPULATESYSROOTDEPS}"]
[2m2025-11-29T15:28:46.539589Z[0m [32m INFO[0m [2mconvenient_bitbake::pipeline[0m[2m:[0m   Recipe 'libbsd' DEPENDS: ["${PATCHDEPENDENCY}", "${POPULATESYSROOTDEPS}", "libmd"]
[2m2025-11-29T15:28:46.539599Z[0m [32m INFO[0m [2mconvenient_bitbake::pipeline[0m[2m:[0m   Recipe 'libcap' DEPENDS: ["${PATCHDEPENDENCY}", "${POPULATESYSROOTDEPS}", "gperf-native", "hostperl-runtime-native"]
[2m2025-11-29T15:28:46.539611Z[0m [32m INFO[0m [2mconvenient_bitbake::pipeline[0m[2m:[0m   Recipe 'libcap-ng-python' DEPENDS: ["${PATCHDEPENDENCY}", "${POPULATESYSROOTDEPS}", "libcap-ng", "python3", "swig-native"]
[2m2025-11-29T15:28:46.539624Z[0m [32m INFO[0m [2mconvenient_bitbake::pipeline[0m[2m:[0m   Recipe 'libcap-ng' DEPENDS: ["${PATCHDEPENDENCY}", "${POPULATESYSROOTDEPS}"]
[2m2025-11-29T15:28:46.539635Z[0m [32m INFO[0m [2mconvenient_bitbake::pipeline[0m[2m:[0m   Recipe 'libcheck' DEPENDS: ["${PATCHDEPENDENCY}", "${POPULATESYSROOTDEPS}"]
[2m2025-11-29T15:28:46.539649Z[0m [32m INFO[0m [2mconvenient_bitbake::pipeline[0m[2m:[0m   Recipe 'libcroco' DEPENDS: ["${PATCHDEPENDENCY}", "${POPULATESYSROOTDEPS}", "glib-2.0", "libxml2", "zlib"]
[2m2025-11-29T15:28:46.539662Z[0m [32m INFO[0m [2mconvenient_bitbake::pipeline[0m[2m:[0m   Recipe 'libdaemon' DEPENDS: ["${PATCHDEPENDENCY}", "${POPULATESYSROOTDEPS}"]
[2m2025-11-29T15:28:46.539675Z[0m [32m INFO[0m [2mconvenient_bitbake::pipeline[0m[2m:[0m   Recipe 'libevdev' DEPENDS: ["${PATCHDEPENDENCY}", "${POPULATESYSROOTDEPS}"]
[2m2025-11-29T15:28:46.539691Z[0m [32m INFO[0m [2mconvenient_bitbake::pipeline[0m[2m:[0m   Recipe 'libevent' DEPENDS: ["${PATCHDEPENDENCY}", "${POPULATESYSROOTDEPS}", "zlib"]
[2m2025-11-29T15:28:46.539714Z[0m [32m INFO[0m [2mconvenient_bitbake::pipeline[0m[2m:[0m   Recipe 'libexif' DEPENDS: ["${PATCHDEPENDENCY}", "${POPULATESYSROOTDEPS}"]
[2m2025-11-29T15:28:46.539738Z[0m [32m INFO[0m [2mconvenient_bitbake::pipeline[0m[2m:[0m   Recipe 'libffi' DEPENDS: ["${PATCHDEPENDENCY}", "${POPULATESYSROOTDEPS}"]
[2m2025-11-29T15:28:46.539757Z[0m [32m INFO[0m [2mconvenient_bitbake::pipeline[0m[2m:[0m   Recipe 'libfm-extra' DEPENDS: ["${PATCHDEPENDENCY}", "${POPULATESYSROOTDEPS}", "glib-2.0", "glib-2.0-native", "intltool-native"]
[2m2025-11-29T15:28:46.539769Z[0m [32m INFO[0m [2mconvenient_bitbake::pipeline[0m[2m:[0m   Recipe 'libfm' DEPENDS: ["${PATCHDEPENDENCY}", "${POPULATESYSROOTDEPS}", "glib-2.0", "glib-2.0-native", "gtk+3", "intltool-native", "libexif", "libfm-extra", "menu-cache", "pango"]
[2m2025-11-29T15:28:46.539785Z[0m [32m INFO[0m [2mconvenient_bitbake::pipeline[0m[2m:[0m   Recipe 'libgcrypt' DEPENDS: ["${PATCHDEPENDENCY}", "${POPULATESYSROOTDEPS}", "libcap", "libgpg-error"]
[2m2025-11-29T15:28:46.539802Z[0m [32m INFO[0m [2mconvenient_bitbake::pipeline[0m[2m:[0m   Recipe 'libgit2' DEPENDS: ["${PATCHDEPENDENCY}", "${POPULATESYSROOTDEPS}", "curl", "libgcrypt", "libpcre2", "libssh2", "openssl", "zlib"]
[2m2025-11-29T15:28:46.539820Z[0m [32m INFO[0m [2mconvenient_bitbake::pipeline[0m[2m:[0m   Recipe 'libgpg-error' DEPENDS: ["${PATCHDEPENDENCY}", "${POPULATESYSROOTDEPS}"]
[2m2025-11-29T15:28:46.539834Z[0m [32m INFO[0m [2mconvenient_bitbake::pipeline[0m[2m:[0m   Recipe 'libical' DEPENDS: ["${PATCHDEPENDENCY}", "${POPULATESYSROOTDEPS}", "glib-2.0", "glib-2.0-native", "icu", "libical-native", "libxml2", "libxml2-native"]
[2m2025-11-29T15:28:46.539852Z[0m [32m INFO[0m [2mconvenient_bitbake::pipeline[0m[2m:[0m   Recipe 'libjitterentropy' DEPENDS: ["${PATCHDEPENDENCY}", "${POPULATESYSROOTDEPS}"]
[2m2025-11-29T15:28:46.540083Z[0m [32m INFO[0m [2mconvenient_bitbake::pipeline[0m[2m:[0m   Recipe 'libksba' DEPENDS: ["${PATCHDEPENDENCY}", "${POPULATESYSROOTDEPS}", "libgpg-error"]
[2m2025-11-29T15:28:46.540117Z[0m [32m INFO[0m [2mconvenient_bitbake::pipeline[0m[2m:[0m   Recipe 'libmd' DEPENDS: ["${PATCHDEPENDENCY}", "${POPULATESYSROOTDEPS}"]
[2m2025-11-29T15:28:46.540129Z[0m [32m INFO[0m [2mconvenient_bitbake::pipeline[0m[2m:[0m   Recipe 'libmicrohttpd' DEPENDS: ["${PATCHDEPENDENCY}", "${POPULATESYSROOTDEPS}", "curl", "file", "gnutls", "libgcrypt"]
[2m2025-11-29T15:28:46.540139Z[0m [32m INFO[0m [2mconvenient_bitbake::pipeline[0m[2m:[0m   Recipe 'libmpc' DEPENDS: ["${PATCHDEPENDENCY}", "${POPULATESYSROOTDEPS}", "gmp", "mpfr"]
[2m2025-11-29T15:28:46.540148Z[0m [32m INFO[0m [2mconvenient_bitbake::pipeline[0m[2m:[0m   Recipe 'libnl' DEPENDS: ["${@bb.utils.contains", "${PATCHDEPENDENCY}", "${POPULATESYSROOTDEPS}", "'',", "'1',", "'libcheck',", "bison-native", "d)}", "flex-native"]
[2m2025-11-29T15:28:46.540172Z[0m [32m INFO[0m [2mconvenient_bitbake::pipeline[0m[2m:[0m   Recipe 'libpcre2' DEPENDS: ["${PATCHDEPENDENCY}", "${POPULATESYSROOTDEPS}", "bzip2", "zlib"]
[2m2025-11-29T15:28:46.540187Z[0m [32m INFO[0m [2mconvenient_bitbake::pipeline[0m[2m:[0m   Recipe 'libpcre' DEPENDS: ["${PATCHDEPENDENCY}", "${POPULATESYSROOTDEPS}", "bzip2", "zlib"]
[2m2025-11-29T15:28:46.540206Z[0m [32m INFO[0m [2mconvenient_bitbake::pipeline[0m[2m:[0m   Recipe 'libproxy' DEPENDS: ["${PATCHDEPENDENCY}", "${POPULATESYSROOTDEPS}", "glib-2.0"]
[2m2025-11-29T15:28:46.540227Z[0m [32m INFO[0m [2mconvenient_bitbake::pipeline[0m[2m:[0m   Recipe 'libpsl' DEPENDS: ["${PATCHDEPENDENCY}", "${POPULATESYSROOTDEPS}", "icu"]
[2m2025-11-29T15:28:46.540240Z[0m [32m INFO[0m [2mconvenient_bitbake::pipeline[0m[2m:[0m   Recipe 'libseccomp' DEPENDS: ["${PATCHDEPENDENCY}", "${POPULATESYSROOTDEPS}", "gperf-native"]
[2m2025-11-29T15:28:46.540252Z[0m [32m INFO[0m [2mconvenient_bitbake::pipeline[0m[2m:[0m   Recipe 'libsoup-2.4' DEPENDS: ["${PATCHDEPENDENCY}", "${POPULATESYSROOTDEPS}", "glib-2.0", "glib-2.0-native", "libpsl", "libxml2", "sqlite3"]
[2m2025-11-29T15:28:46.540274Z[0m [32m INFO[0m [2mconvenient_bitbake::pipeline[0m[2m:[0m   Recipe 'libsoup' DEPENDS: ["${PATCHDEPENDENCY}", "${POPULATESYSROOTDEPS}", "glib-2.0", "glib-2.0-native", "libpsl", "libxml2", "nghttp2", "sqlite3"]
[2m2025-11-29T15:28:46.540286Z[0m [32m INFO[0m [2mconvenient_bitbake::pipeline[0m[2m:[0m   Recipe 'libssh2' DEPENDS: ["${PATCHDEPENDENCY}", "${POPULATESYSROOTDEPS}", "openssl", "zlib"]
[2m2025-11-29T15:28:46.540300Z[0m [32m INFO[0m [2mconvenient_bitbake::pipeline[0m[2m:[0m   Recipe 'libunistring' DEPENDS: ["${PATCHDEPENDENCY}", "${POPULATESYSROOTDEPS}", "gperf-native"]
[2m2025-11-29T15:28:46.540311Z[0m [32m INFO[0m [2mconvenient_bitbake::pipeline[0m[2m:[0m   Recipe 'libunwind' DEPENDS: ["${PATCHDEPENDENCY}", "${POPULATESYSROOTDEPS}", "libatomic-ops", "libucontext"]
[2m2025-11-29T15:28:46.540327Z[0m [32m INFO[0m [2mconvenient_bitbake::pipeline[0m[2m:[0m   Recipe 'liburcu' DEPENDS: ["${PATCHDEPENDENCY}", "${POPULATESYSROOTDEPS}"]
[2m2025-11-29T15:28:46.540340Z[0m [32m INFO[0m [2mconvenient_bitbake::pipeline[0m[2m:[0m   Recipe 'libusb1' DEPENDS: ["${PATCHDEPENDENCY}", "${POPULATESYSROOTDEPS}"]
[2m2025-11-29T15:28:46.540363Z[0m [32m INFO[0m [2mconvenient_bitbake::pipeline[0m[2m:[0m   Recipe 'libxslt' DEPENDS: ["${PATCHDEPENDENCY}", "${POPULATESYSROOTDEPS}", "libxml2"]
[2m2025-11-29T15:28:46.540373Z[0m [32m INFO[0m [2mconvenient_bitbake::pipeline[0m[2m:[0m   Recipe 'libyaml' DEPENDS: ["${PATCHDEPENDENCY}", "${POPULATESYSROOTDEPS}"]
[2m2025-11-29T15:28:46.540386Z[0m [32m INFO[0m [2mconvenient_bitbake::pipeline[0m[2m:[0m   Recipe 'lz4' DEPENDS: ["${PATCHDEPENDENCY}", "${POPULATESYSROOTDEPS}"]
[2m2025-11-29T15:28:46.540394Z[0m [32m INFO[0m [2mconvenient_bitbake::pipeline[0m[2m:[0m   Recipe 'lzo' DEPENDS: ["${PATCHDEPENDENCY}", "${POPULATESYSROOTDEPS}"]
[2m2025-11-29T15:28:46.540404Z[0m [32m INFO[0m [2mconvenient_bitbake::pipeline[0m[2m:[0m   Recipe 'lzop' DEPENDS: ["${PATCHDEPENDENCY}", "${POPULATESYSROOTDEPS}", "lzo"]
[2m2025-11-29T15:28:46.540425Z[0m [32m INFO[0m [2mconvenient_bitbake::pipeline[0m[2m:[0m   Recipe 'mpfr' DEPENDS: ["${PATCHDEPENDENCY}", "${POPULATESYSROOTDEPS}", "autoconf-archive", "gmp"]
[2m2025-11-29T15:28:46.540444Z[0m [32m INFO[0m [2mconvenient_bitbake::pipeline[0m[2m:[0m   Recipe 'nettle' DEPENDS: ["${PATCHDEPENDENCY}", "${POPULATESYSROOTDEPS}", "gmp"]
[2m2025-11-29T15:28:46.540468Z[0m [32m INFO[0m [2mconvenient_bitbake::pipeline[0m[2m:[0m   Recipe 'nghttp2' DEPENDS: ["${PATCHDEPENDENCY}", "${POPULATESYSROOTDEPS}"]
[2m2025-11-29T15:28:46.540481Z[0m [32m INFO[0m [2mconvenient_bitbake::pipeline[0m[2m:[0m   Recipe 'npth' DEPENDS: ["${PATCHDEPENDENCY}", "${POPULATESYSROOTDEPS}"]
[2m2025-11-29T15:28:46.540490Z[0m [32m INFO[0m [2mconvenient_bitbake::pipeline[0m[2m:[0m   Recipe 'nss-myhostname' DEPENDS: ["${PATCHDEPENDENCY}", "${POPULATESYSROOTDEPS}"]
[2m2025-11-29T15:28:46.540499Z[0m [32m INFO[0m [2mconvenient_bitbake::pipeline[0m[2m:[0m   Recipe 'numactl' DEPENDS: ["${PATCHDEPENDENCY}", "${POPULATESYSROOTDEPS}"]
[2m2025-11-29T15:28:46.540509Z[0m [32m INFO[0m [2mconvenient_bitbake::pipeline[0m[2m:[0m   Recipe 'p11-kit' DEPENDS: ["${@'", "${PATCHDEPENDENCY}", "${POPULATESYSROOTDEPS}", "''}", "'True'", "==", "else", "glib-2.0'", "if", "libffi", "libtasn1", "libtasn1-native"]
[2m2025-11-29T15:28:46.540540Z[0m [32m INFO[0m [2mconvenient_bitbake::pipeline[0m[2m:[0m   Recipe 'pinentry' DEPENDS: ["${PATCHDEPENDENCY}", "${POPULATESYSROOTDEPS}", "gettext-native", "libassuan", "libcap", "libgpg-error", "ncurses"]
[2m2025-11-29T15:28:46.540554Z[0m [32m INFO[0m [2mconvenient_bitbake::pipeline[0m[2m:[0m   Recipe 'popt' DEPENDS: ["${PATCHDEPENDENCY}", "${POPULATESYSROOTDEPS}", "virtual/libiconv"]
[2m2025-11-29T15:28:46.540569Z[0m [32m INFO[0m [2mconvenient_bitbake::pipeline[0m[2m:[0m   Recipe 'ptest-runner' DEPENDS: ["${PATCHDEPENDENCY}", "${POPULATESYSROOTDEPS}"]
[2m2025-11-29T15:28:46.540578Z[0m [32m INFO[0m [2mconvenient_bitbake::pipeline[0m[2m:[0m   Recipe 're2c' DEPENDS: ["${PATCHDEPENDENCY}", "${POPULATESYSROOTDEPS}"]
[2m2025-11-29T15:28:46.540592Z[0m [32m INFO[0m [2mconvenient_bitbake::pipeline[0m[2m:[0m   Recipe 'rng-tools' DEPENDS: ["${PATCHDEPENDENCY}", "${POPULATESYSROOTDEPS}", "libjitterentropy", "openssl", "sysfsutils"]
[2m2025-11-29T15:28:46.540618Z[0m [32m INFO[0m [2mconvenient_bitbake::pipeline[0m[2m:[0m   Recipe 'serf' DEPENDS: ["${PATCHDEPENDENCY}", "${POPULATESYSROOTDEPS}", "apr", "apr-util", "expat", "openssl", "util-linux"]
[2m2025-11-29T15:28:46.540638Z[0m [32m INFO[0m [2mconvenient_bitbake::pipeline[0m[2m:[0m   Recipe 'shared-mime-info' DEPENDS: ["${PATCHDEPENDENCY}", "${POPULATESYSROOTDEPS}", "glib-2.0", "itstool-native", "libxml2", "shared-mime-info-native", "xmlto-native"]
[2m2025-11-29T15:28:46.540657Z[0m [32m INFO[0m [2mconvenient_bitbake::pipeline[0m[2m:[0m   Recipe 'sqlite3' DEPENDS: ["${PATCHDEPENDENCY}", "${POPULATESYSROOTDEPS}"]
[2m2025-11-29T15:28:46.540670Z[0m [32m INFO[0m [2mconvenient_bitbake::pipeline[0m[2m:[0m   Recipe 'taglib' DEPENDS: ["${PATCHDEPENDENCY}", "${POPULATESYSROOTDEPS}", "zlib"]
[2m2025-11-29T15:28:46.540687Z[0m [32m INFO[0m [2mconvenient_bitbake::pipeline[0m[2m:[0m   Recipe 'xuser-account' DEPENDS: ["${PATCHDEPENDENCY}", "${POPULATESYSROOTDEPS}", "${USERADDSETSCENEDEPS}"]
[2m2025-11-29T15:28:46.540699Z[0m [32m INFO[0m [2mconvenient_bitbake::pipeline[0m[2m:[0m   Recipe 'vim-tiny' DEPENDS: ["${PATCHDEPENDENCY}", "${POPULATESYSROOTDEPS}", "gettext-native", "ncurses"]
[2m2025-11-29T15:28:46.540710Z[0m [32m INFO[0m [2mconvenient_bitbake::pipeline[0m[2m:[0m   Recipe 'vim' DEPENDS: ["${PATCHDEPENDENCY}", "${POPULATESYSROOTDEPS}", "gettext-native", "ncurses"]
[2m2025-11-29T15:28:46.540722Z[0m [32m INFO[0m [2mconvenient_bitbake::pipeline[0m[2m:[0m   Recipe 'vte' DEPENDS: ["${PATCHDEPENDENCY}", "${POPULATESYSROOTDEPS}", "glib-2.0", "gnutls", "gperf-native", "gtk+3", "icu", "libpcre2", "libxml2-native"]
[2m2025-11-29T15:28:46.540734Z[0m [32m INFO[0m [2mconvenient_bitbake::pipeline[0m[2m:[0m   Recipe 'xxhash' DEPENDS: ["${PATCHDEPENDENCY}", "${POPULATESYSROOTDEPS}"]
[2m2025-11-29T15:28:46.540749Z[0m [32m INFO[0m [2mconvenient_bitbake::pipeline[0m[2m:[0m   Recipe 'tiny-init' DEPENDS: ["${PATCHDEPENDENCY}", "${POPULATESYSROOTDEPS}"]
[2m2025-11-29T15:28:46.540765Z[0m [32m INFO[0m [2mconvenient_bitbake::pipeline[0m[2m:[0m   Recipe 'gma500-gfx-check' DEPENDS: ["${PATCHDEPENDENCY}", "${POPULATESYSROOTDEPS}"]
[2m2025-11-29T15:28:46.540784Z[0m [32m INFO[0m [2mconvenient_bitbake::pipeline[0m[2m:[0m   Populating 884 recipe dependencies...
[2m2025-11-29T15:28:46.543074Z[0m [32m INFO[0m [2mconvenient_bitbake::pipeline[0m[2m:[0m   Built graph: 884 recipes, 15938 tasks
[2m2025-11-29T15:28:46.557031Z[0m [32m INFO[0m [2mconvenient_bitbake::build_orchestrator[0m[2m:[0m ✓ Step 3 completed in 4.784900221s
[2m2025-11-29T15:28:46.557079Z[0m [32m INFO[0m [2mconvenient_bitbake::build_orchestrator[0m[2m:[0m Building task execution graph
[2m2025-11-29T15:28:46.614664Z[0m [32m INFO[0m [2mconvenient_bitbake::build_orchestrator[0m[2m:[0m ✓ Step 4 completed in 57.581002ms
[2m2025-11-29T15:28:46.614732Z[0m [32m INFO[0m [2mconvenient_bitbake::build_orchestrator[0m[2m:[0m Computing task signatures
[2m2025-11-29T15:28:46.835591Z[0m [32m INFO[0m [2mconvenient_bitbake::signature_cache[0m[2m:[0m Computing task signatures...
[2m2025-11-29T15:28:47.086027Z[0m [32m INFO[0m [2mconvenient_bitbake::signature_cache[0m[2m:[0m   Computed 15882 task signatures
[2m2025-11-29T15:28:47.091950Z[0m [32m INFO[0m [2mconvenient_bitbake::build_orchestrator[0m[2m:[0m ✓ Step 5 completed in 477.216356ms
[2m2025-11-29T15:28:47.092043Z[0m [32m INFO[0m [2mconvenient_bitbake::build_orchestrator[0m[2m:[0m Analyzing incremental build requirements
[2m2025-11-29T15:28:47.257496Z[0m [32m INFO[0m [2mconvenient_bitbake::signature_cache[0m[2m:[0m Saved 15882 task signatures to cache
[2m2025-11-29T15:28:47.257573Z[0m [32m INFO[0m [2mconvenient_bitbake::build_orchestrator[0m[2m:[0m ✓ Step 6 completed in 165.535851ms
[2m2025-11-29T15:28:47.257633Z[0m [32m INFO[0m [2mconvenient_bitbake::build_orchestrator[0m[2m:[0m Creating task specifications
[2m2025-11-29T15:28:47.257954Z[0m [32m INFO[0m [2mconvenient_bitbake::build_orchestrator[0m[2m:[0m   Processing 15938 tasks in parallel (CPU-bound)...
[2m2025-11-29T15:28:47.262730Z[0m [32m INFO[0m [2mconvenient_bitbake::build_orchestrator[0m[2m:[0m   Using 16 threads with 8MB stacks for task spec generation
[2m2025-11-29T15:28:48.680485Z[0m [32m INFO[0m [2mconvenient_bitbake::build_orchestrator[0m[2m:[0m   Progress: 3000/15938 tasks (18.8%)
