
╔════════════════════════════════════════════════════════╗
║              BITZEL BUILD ORCHESTRATOR                 ║
║  Task Graph Execution with Dependency Resolution      ║
╚════════════════════════════════════════════════════════╝

Build directory: "build-real-kas"
Target: busybox

╔════════════════════════════════════════════════════════╗
║           🏎️  BITZEL FERRARI BUILD  🏎️                ║
║  Full-Featured Bazel-Inspired BitBake Build System    ║
╚════════════════════════════════════════════════════════╝

Target: busybox
Build directory: "build-real-kas"

🏗️  Loading build environment...
[2m2025-12-06T06:29:14.135968Z[0m [32m INFO[0m [2mconvenient_bitbake::build_env[0m[2m:[0m Loading build environment from: "/home/user/graph-git-rs/build-real-kas"
[2m2025-12-06T06:29:14.136398Z[0m [32m INFO[0m [2mconvenient_bitbake::bitbake_config[0m[2m:[0m Parsing bblayers.conf: "/home/user/graph-git-rs/build-real-kas/conf/bblayers.conf"
[2m2025-12-06T06:29:14.136883Z[0m [32m INFO[0m [2mconvenient_bitbake::bitbake_config[0m[2m:[0m Parsing local.conf: "/home/user/graph-git-rs/build-real-kas/conf/local.conf"
[2m2025-12-06T06:29:14.137611Z[0m [32m INFO[0m [2mconvenient_bitbake::build_env[0m[2m:[0m Build environment initialized:
[2m2025-12-06T06:29:14.137650Z[0m [32m INFO[0m [2mconvenient_bitbake::build_env[0m[2m:[0m   TOPDIR:     "/home/user/graph-git-rs/build-real-kas"
[2m2025-12-06T06:29:14.137672Z[0m [32m INFO[0m [2mconvenient_bitbake::build_env[0m[2m:[0m   DL_DIR:     "/home/user/graph-git-rs/build-real-kas/downloads"
[2m2025-12-06T06:29:14.137682Z[0m [32m INFO[0m [2mconvenient_bitbake::build_env[0m[2m:[0m   TMPDIR:     "/home/user/graph-git-rs/build-real-kas/tmp"
[2m2025-12-06T06:29:14.137696Z[0m [32m INFO[0m [2mconvenient_bitbake::build_env[0m[2m:[0m   SSTATE_DIR: "/home/user/graph-git-rs/build-real-kas/sstate-cache"
[2m2025-12-06T06:29:14.137731Z[0m [32m INFO[0m [2mconvenient_bitbake::build_env[0m[2m:[0m   Layers:     3 configured
  ✓ MACHINE: qemuarm64
  ✓ DISTRO:  poky
  ✓ Layers:  3

🎼 Building execution plan with BuildOrchestrator...
[2m2025-12-06T06:29:14.138281Z[0m [32m INFO[0m [2mconvenient_bitbake::build_orchestrator[0m[2m:[0m Building layer context with priorities
[2m2025-12-06T06:29:14.138334Z[0m [32m INFO[0m [2mconvenient_bitbake::layer_context[0m[2m:[0m Setting MACHINE: qemuarm64
[2m2025-12-06T06:29:14.138355Z[0m [32m INFO[0m [2mconvenient_bitbake::layer_context[0m[2m:[0m Setting DISTRO: poky
[2m2025-12-06T06:29:14.139090Z[0m [32m INFO[0m [2mconvenient_bitbake::layer_context[0m[2m:[0m Adding layer: unknown (priority: 0)
[2m2025-12-06T06:29:14.140808Z[0m [32m INFO[0m [2mconvenient_bitbake::layer_context[0m[2m:[0m Adding layer: core (priority: 5)
[2m2025-12-06T06:29:14.141166Z[0m [32m INFO[0m [2mconvenient_bitbake::layer_context[0m[2m:[0m Adding layer: unknown (priority: 0)
[2m2025-12-06T06:29:14.141201Z[0m [32m INFO[0m [2mconvenient_bitbake::build_orchestrator[0m[2m:[0m ✓ Step 1 completed in 2.928107ms
[2m2025-12-06T06:29:14.141224Z[0m [32m INFO[0m [2mconvenient_bitbake::build_orchestrator[0m[2m:[0m Parsing BitBake recipes with parallel pipeline
[2m2025-12-06T06:29:14.141248Z[0m [32m INFO[0m [2mconvenient_bitbake::pipeline[0m[2m:[0m Stage 1: Discovering recipe files in parallel
[2m2025-12-06T06:29:14.562128Z[0m [32m INFO[0m [2mconvenient_bitbake::pipeline[0m[2m:[0m   Discovered 884 recipes
[2m2025-12-06T06:29:14.562183Z[0m [32m INFO[0m [2mconvenient_bitbake::pipeline[0m[2m:[0m Stage 2: Parsing 884 recipes in parallel (max 32 concurrent)
[2m2025-12-06T06:29:14.620808Z[0m [32m INFO[0m [2mconvenient_bitbake::pipeline[0m[2m:[0m ✓ Extracted 0 tasks from "multilib_header.bbclass" for recipe "pciutils_3.7.0.bb"
[2m2025-12-06T06:29:14.621409Z[0m [32m INFO[0m [2mconvenient_bitbake::pipeline[0m[2m:[0m ✓ Extracted 1 tasks from "acpid.inc" for recipe "acpid_2.0.33.bb"
[2m2025-12-06T06:29:14.621453Z[0m [32m INFO[0m [2mconvenient_bitbake::pipeline[0m[2m:[0m Recipe "acpid_2.0.33.bb": 1 tasks total (0 from main, 1 from includes), 0 helpers total (0 from main, 0 from includes)
[2m2025-12-06T06:29:14.621901Z[0m [32m INFO[0m [2mconvenient_bitbake::pipeline[0m[2m:[0m ✓ Extracted 2 tasks from "iproute2.inc" for recipe "iproute2_5.17.0.bb"
[2m2025-12-06T06:29:14.621940Z[0m [32m INFO[0m [2mconvenient_bitbake::pipeline[0m[2m:[0m Recipe "iproute2_5.17.0.bb": 2 tasks total (0 from main, 2 from includes), 0 helpers total (0 from main, 0 from includes)
[2m2025-12-06T06:29:14.628424Z[0m [32m INFO[0m [2mconvenient_bitbake::pipeline[0m[2m:[0m ✓ Extracted 0 tasks from "gtk-icon-cache.bbclass" for recipe "connman-gnome_0.7.bb"
[2m2025-12-06T06:29:14.630047Z[0m [32m INFO[0m [2mconvenient_bitbake::pipeline[0m[2m:[0m ✓ Extracted 0 tasks from "autotools.bbclass" for recipe "bind_9.18.41.bb"
[2m2025-12-06T06:29:14.630094Z[0m [32m INFO[0m [2mconvenient_bitbake::pipeline[0m[2m:[0m ✓ Extracted 1 tasks from "grub2.inc" for recipe "grub_2.06.bb"
[2m2025-12-06T06:29:14.630651Z[0m [32m INFO[0m [2mconvenient_bitbake::pipeline[0m[2m:[0m Recipe "grub_2.06.bb": 2 tasks total (1 from main, 1 from includes), 0 helpers total (0 from main, 0 from includes)
[2m2025-12-06T06:29:14.630863Z[0m [32m INFO[0m [2mconvenient_bitbake::pipeline[0m[2m:[0m ✓ Extracted 0 tasks from "update-rc.d.bbclass" for recipe "keymaps_1.0.bb"
[2m2025-12-06T06:29:14.630664Z[0m [32m INFO[0m [2mconvenient_bitbake::pipeline[0m[2m:[0m ✓ Extracted 3 tasks from "u-boot.inc" for recipe "u-boot_2022.01.bb"
[2m2025-12-06T06:29:14.631009Z[0m [32m INFO[0m [2mconvenient_bitbake::pipeline[0m[2m:[0m ✓ Extracted 3 tasks from "bluez5.inc" for recipe "bluez5_5.65.bb"
[2m2025-12-06T06:29:14.631493Z[0m [32m INFO[0m [2mconvenient_bitbake::pipeline[0m[2m:[0m ✓ Extracted 1 tasks from "grub2.inc" for recipe "grub-efi_2.06.bb"
[2m2025-12-06T06:29:14.631608Z[0m [32m INFO[0m [2mconvenient_bitbake::pipeline[0m[2m:[0m Recipe "bluez5_5.65.bb": 3 tasks total (0 from main, 3 from includes), 0 helpers total (0 from main, 0 from includes)
[2m2025-12-06T06:29:14.631214Z[0m [32m INFO[0m [2mconvenient_bitbake::pipeline[0m[2m:[0m Recipe "keymaps_1.0.bb": 1 tasks total (1 from main, 0 from includes), 3 helpers total (0 from main, 3 from includes)
[2m2025-12-06T06:29:14.631811Z[0m [32m INFO[0m [2mconvenient_bitbake::pipeline[0m[2m:[0m Recipe "u-boot_2022.01.bb": 3 tasks total (0 from main, 3 from includes), 0 helpers total (0 from main, 0 from includes)
[2m2025-12-06T06:29:14.632090Z[0m [32m INFO[0m [2mconvenient_bitbake::pipeline[0m[2m:[0m ✓ Extracted 0 tasks from "update-rc.d.bbclass" for recipe "alsa-state.bb"
[2m2025-12-06T06:29:14.632173Z[0m [32m INFO[0m [2mconvenient_bitbake::pipeline[0m[2m:[0m Recipe "alsa-state.bb": 1 tasks total (1 from main, 0 from includes), 3 helpers total (0 from main, 3 from includes)
[2m2025-12-06T06:29:14.632924Z[0m [32m INFO[0m [2mconvenient_bitbake::pipeline[0m[2m:[0m ✓ Extracted 0 tasks from "update-rc.d.bbclass" for recipe "usbinit.bb"
[2m2025-12-06T06:29:14.634152Z[0m [32m INFO[0m [2mconvenient_bitbake::pipeline[0m[2m:[0m ✓ Extracted 0 tasks from "autotools.bbclass" for recipe "kea_2.0.2.bb"
[2m2025-12-06T06:29:14.634224Z[0m [32m INFO[0m [2mconvenient_bitbake::pipeline[0m[2m:[0m ✓ Extracted 0 tasks from "autotools.bbclass" for recipe "avahi_0.8.bb"
[2m2025-12-06T06:29:14.634833Z[0m [32m INFO[0m [2mconvenient_bitbake::pipeline[0m[2m:[0m ✓ Extracted 0 tasks from "cmake.bbclass" for recipe "libubootenv_0.3.2.bb"
[2m2025-12-06T06:29:14.635043Z[0m [32m INFO[0m [2mconvenient_bitbake::pipeline[0m[2m:[0m ✓ Extracted 2 tasks from "u-boot-tools.inc" for recipe "u-boot-tools_2022.01.bb"
[2m2025-12-06T06:29:14.635152Z[0m [32m INFO[0m [2mconvenient_bitbake::pipeline[0m[2m:[0m Recipe "u-boot-tools_2022.01.bb": 2 tasks total (0 from main, 2 from includes), 0 helpers total (0 from main, 0 from includes)
[2m2025-12-06T06:29:14.635733Z[0m [32m INFO[0m [2mconvenient_bitbake::pipeline[0m[2m:[0m ✓ Extracted 0 tasks from "update-rc.d.bbclass" for recipe "apmd_3.2.2-15.bb"
[2m2025-12-06T06:29:14.635924Z[0m [32m INFO[0m [2mconvenient_bitbake::pipeline[0m[2m:[0m ✓ Extracted 0 tasks from "autotools.bbclass" for recipe "mobile-broadband-provider-info_git.bb"
[2m2025-12-06T06:29:14.637469Z[0m [32m INFO[0m [2mconvenient_bitbake::pipeline[0m[2m:[0m Recipe "connman-gnome_0.7.bb": 1 tasks total (1 from main, 0 from includes), 2 helpers total (0 from main, 2 from includes)
[2m2025-12-06T06:29:14.637380Z[0m [32m INFO[0m [2mconvenient_bitbake::pipeline[0m[2m:[0m ✓ Extracted 0 tasks from "autotools.bbclass" for recipe "pm-utils_1.4.1.bb"
[2m2025-12-06T06:29:14.637667Z[0m [32m INFO[0m [2mconvenient_bitbake::pipeline[0m[2m:[0m Recipe "mobile-broadband-provider-info_git.bb": 0 tasks total (0 from main, 0 from includes), 6 helpers total (0 from main, 6 from includes)
[2m2025-12-06T06:29:14.638784Z[0m [32m INFO[0m [2mconvenient_bitbake::pipeline[0m[2m:[0m ✓ Extracted 1 tasks from "deploy.bbclass" for recipe "grub-efi_2.06.bb"
[2m2025-12-06T06:29:14.639242Z[0m [32m INFO[0m [2mconvenient_bitbake::pipeline[0m[2m:[0m Recipe "grub-efi_2.06.bb": 5 tasks total (3 from main, 2 from includes), 0 helpers total (0 from main, 0 from includes)
[2m2025-12-06T06:29:14.639655Z[0m [32m INFO[0m [2mconvenient_bitbake::pipeline[0m[2m:[0m ✓ Extracted 1 tasks from "connman.inc" for recipe "connman_1.41.bb"
[2m2025-12-06T06:29:14.639773Z[0m [32m INFO[0m [2mconvenient_bitbake::pipeline[0m[2m:[0m Recipe "libubootenv_0.3.2.bb": 0 tasks total (0 from main, 0 from includes), 6 helpers total (0 from main, 6 from includes)
[2m2025-12-06T06:29:14.640185Z[0m [32m INFO[0m [2mconvenient_bitbake::pipeline[0m[2m:[0m Recipe "connman_1.41.bb": 1 tasks total (0 from main, 1 from includes), 0 helpers total (0 from main, 0 from includes)
[2m2025-12-06T06:29:14.640719Z[0m [32m INFO[0m [2mconvenient_bitbake::pipeline[0m[2m:[0m ✓ Extracted 0 tasks from "autotools.bbclass" for recipe "usbutils_014.bb"
[2m2025-12-06T06:29:14.641267Z[0m [32m INFO[0m [2mconvenient_bitbake::pipeline[0m[2m:[0m ✓ Extracted 0 tasks from "autotools.bbclass" for recipe "libpcap_1.10.1.bb"
[2m2025-12-06T06:29:14.641303Z[0m [32m INFO[0m [2mconvenient_bitbake::pipeline[0m[2m:[0m ✓ Extracted 0 tasks from "update-rc.d.bbclass" for recipe "bind_9.18.41.bb"
[2m2025-12-06T06:29:14.641500Z[0m [32m INFO[0m [2mconvenient_bitbake::pipeline[0m[2m:[0m ✓ Extracted 0 tasks from "autotools.bbclass" for recipe "lrzsz_0.12.20.bb"
[2m2025-12-06T06:29:14.642595Z[0m [32m INFO[0m [2mconvenient_bitbake::pipeline[0m[2m:[0m Recipe "usbinit.bb": 1 tasks total (1 from main, 0 from includes), 3 helpers total (0 from main, 3 from includes)
[2m2025-12-06T06:29:14.644218Z[0m [32m INFO[0m [2mconvenient_bitbake::pipeline[0m[2m:[0m ✓ Extracted 0 tasks from "autotools.bbclass" for recipe "ofono_1.34.bb"
[2m2025-12-06T06:29:14.645813Z[0m [32m INFO[0m [2mconvenient_bitbake::pipeline[0m[2m:[0m ✓ Extracted 0 tasks from "autotools.bbclass" for recipe "inetutils_2.2.bb"
[2m2025-12-06T06:29:14.646821Z[0m [32m INFO[0m [2mconvenient_bitbake::pipeline[0m[2m:[0m Recipe "pm-utils_1.4.1.bb": 1 tasks total (1 from main, 0 from includes), 6 helpers total (0 from main, 6 from includes)
[2m2025-12-06T06:29:14.647065Z[0m [32m INFO[0m [2mconvenient_bitbake::pipeline[0m[2m:[0m ✓ Extracted 0 tasks from "systemd.bbclass" for recipe "dhcpcd_9.4.1.bb"
[2m2025-12-06T06:29:14.648041Z[0m [32m INFO[0m [2mconvenient_bitbake::pipeline[0m[2m:[0m ✓ Extracted 0 tasks from "useradd.bbclass" for recipe "nfs-utils_2.6.1.bb"
[2m2025-12-06T06:29:14.648543Z[0m [32m INFO[0m [2mconvenient_bitbake::pipeline[0m[2m:[0m ✓ Extracted 1 tasks from "binconfig-disabled.bbclass" for recipe "libpcap_1.10.1.bb"
[2m2025-12-06T06:29:14.648929Z[0m [32m INFO[0m [2mconvenient_bitbake::pipeline[0m[2m:[0m Recipe "pciutils_3.7.0.bb": 2 tasks total (2 from main, 0 from includes), 1 helpers total (0 from main, 1 from includes)
[2m2025-12-06T06:29:14.648953Z[0m [32m INFO[0m [2mconvenient_bitbake::pipeline[0m[2m:[0m ✓ Extracted 0 tasks from "autotools.bbclass" for recipe "neard_0.16.bb"
[2m2025-12-06T06:29:14.650820Z[0m [32m INFO[0m [2mconvenient_bitbake::pipeline[0m[2m:[0m ✓ Extracted 0 tasks from "systemd.bbclass" for recipe "apmd_3.2.2-15.bb"
[2m2025-12-06T06:29:14.650891Z[0m [32m INFO[0m [2mconvenient_bitbake::pipeline[0m[2m:[0m Recipe "apmd_3.2.2-15.bb": 2 tasks total (2 from main, 0 from includes), 5 helpers total (0 from main, 5 from includes)
[2m2025-12-06T06:29:14.651896Z[0m [32m INFO[0m [2mconvenient_bitbake::pipeline[0m[2m:[0m ✓ Extracted 0 tasks from "autotools.bbclass" for recipe "libuv_1.44.2.bb"
[2m2025-12-06T06:29:14.651970Z[0m [32m INFO[0m [2mconvenient_bitbake::pipeline[0m[2m:[0m Recipe "libuv_1.44.2.bb": 1 tasks total (1 from main, 0 from includes), 6 helpers total (0 from main, 6 from includes)
[2m2025-12-06T06:29:14.652201Z[0m [32m INFO[0m [2mconvenient_bitbake::pipeline[0m[2m:[0m Recipe "libpcap_1.10.1.bb": 2 tasks total (1 from main, 1 from includes), 7 helpers total (0 from main, 7 from includes)
[2m2025-12-06T06:29:14.653627Z[0m [32m INFO[0m [2mconvenient_bitbake::pipeline[0m[2m:[0m ✓ Extracted 0 tasks from "autotools.bbclass" for recipe "socat_1.7.4.4.bb"
[2m2025-12-06T06:29:14.653698Z[0m [32m INFO[0m [2mconvenient_bitbake::pipeline[0m[2m:[0m Recipe "socat_1.7.4.4.bb": 1 tasks total (1 from main, 0 from includes), 6 helpers total (0 from main, 6 from includes)
[2m2025-12-06T06:29:14.654901Z[0m [32m INFO[0m [2mconvenient_bitbake::pipeline[0m[2m:[0m ✓ Extracted 0 tasks from "systemd.bbclass" for recipe "kea_2.0.2.bb"
[2m2025-12-06T06:29:14.657159Z[0m [32m INFO[0m [2mconvenient_bitbake::pipeline[0m[2m:[0m ✓ Extracted 0 tasks from "autotools.bbclass" for recipe "dbus-glib_0.112.bb"
[2m2025-12-06T06:29:14.657699Z[0m [32m INFO[0m [2mconvenient_bitbake::pipeline[0m[2m:[0m ✓ Extracted 0 tasks from "cmake.bbclass" for recipe "expat_2.5.0.bb"
[2m2025-12-06T06:29:14.658285Z[0m [32m INFO[0m [2mconvenient_bitbake::pipeline[0m[2m:[0m ✓ Extracted 0 tasks from "autotools.bbclass" for recipe "libnss-mdns_0.15.1.bb"
[2m2025-12-06T06:29:14.658715Z[0m [32m INFO[0m [2mconvenient_bitbake::pipeline[0m[2m:[0m ✓ Extracted 0 tasks from "autotools.bbclass" for recipe "dbus-wait_git.bb"
[2m2025-12-06T06:29:14.658822Z[0m [32m INFO[0m [2mconvenient_bitbake::pipeline[0m[2m:[0m ✓ Extracted 1 tasks from "deploy.bbclass" for recipe "opensbi_1.0.bb"
[2m2025-12-06T06:29:14.658873Z[0m [32m INFO[0m [2mconvenient_bitbake::pipeline[0m[2m:[0m Recipe "opensbi_1.0.bb": 3 tasks total (2 from main, 1 from includes), 0 helpers total (0 from main, 0 from includes)
[2m2025-12-06T06:29:14.662154Z[0m [32m INFO[0m [2mconvenient_bitbake::pipeline[0m[2m:[0m ✓ Extracted 0 tasks from "multilib_header.bbclass" for recipe "openssl_3.0.18.bb"
[2m2025-12-06T06:29:14.662310Z[0m [32m INFO[0m [2mconvenient_bitbake::pipeline[0m[2m:[0m ✓ Extracted 0 tasks from "update-rc.d.bbclass" for recipe "nfs-utils_2.6.1.bb"
[2m2025-12-06T06:29:14.677564Z[0m [32m INFO[0m [2mconvenient_bitbake::pipeline[0m[2m:[0m ✓ Extracted 0 tasks from "useradd.bbclass" for recipe "dhcpcd_9.4.1.bb"
[2m2025-12-06T06:29:14.663806Z[0m [32m INFO[0m [2mconvenient_bitbake::pipeline[0m[2m:[0m ✓ Extracted 1 tasks from "dropbear.inc" for recipe "dropbear_2020.81.bb"
[2m2025-12-06T06:29:14.664076Z[0m [32m INFO[0m [2mconvenient_bitbake::pipeline[0m[2m:[0m Recipe "usbutils_014.bb": 0 tasks total (0 from main, 0 from includes), 6 helpers total (0 from main, 6 from includes)
[2m2025-12-06T06:29:14.664780Z[0m [32m INFO[0m [2mconvenient_bitbake::pipeline[0m[2m:[0m ✓ Extracted 0 tasks from "systemd.bbclass" for recipe "wpa-supplicant_2.10.bb"
[2m2025-12-06T06:29:14.677816Z[0m [32m INFO[0m [2mconvenient_bitbake::pipeline[0m[2m:[0m Recipe "dhcpcd_9.4.1.bb": 1 tasks total (1 from main, 0 from includes), 4 helpers total (0 from main, 4 from includes)
[2m2025-12-06T06:29:14.678076Z[0m [32m INFO[0m [2mconvenient_bitbake::pipeline[0m[2m:[0m Recipe "libnss-mdns_0.15.1.bb": 0 tasks total (0 from main, 0 from includes), 6 helpers total (0 from main, 6 from includes)
[2m2025-12-06T06:29:14.677922Z[0m [32m INFO[0m [2mconvenient_bitbake::pipeline[0m[2m:[0m Recipe "dropbear_2020.81.bb": 1 tasks total (0 from main, 1 from includes), 0 helpers total (0 from main, 0 from includes)
[2m2025-12-06T06:29:14.678260Z[0m [32m INFO[0m [2mconvenient_bitbake::pipeline[0m[2m:[0m ✓ Extracted 0 tasks from "systemd.bbclass" for recipe "bind_9.18.41.bb"
[2m2025-12-06T06:29:14.677906Z[0m [32m INFO[0m [2mconvenient_bitbake::pipeline[0m[2m:[0m Recipe "dbus-wait_git.bb": 0 tasks total (0 from main, 0 from includes), 6 helpers total (0 from main, 6 from includes)
[2m2025-12-06T06:29:14.678021Z[0m [32m INFO[0m [2mconvenient_bitbake::pipeline[0m[2m:[0m Recipe "wpa-supplicant_2.10.bb": 3 tasks total (3 from main, 0 from includes), 2 helpers total (0 from main, 2 from includes)
[2m2025-12-06T06:29:14.679072Z[0m [32m INFO[0m [2mconvenient_bitbake::pipeline[0m[2m:[0m ✓ Extracted 0 tasks from "autotools.bbclass" for recipe "base-passwd_3.5.52.bb"
[2m2025-12-06T06:29:14.679149Z[0m [32m INFO[0m [2mconvenient_bitbake::pipeline[0m[2m:[0m Recipe "base-passwd_3.5.52.bb": 1 tasks total (1 from main, 0 from includes), 8 helpers total (2 from main, 6 from includes)
[2m2025-12-06T06:29:14.679817Z[0m [32m INFO[0m [2mconvenient_bitbake::pipeline[0m[2m:[0m ✓ Extracted 0 tasks from "update-rc.d.bbclass" for recipe "kea_2.0.2.bb"
[2m2025-12-06T06:29:14.681008Z[0m [32m INFO[0m [2mconvenient_bitbake::pipeline[0m[2m:[0m ✓ Extracted 0 tasks from "autotools.bbclass" for recipe "ell_0.50.bb"
[2m2025-12-06T06:29:14.682655Z[0m [32m INFO[0m [2mconvenient_bitbake::pipeline[0m[2m:[0m ✓ Extracted 1 tasks from "glibc-locale.inc" for recipe "glibc-locale_2.35.bb"
[2m2025-12-06T06:29:14.682777Z[0m [32m INFO[0m [2mconvenient_bitbake::pipeline[0m[2m:[0m Recipe "glibc-locale_2.35.bb": 1 tasks total (0 from main, 1 from includes), 1 helpers total (0 from main, 1 from includes)
[2m2025-12-06T06:29:14.682859Z[0m [32m INFO[0m [2mconvenient_bitbake::pipeline[0m[2m:[0m Recipe "ell_0.50.bb": 1 tasks total (1 from main, 0 from includes), 6 helpers total (0 from main, 6 from includes)
[2m2025-12-06T06:29:14.683904Z[0m [32m INFO[0m [2mconvenient_bitbake::pipeline[0m[2m:[0m Recipe "kea_2.0.2.bb": 2 tasks total (2 from main, 0 from includes), 11 helpers total (0 from main, 11 from includes)
[2m2025-12-06T06:29:14.685187Z[0m [32m INFO[0m [2mconvenient_bitbake::pipeline[0m[2m:[0m ✓ Extracted 1 tasks from "glibc-scripts.inc" for recipe "glibc-scripts_2.35.bb"
[2m2025-12-06T06:29:14.685243Z[0m [32m INFO[0m [2mconvenient_bitbake::pipeline[0m[2m:[0m Recipe "glibc-scripts_2.35.bb": 1 tasks total (0 from main, 1 from includes), 0 helpers total (0 from main, 0 from includes)
[2m2025-12-06T06:29:14.685300Z[0m [32m INFO[0m [2mconvenient_bitbake::pipeline[0m[2m:[0m ✓ Extracted 0 tasks from "update-rc.d.bbclass" for recipe "ofono_1.34.bb"
[2m2025-12-06T06:29:14.685846Z[0m [32m INFO[0m [2mconvenient_bitbake::pipeline[0m[2m:[0m ✓ Extracted 1 tasks from "glibc-mtrace.inc" for recipe "glibc-mtrace_2.35.bb"
[2m2025-12-06T06:29:14.685984Z[0m [32m INFO[0m [2mconvenient_bitbake::pipeline[0m[2m:[0m Recipe "glibc-mtrace_2.35.bb": 1 tasks total (0 from main, 1 from includes), 0 helpers total (0 from main, 0 from includes)
[2m2025-12-06T06:29:14.686343Z[0m [32m INFO[0m [2mconvenient_bitbake::pipeline[0m[2m:[0m ✓ Extracted 0 tasks from "multilib_script.bbclass" for recipe "openssl_3.0.18.bb"
[2m2025-12-06T06:29:14.687015Z[0m [32m INFO[0m [2mconvenient_bitbake::pipeline[0m[2m:[0m ✓ Extracted 0 tasks from "autotools.bbclass" for recipe "fts_1.2.7.bb"
[2m2025-12-06T06:29:14.687088Z[0m [32m INFO[0m [2mconvenient_bitbake::pipeline[0m[2m:[0m ✓ Extracted 6 tasks from "ptest.bbclass" for recipe "expat_2.5.0.bb"
[2m2025-12-06T06:29:14.687170Z[0m [32m INFO[0m [2mconvenient_bitbake::pipeline[0m[2m:[0m Recipe "expat_2.5.0.bb": 6 tasks total (0 from main, 6 from includes), 6 helpers total (0 from main, 6 from includes)
[2m2025-12-06T06:29:14.687324Z[0m [32m INFO[0m [2mconvenient_bitbake::pipeline[0m[2m:[0m ✓ Extracted 1 tasks from "gnomebase.bbclass" for recipe "glib-networking_2.72.2.bb"
[2m2025-12-06T06:29:14.687331Z[0m [32m INFO[0m [2mconvenient_bitbake::pipeline[0m[2m:[0m ✓ Extracted 0 tasks from "useradd.bbclass" for recipe "openssh_8.9p1.bb"
[2m2025-12-06T06:29:14.689384Z[0m [32m INFO[0m [2mconvenient_bitbake::pipeline[0m[2m:[0m Recipe "fts_1.2.7.bb": 0 tasks total (0 from main, 0 from includes), 6 helpers total (0 from main, 6 from includes)
[2m2025-12-06T06:29:14.689993Z[0m [32m INFO[0m [2mconvenient_bitbake::pipeline[0m[2m:[0m ✓ Extracted 0 tasks from "systemd.bbclass" for recipe "nfs-utils_2.6.1.bb"
[2m2025-12-06T06:29:14.691022Z[0m [32m INFO[0m [2mconvenient_bitbake::pipeline[0m[2m:[0m ✓ Extracted 0 tasks from "useradd.bbclass" for recipe "bind_9.18.41.bb"
[2m2025-12-06T06:29:14.691111Z[0m [32m INFO[0m [2mconvenient_bitbake::pipeline[0m[2m:[0m ✓ Extracted 0 tasks from "systemd.bbclass" for recipe "ppp_2.4.9.bb"
[2m2025-12-06T06:29:14.691155Z[0m [32m INFO[0m [2mconvenient_bitbake::pipeline[0m[2m:[0m Recipe "ppp_2.4.9.bb": 2 tasks total (2 from main, 0 from includes), 2 helpers total (0 from main, 2 from includes)
[2m2025-12-06T06:29:14.692817Z[0m [32m INFO[0m [2mconvenient_bitbake::pipeline[0m[2m:[0m ✓ Extracted 1 tasks from "gtk-doc.bbclass" for recipe "dbus-glib_0.112.bb"
[2m2025-12-06T06:29:14.692888Z[0m [32m INFO[0m [2mconvenient_bitbake::pipeline[0m[2m:[0m Recipe "dbus-glib_0.112.bb": 1 tasks total (0 from main, 1 from includes), 6 helpers total (0 from main, 6 from includes)
[2m2025-12-06T06:29:14.693141Z[0m [32m INFO[0m [2mconvenient_bitbake::pipeline[0m[2m:[0m Recipe "nfs-utils_2.6.1.bb": 3 tasks total (3 from main, 0 from includes), 7 helpers total (0 from main, 7 from includes)
[2m2025-12-06T06:29:14.694508Z[0m [32m INFO[0m [2mconvenient_bitbake::pipeline[0m[2m:[0m ✓ Extracted 0 tasks from "autotools.bbclass" for recipe "dbus_1.14.8.bb"
[2m2025-12-06T06:29:14.695250Z[0m [32m INFO[0m [2mconvenient_bitbake::pipeline[0m[2m:[0m ✓ Extracted 0 tasks from "autotools.bbclass" for recipe "coreutils_9.0.bb"
[2m2025-12-06T06:29:14.696081Z[0m [32m INFO[0m [2mconvenient_bitbake::pipeline[0m[2m:[0m ✓ Extracted 0 tasks from "multilib_header.bbclass" for recipe "bind_9.18.41.bb"
[2m2025-12-06T06:29:14.696512Z[0m [32m INFO[0m [2mconvenient_bitbake::pipeline[0m[2m:[0m Recipe "lrzsz_0.12.20.bb": 1 tasks total (1 from main, 0 from includes), 6 helpers total (0 from main, 6 from includes)
[2m2025-12-06T06:29:14.696920Z[0m [32m INFO[0m [2mconvenient_bitbake::pipeline[0m[2m:[0m ✓ Extracted 0 tasks from "useradd.bbclass" for recipe "ppp-dialin_0.1.bb"
[2m2025-12-06T06:29:14.696966Z[0m [32m INFO[0m [2mconvenient_bitbake::pipeline[0m[2m:[0m Recipe "ppp-dialin_0.1.bb": 1 tasks total (1 from main, 0 from includes), 2 helpers total (0 from main, 2 from includes)
[2m2025-12-06T06:29:14.697462Z[0m [32m INFO[0m [2mconvenient_bitbake::pipeline[0m[2m:[0m ✓ Extracted 0 tasks from "systemd.bbclass" for recipe "neard_0.16.bb"
[2m2025-12-06T06:29:14.697674Z[0m [32m INFO[0m [2mconvenient_bitbake::pipeline[0m[2m:[0m ✓ Extracted 0 tasks from "systemd.bbclass" for recipe "ofono_1.34.bb"
[2m2025-12-06T06:29:14.698993Z[0m [32m INFO[0m [2mconvenient_bitbake::pipeline[0m[2m:[0m ✓ Extracted 0 tasks from "setuptools3.bbclass" for recipe "build-appliance-image_15.0.0.bb"
[2m2025-12-06T06:29:14.699026Z[0m [32m INFO[0m [2mconvenient_bitbake::pipeline[0m[2m:[0m ✓ Extracted 6 tasks from "ptest.bbclass" for recipe "ifupdown_0.8.39.bb"
[2m2025-12-06T06:29:14.699032Z[0m [32m INFO[0m [2mconvenient_bitbake::pipeline[0m[2m:[0m Recipe "build-appliance-image_15.0.0.bb": 2 tasks total (2 from main, 0 from includes), 4 helpers total (1 from main, 3 from includes)
[2m2025-12-06T06:29:14.699475Z[0m [32m INFO[0m [2mconvenient_bitbake::pipeline[0m[2m:[0m ✓ Extracted 0 tasks from "autotools.bbclass" for recipe "cross-localedef-native_2.35.bb"
[2m2025-12-06T06:29:14.699803Z[0m [32m INFO[0m [2mconvenient_bitbake::pipeline[0m[2m:[0m ✓ Extracted 0 tasks from "gio-module-cache.bbclass" for recipe "glib-networking_2.72.2.bb"
[2m2025-12-06T06:29:14.700259Z[0m [32m INFO[0m [2mconvenient_bitbake::pipeline[0m[2m:[0m ✓ Extracted 1 tasks from "native.bbclass" for recipe "gettext-minimal-native_0.21.bb"
[2m2025-12-06T06:29:14.700308Z[0m [32m INFO[0m [2mconvenient_bitbake::pipeline[0m[2m:[0m Recipe "gettext-minimal-native_0.21.bb": 2 tasks total (1 from main, 1 from includes), 0 helpers total (0 from main, 0 from includes)
[2m2025-12-06T06:29:14.700475Z[0m [32m INFO[0m [2mconvenient_bitbake::pipeline[0m[2m:[0m ✓ Extracted 0 tasks from "update-rc.d.bbclass" for recipe "avahi_0.8.bb"
[2m2025-12-06T06:29:14.701253Z[0m [32m INFO[0m [2mconvenient_bitbake::pipeline[0m[2m:[0m ✓ Extracted 6 tasks from "ptest.bbclass" for recipe "openssl_3.0.18.bb"
[2m2025-12-06T06:29:14.702657Z[0m [32m INFO[0m [2mconvenient_bitbake::pipeline[0m[2m:[0m ✓ Extracted 2 tasks from "glib.inc" for recipe "glib-2.0_2.72.3.bb"
[2m2025-12-06T06:29:14.702932Z[0m [32m INFO[0m [2mconvenient_bitbake::pipeline[0m[2m:[0m ✓ Extracted 0 tasks from "autotools.bbclass" for recipe "gettext_0.21.bb"
[2m2025-12-06T06:29:14.703621Z[0m [32m INFO[0m [2mconvenient_bitbake::pipeline[0m[2m:[0m ✓ Extracted 1 tasks from "gobject-introspection-data.bbclass" for recipe "ofono_1.34.bb"
[2m2025-12-06T06:29:14.703713Z[0m [32m INFO[0m [2mconvenient_bitbake::pipeline[0m[2m:[0m Recipe "ofono_1.34.bb": 3 tasks total (2 from main, 1 from includes), 11 helpers total (0 from main, 11 from includes)
[2m2025-12-06T06:29:14.703912Z[0m [32m INFO[0m [2mconvenient_bitbake::pipeline[0m[2m:[0m Recipe "inetutils_2.2.bb": 2 tasks total (2 from main, 0 from includes), 6 helpers total (0 from main, 6 from includes)
[2m2025-12-06T06:29:14.704815Z[0m [32m INFO[0m [2mconvenient_bitbake::pipeline[0m[2m:[0m ✓ Extracted 0 tasks from "update-rc.d.bbclass" for recipe "neard_0.16.bb"
[2m2025-12-06T06:29:14.704864Z[0m [32m INFO[0m [2mconvenient_bitbake::pipeline[0m[2m:[0m ✓ Extracted 0 tasks from "update-rc.d.bbclass" for recipe "openssh_8.9p1.bb"
[2m2025-12-06T06:29:14.704828Z[0m [32m INFO[0m [2mconvenient_bitbake::pipeline[0m[2m:[0m ✓ Extracted 0 tasks from "update-rc.d.bbclass" for recipe "init-ifupdown_1.0.bb"
[2m2025-12-06T06:29:14.704939Z[0m [32m INFO[0m [2mconvenient_bitbake::pipeline[0m[2m:[0m Recipe "neard_0.16.bb": 1 tasks total (1 from main, 0 from includes), 11 helpers total (0 from main, 11 from includes)
[2m2025-12-06T06:29:14.705080Z[0m [32m INFO[0m [2mconvenient_bitbake::pipeline[0m[2m:[0m Recipe "init-ifupdown_1.0.bb": 1 tasks total (1 from main, 0 from includes), 3 helpers total (0 from main, 3 from includes)
[2m2025-12-06T06:29:14.705291Z[0m [32m INFO[0m [2mconvenient_bitbake::pipeline[0m[2m:[0m Recipe "glib-networking_2.72.2.bb": 1 tasks total (0 from main, 1 from includes), 1 helpers total (0 from main, 1 from includes)
[2m2025-12-06T06:29:14.708338Z[0m [32m INFO[0m [2mconvenient_bitbake::pipeline[0m[2m:[0m ✗ Include file not found: conf/distro/include/ptest-packagelists.inc (recipe: "core-image-ptest-fast.bb")
[2m2025-12-06T06:29:14.708839Z[0m [32m INFO[0m [2mconvenient_bitbake::pipeline[0m[2m:[0m ✓ Extracted 4 tasks from "glibc_2.35.bb" for recipe "glibc-testsuite_2.35.bb"
[2m2025-12-06T06:29:14.708952Z[0m [32m INFO[0m [2mconvenient_bitbake::pipeline[0m[2m:[0m Recipe "openssl_3.0.18.bb": 8 tasks total (3 from main, 5 from includes), 2 helpers total (0 from main, 2 from includes)
[2m2025-12-06T06:29:14.711051Z[0m [32m INFO[0m [2mconvenient_bitbake::pipeline[0m[2m:[0m ✗ Include file not found: conf/distro/include/ptest-packagelists.inc (recipe: "core-image-ptest-all.bb")
[2m2025-12-06T06:29:14.712452Z[0m [32m INFO[0m [2mconvenient_bitbake::pipeline[0m[2m:[0m ✓ Extracted 1 tasks from "glibc-tests.inc" for recipe "glibc-testsuite_2.35.bb"
[2m2025-12-06T06:29:14.712824Z[0m [32m INFO[0m [2mconvenient_bitbake::pipeline[0m[2m:[0m ✓ Extracted 6 tasks from "ptest.bbclass" for recipe "gettext_0.21.bb"
[2m2025-12-06T06:29:14.712944Z[0m [32m INFO[0m [2mconvenient_bitbake::pipeline[0m[2m:[0m Recipe "gettext_0.21.bb": 7 tasks total (3 from main, 4 from includes), 6 helpers total (0 from main, 6 from includes)
[2m2025-12-06T06:29:14.713569Z[0m [32m INFO[0m [2mconvenient_bitbake::pipeline[0m[2m:[0m ✓ Extracted 1 tasks from "native.bbclass" for recipe "ldconfig-native_2.12.1.bb"
[2m2025-12-06T06:29:14.713622Z[0m [32m INFO[0m [2mconvenient_bitbake::pipeline[0m[2m:[0m Recipe "ldconfig-native_2.12.1.bb": 3 tasks total (2 from main, 1 from includes), 0 helpers total (0 from main, 0 from includes)
[2m2025-12-06T06:29:14.714596Z[0m [32m INFO[0m [2mconvenient_bitbake::pipeline[0m[2m:[0m ✓ Extracted 6 tasks from "busybox.inc" for recipe "busybox_1.35.0.bb"
[2m2025-12-06T06:29:14.714638Z[0m [32m INFO[0m [2mconvenient_bitbake::pipeline[0m[2m:[0m Recipe "busybox_1.35.0.bb": 6 tasks total (0 from main, 6 from includes), 0 helpers total (0 from main, 0 from includes)
[2m2025-12-06T06:29:14.714941Z[0m [32m INFO[0m [2mconvenient_bitbake::pipeline[0m[2m:[0m ✓ Extracted 1 tasks from "buildtools-tarball.bb" for recipe "buildtools-docs-tarball.bb"
[2m2025-12-06T06:29:14.714977Z[0m [32m INFO[0m [2mconvenient_bitbake::pipeline[0m[2m:[0m Recipe "buildtools-docs-tarball.bb": 1 tasks total (0 from main, 1 from includes), 0 helpers total (0 from main, 0 from includes)
[2m2025-12-06T06:29:14.715549Z[0m [32m INFO[0m [2mconvenient_bitbake::pipeline[0m[2m:[0m ✓ Extracted 1 tasks from "glibc.inc" for recipe "glibc_2.35.bb"
[2m2025-12-06T06:29:14.717606Z[0m [32m INFO[0m [2mconvenient_bitbake::pipeline[0m[2m:[0m ✓ Extracted 2 tasks from "meta-environment.bb" for recipe "meta-environment-extsdk.bb"
[2m2025-12-06T06:29:14.717674Z[0m [32m INFO[0m [2mconvenient_bitbake::pipeline[0m[2m:[0m Recipe "meta-environment-extsdk.bb": 2 tasks total (0 from main, 2 from includes), 1 helpers total (0 from main, 1 from includes)
[2m2025-12-06T06:29:14.717763Z[0m [32m INFO[0m [2mconvenient_bitbake::pipeline[0m[2m:[0m ✓ Extracted 0 tasks from "toolchain-scripts.bbclass" for recipe "meta-environment.bb"
[2m2025-12-06T06:29:14.717946Z[0m [32m INFO[0m [2mconvenient_bitbake::pipeline[0m[2m:[0m ✓ Extracted 0 tasks from "toolchain-scripts.bbclass" for recipe "meta-ide-support.bb"
[2m2025-12-06T06:29:14.717951Z[0m [32m INFO[0m [2mconvenient_bitbake::pipeline[0m[2m:[0m ✓ Extracted 1 tasks from "buildtools-tarball.bb" for recipe "buildtools-extended-tarball.bb"
[2m2025-12-06T06:29:14.718090Z[0m [32m INFO[0m [2mconvenient_bitbake::pipeline[0m[2m:[0m Recipe "buildtools-extended-tarball.bb": 1 tasks total (0 from main, 1 from includes), 0 helpers total (0 from main, 0 from includes)
[2m2025-12-06T06:29:14.719030Z[0m [32m INFO[0m [2mconvenient_bitbake::pipeline[0m[2m:[0m ✓ Extracted 0 tasks from "dummy-sdk-package.inc" for recipe "nativesdk-sdk-provides-dummy.bb"
[2m2025-12-06T06:29:14.720321Z[0m [32m INFO[0m [2mconvenient_bitbake::pipeline[0m[2m:[0m Recipe "ifupdown_0.8.39.bb": 8 tasks total (3 from main, 5 from includes), 0 helpers total (0 from main, 0 from includes)
[2m2025-12-06T06:29:14.720360Z[0m [32m INFO[0m [2mconvenient_bitbake::pipeline[0m[2m:[0m Recipe "bind_9.18.41.bb": 1 tasks total (1 from main, 0 from includes), 14 helpers total (0 from main, 14 from includes)
[2m2025-12-06T06:29:14.720612Z[0m [32m INFO[0m [2mconvenient_bitbake::pipeline[0m[2m:[0m   Progress: 100/884 recipes parsed (11.3%)
[2m2025-12-06T06:29:14.721069Z[0m [32m INFO[0m [2mconvenient_bitbake::pipeline[0m[2m:[0m Recipe "meta-ide-support.bb": 1 tasks total (1 from main, 0 from includes), 5 helpers total (0 from main, 5 from includes)
[2m2025-12-06T06:29:14.721736Z[0m [32m INFO[0m [2mconvenient_bitbake::pipeline[0m[2m:[0m ✓ Extracted 0 tasks from "autotools.bbclass" for recipe "libcgroup_2.0.2.bb"
[2m2025-12-06T06:29:14.722063Z[0m [32m INFO[0m [2mconvenient_bitbake::pipeline[0m[2m:[0m ✓ Extracted 1 tasks from "native.bbclass" for recipe "cross-localedef-native_2.35.bb"
[2m2025-12-06T06:29:14.722117Z[0m [32m INFO[0m [2mconvenient_bitbake::pipeline[0m[2m:[0m Recipe "cross-localedef-native_2.35.bb": 2 tasks total (1 from main, 1 from includes), 6 helpers total (0 from main, 6 from includes)
[2m2025-12-06T06:29:14.722594Z[0m [32m INFO[0m [2mconvenient_bitbake::pipeline[0m[2m:[0m ✓ Extracted 0 tasks from "dummy-sdk-package.inc" for recipe "nativesdk-buildtools-perl-dummy.bb"
[2m2025-12-06T06:29:14.722689Z[0m [32m INFO[0m [2mconvenient_bitbake::pipeline[0m[2m:[0m ✓ Extracted 0 tasks from "useradd.bbclass" for recipe "dbus_1.14.8.bb"
[2m2025-12-06T06:29:14.722953Z[0m [32m INFO[0m [2mconvenient_bitbake::pipeline[0m[2m:[0m ✓ Extracted 0 tasks from "dummy-sdk-package.inc" for recipe "target-sdk-provides-dummy.bb"
[2m2025-12-06T06:29:14.723001Z[0m [32m INFO[0m [2mconvenient_bitbake::pipeline[0m[2m:[0m Recipe "target-sdk-provides-dummy.bb": 0 tasks total (0 from main, 0 from includes), 1 helpers total (0 from main, 1 from includes)
[2m2025-12-06T06:29:14.724012Z[0m [32m INFO[0m [2mconvenient_bitbake::pipeline[0m[2m:[0m ✓ Extracted 0 tasks from "autotools.bbclass" for recipe "kbd_2.4.0.bb"
[2m2025-12-06T06:29:14.724703Z[0m [32m INFO[0m [2mconvenient_bitbake::pipeline[0m[2m:[0m ✓ Extracted 4 tasks from "glibc_2.35.bb" for recipe "glibc-tests_2.35.bb"
[2m2025-12-06T06:29:14.724789Z[0m [32m INFO[0m [2mconvenient_bitbake::pipeline[0m[2m:[0m Recipe "libcgroup_2.0.2.bb": 1 tasks total (1 from main, 0 from includes), 6 helpers total (0 from main, 6 from includes)
[2m2025-12-06T06:29:14.725721Z[0m [32m INFO[0m [2mconvenient_bitbake::pipeline[0m[2m:[0m ✓ Extracted 1 tasks from "gnomebase.bbclass" for recipe "libxml2_2.9.14.bb"
[2m2025-12-06T06:29:14.726711Z[0m [32m INFO[0m [2mconvenient_bitbake::pipeline[0m[2m:[0m ✓ Extracted 0 tasks from "toolchain-scripts-base.bbclass" for recipe "buildtools-tarball.bb"
[2m2025-12-06T06:29:14.726975Z[0m [32m INFO[0m [2mconvenient_bitbake::pipeline[0m[2m:[0m ✓ Extracted 1 tasks from "glibc-tests.inc" for recipe "glibc-tests_2.35.bb"
[2m2025-12-06T06:29:14.728315Z[0m [32m INFO[0m [2mconvenient_bitbake::pipeline[0m[2m:[0m ✓ Extracted 1 tasks from "newlib.inc" for recipe "libgloss_4.2.0.bb"
[2m2025-12-06T06:29:14.729271Z[0m [32m INFO[0m [2mconvenient_bitbake::pipeline[0m[2m:[0m Recipe "glibc-testsuite_2.35.bb": 5 tasks total (1 from main, 4 from includes), 0 helpers total (0 from main, 0 from includes)
[2m2025-12-06T06:29:14.729904Z[0m [32m INFO[0m [2mconvenient_bitbake::pipeline[0m[2m:[0m ✓ Extracted 1 tasks from "newlib.inc" for recipe "newlib_4.2.0.bb"
[2m2025-12-06T06:29:14.730054Z[0m [32m INFO[0m [2mconvenient_bitbake::pipeline[0m[2m:[0m Recipe "buildtools-tarball.bb": 1 tasks total (1 from main, 0 from includes), 1 helpers total (0 from main, 1 from includes)
[2m2025-12-06T06:29:14.730064Z[0m [32m INFO[0m [2mconvenient_bitbake::pipeline[0m[2m:[0m ✓ Extracted 4 tasks from "glibc-package.inc" for recipe "glibc_2.35.bb"
[2m2025-12-06T06:29:14.730271Z[0m [32m INFO[0m [2mconvenient_bitbake::pipeline[0m[2m:[0m ✓ Extracted 1 tasks from "deploy.bbclass" for recipe "signing-keys.bb"
[2m2025-12-06T06:29:14.730286Z[0m [32m INFO[0m [2mconvenient_bitbake::pipeline[0m[2m:[0m Recipe "glibc_2.35.bb": 8 tasks total (4 from main, 4 from includes), 3 helpers total (0 from main, 3 from includes)
[2m2025-12-06T06:29:14.730323Z[0m [32m INFO[0m [2mconvenient_bitbake::pipeline[0m[2m:[0m Recipe "signing-keys.bb": 4 tasks total (3 from main, 1 from includes), 0 helpers total (0 from main, 0 from includes)
[2m2025-12-06T06:29:14.731543Z[0m [32m INFO[0m [2mconvenient_bitbake::pipeline[0m[2m:[0m ✓ Extracted 0 tasks from "autotools.bbclass" for recipe "musl-obstack.bb"
[2m2025-12-06T06:29:14.731718Z[0m [32m INFO[0m [2mconvenient_bitbake::pipeline[0m[2m:[0m Recipe "nativesdk-buildtools-perl-dummy.bb": 0 tasks total (0 from main, 0 from includes), 1 helpers total (0 from main, 1 from includes)
[2m2025-12-06T06:29:14.731797Z[0m [32m INFO[0m [2mconvenient_bitbake::pipeline[0m[2m:[0m ✓ Extracted 0 tasks from "update-rc.d.bbclass" for recipe "dbus_1.14.8.bb"
[2m2025-12-06T06:29:14.731858Z[0m [32m INFO[0m [2mconvenient_bitbake::pipeline[0m[2m:[0m Recipe "dbus_1.14.8.bb": 1 tasks total (1 from main, 0 from includes), 11 helpers total (0 from main, 11 from includes)
[2m2025-12-06T06:29:14.732093Z[0m [32m INFO[0m [2mconvenient_bitbake::pipeline[0m[2m:[0m ✓ Extracted 0 tasks from "toolchain-scripts-base.bbclass" for recipe "testexport-tarball.bb"
[2m2025-12-06T06:29:14.732841Z[0m [32m INFO[0m [2mconvenient_bitbake::pipeline[0m[2m:[0m ✓ Extracted 0 tasks from "systemd.bbclass" for recipe "avahi_0.8.bb"
[2m2025-12-06T06:29:14.733118Z[0m [32m INFO[0m [2mconvenient_bitbake::pipeline[0m[2m:[0m Recipe "nativesdk-sdk-provides-dummy.bb": 0 tasks total (0 from main, 0 from includes), 1 helpers total (0 from main, 1 from includes)
[2m2025-12-06T06:29:14.733352Z[0m [32m INFO[0m [2mconvenient_bitbake::pipeline[0m[2m:[0m Recipe "musl-obstack.bb": 0 tasks total (0 from main, 0 from includes), 6 helpers total (0 from main, 6 from includes)
[2m2025-12-06T06:29:14.734607Z[0m [32m INFO[0m [2mconvenient_bitbake::pipeline[0m[2m:[0m ✓ Extracted 0 tasks from "autotools.bbclass" for recipe "musl-utils.bb"
[2m2025-12-06T06:29:14.734668Z[0m [32m INFO[0m [2mconvenient_bitbake::pipeline[0m[2m:[0m Recipe "musl-utils.bb": 0 tasks total (0 from main, 0 from includes), 6 helpers total (0 from main, 6 from includes)
[2m2025-12-06T06:29:14.737420Z[0m [32m INFO[0m [2mconvenient_bitbake::pipeline[0m[2m:[0m ✓ Extracted 6 tasks from "ptest.bbclass" for recipe "glibc-tests_2.35.bb"
[2m2025-12-06T06:29:14.740660Z[0m [32m INFO[0m [2mconvenient_bitbake::pipeline[0m[2m:[0m ✓ Extracted 0 tasks from "cross-canadian.bbclass" for recipe "meta-environment.bb"
[2m2025-12-06T06:29:14.741146Z[0m [32m INFO[0m [2mconvenient_bitbake::pipeline[0m[2m:[0m Recipe "meta-environment.bb": 2 tasks total (2 from main, 0 from includes), 7 helpers total (1 from main, 6 from includes)
[2m2025-12-06T06:29:14.740964Z[0m [32m INFO[0m [2mconvenient_bitbake::pipeline[0m[2m:[0m Recipe "glibc-tests_2.35.bb": 11 tasks total (2 from main, 9 from includes), 1 helpers total (1 from main, 0 from includes)
[2m2025-12-06T06:29:14.777737Z[0m [32m INFO[0m [2mconvenient_bitbake::pipeline[0m[2m:[0m Recipe "testexport-tarball.bb": 0 tasks total (0 from main, 0 from includes), 1 helpers total (0 from main, 1 from includes)
[2m2025-12-06T06:29:14.780865Z[0m [32m INFO[0m [2mconvenient_bitbake::pipeline[0m[2m:[0m ✓ Extracted 0 tasks from "autotools.bbclass" for recipe "libxml2_2.9.14.bb"
[2m2025-12-06T06:29:14.781539Z[0m [32m INFO[0m [2mconvenient_bitbake::pipeline[0m[2m:[0m ✓ Extracted 2 tasks from "readline.inc" for recipe "readline_8.1.2.bb"
[2m2025-12-06T06:29:14.781587Z[0m [32m INFO[0m [2mconvenient_bitbake::pipeline[0m[2m:[0m Recipe "readline_8.1.2.bb": 2 tasks total (0 from main, 2 from includes), 0 helpers total (0 from main, 0 from includes)
[2m2025-12-06T06:29:14.781766Z[0m [32m INFO[0m [2mconvenient_bitbake::pipeline[0m[2m:[0m Recipe "glib-2.0_2.72.3.bb": 2 tasks total (0 from main, 2 from includes), 0 helpers total (0 from main, 0 from includes)
[2m2025-12-06T06:29:14.781856Z[0m [32m INFO[0m [2mconvenient_bitbake::pipeline[0m[2m:[0m ✓ Extracted 0 tasks from "cross-canadian.bbclass" for recipe "packagegroup-cross-canadian.bb"
[2m2025-12-06T06:29:14.784320Z[0m [32m INFO[0m [2mconvenient_bitbake::pipeline[0m[2m:[0m ✓ Extracted 0 tasks from "cross-canadian.bbclass" for recipe "packagegroup-go-cross-canadian.bb"
[2m2025-12-06T06:29:14.785021Z[0m [32m INFO[0m [2mconvenient_bitbake::pipeline[0m[2m:[0m ✓ Extracted 1 tasks from "binconfig-disabled.bbclass" for recipe "libxml2_2.9.14.bb"
[2m2025-12-06T06:29:14.787009Z[0m [32m INFO[0m [2mconvenient_bitbake::pipeline[0m[2m:[0m ✓ Extracted 1 tasks from "meson.bbclass" for recipe "libucontext_1.2.bb"
[2m2025-12-06T06:29:14.787056Z[0m [32m INFO[0m [2mconvenient_bitbake::pipeline[0m[2m:[0m Recipe "libucontext_1.2.bb": 1 tasks total (0 from main, 1 from includes), 3 helpers total (0 from main, 3 from includes)
[2m2025-12-06T06:29:14.787703Z[0m [32m INFO[0m [2mconvenient_bitbake::pipeline[0m[2m:[0m Recipe "packagegroup-cross-canadian.bb": 0 tasks total (0 from main, 0 from includes), 1 helpers total (0 from main, 1 from includes)
[2m2025-12-06T06:29:14.788901Z[0m [32m INFO[0m [2mconvenient_bitbake::pipeline[0m[2m:[0m ✓ Extracted 1 tasks from "native.bbclass" for recipe "cve-update-db-native.bb"
[2m2025-12-06T06:29:14.788958Z[0m [32m INFO[0m [2mconvenient_bitbake::pipeline[0m[2m:[0m Recipe "cve-update-db-native.bb": 2 tasks total (1 from main, 1 from includes), 0 helpers total (0 from main, 0 from includes)
[2m2025-12-06T06:29:14.791181Z[0m [32m INFO[0m [2mconvenient_bitbake::pipeline[0m[2m:[0m ✓ Extracted 4 tasks from "ncurses.inc" for recipe "ncurses_6.3+20220423.bb"
[2m2025-12-06T06:29:14.791238Z[0m [32m INFO[0m [2mconvenient_bitbake::pipeline[0m[2m:[0m Recipe "ncurses_6.3+20220423.bb": 4 tasks total (0 from main, 4 from includes), 1 helpers total (0 from main, 1 from includes)
[2m2025-12-06T06:29:14.792459Z[0m [32m INFO[0m [2mconvenient_bitbake::pipeline[0m[2m:[0m ✓ Extracted 6 tasks from "ptest.bbclass" for recipe "libxml2_2.9.14.bb"
[2m2025-12-06T06:29:14.792697Z[0m [32m INFO[0m [2mconvenient_bitbake::pipeline[0m[2m:[0m ✓ Extracted 1 tasks from "deploy.bbclass" for recipe "ovmf_git.bb"
[2m2025-12-06T06:29:14.792771Z[0m [32m INFO[0m [2mconvenient_bitbake::pipeline[0m[2m:[0m Recipe "ovmf_git.bb": 2 tasks total (1 from main, 1 from includes), 4 helpers total (4 from main, 0 from includes)
[2m2025-12-06T06:29:14.794398Z[0m [32m INFO[0m [2mconvenient_bitbake::pipeline[0m[2m:[0m Recipe "packagegroup-go-cross-canadian.bb": 0 tasks total (0 from main, 0 from includes), 1 helpers total (0 from main, 1 from includes)
[2m2025-12-06T06:29:14.796926Z[0m [32m INFO[0m [2mconvenient_bitbake::pipeline[0m[2m:[0m Recipe "libxml2_2.9.14.bb": 8 tasks total (3 from main, 5 from includes), 7 helpers total (0 from main, 7 from includes)
[2m2025-12-06T06:29:14.798057Z[0m [32m INFO[0m [2mconvenient_bitbake::pipeline[0m[2m:[0m Recipe "kbd_2.4.0.bb": 1 tasks total (1 from main, 0 from includes), 6 helpers total (0 from main, 6 from includes)
[2m2025-12-06T06:29:14.802173Z[0m [32m INFO[0m [2mconvenient_bitbake::pipeline[0m[2m:[0m ✓ Extracted 1 tasks from "native.bbclass" for recipe "cve-update-nvd2-native.bb"
[2m2025-12-06T06:29:14.802262Z[0m [32m INFO[0m [2mconvenient_bitbake::pipeline[0m[2m:[0m Recipe "cve-update-nvd2-native.bb": 3 tasks total (2 from main, 1 from includes), 0 helpers total (0 from main, 0 from includes)
[2m2025-12-06T06:29:14.802339Z[0m [32m INFO[0m [2mconvenient_bitbake::pipeline[0m[2m:[0m ✓ Extracted 6 tasks from "ptest.bbclass" for recipe "zlib_1.2.11.bb"
[2m2025-12-06T06:29:14.802406Z[0m [32m INFO[0m [2mconvenient_bitbake::pipeline[0m[2m:[0m ✓ Extracted 1 tasks from "automake.inc" for recipe "automake_1.16.5.bb"
[2m2025-12-06T06:29:14.802442Z[0m [32m INFO[0m [2mconvenient_bitbake::pipeline[0m[2m:[0m ✓ Extracted 0 tasks from "useradd.bbclass" for recipe "avahi_0.8.bb"
[2m2025-12-06T06:29:14.802480Z[0m [32m INFO[0m [2mconvenient_bitbake::pipeline[0m[2m:[0m Recipe "automake_1.16.5.bb": 2 tasks total (1 from main, 1 from includes), 0 helpers total (0 from main, 0 from includes)
[2m2025-12-06T06:29:14.802410Z[0m [32m INFO[0m [2mconvenient_bitbake::pipeline[0m[2m:[0m Recipe "zlib_1.2.11.bb": 9 tasks total (4 from main, 5 from includes), 0 helpers total (0 from main, 0 from includes)
[2m2025-12-06T06:29:14.802535Z[0m [32m INFO[0m [2mconvenient_bitbake::pipeline[0m[2m:[0m Recipe "avahi_0.8.bb": 3 tasks total (4 from main, 0 from includes), 13 helpers total (0 from main, 13 from includes)
[2m2025-12-06T06:29:14.802587Z[0m [32m INFO[0m [2mconvenient_bitbake::pipeline[0m[2m:[0m ✓ Extracted 1 tasks from "meson.bbclass" for recipe "seatd_0.6.4.bb"
[2m2025-12-06T06:29:14.803911Z[0m [32m INFO[0m [2mconvenient_bitbake::pipeline[0m[2m:[0m ✓ Extracted 0 tasks from "autotools.bbclass" for recipe "sysfsutils_2.1.0.bb"
[2m2025-12-06T06:29:14.803954Z[0m [32m INFO[0m [2mconvenient_bitbake::pipeline[0m[2m:[0m Recipe "sysfsutils_2.1.0.bb": 0 tasks total (0 from main, 0 from includes), 6 helpers total (0 from main, 6 from includes)
[2m2025-12-06T06:29:14.803970Z[0m [32m INFO[0m [2mconvenient_bitbake::pipeline[0m[2m:[0m ✗ Include file not found: recipes-devtools/rust/rust-source.inc (recipe: "cargo_1.59.0.bb")
[2m2025-12-06T06:29:14.804277Z[0m [32m INFO[0m [2mconvenient_bitbake::pipeline[0m[2m:[0m ✓ Extracted 0 tasks from "autotools.bbclass" for recipe "eudev_3.2.10.bb"
[2m2025-12-06T06:29:14.804298Z[0m [32m INFO[0m [2mconvenient_bitbake::pipeline[0m[2m:[0m ✗ Include file not found: recipes-devtools/rust/rust-source.inc (recipe: "cargo-cross-canadian_1.59.0.bb")
[2m2025-12-06T06:29:14.804933Z[0m [32m INFO[0m [2mconvenient_bitbake::pipeline[0m[2m:[0m ✗ Include file not found: recipes-devtools/rust/rust-snapshot.inc (recipe: "cargo_1.59.0.bb")
[2m2025-12-06T06:29:14.805015Z[0m [32m INFO[0m [2mconvenient_bitbake::pipeline[0m[2m:[0m ✓ Extracted 0 tasks from "autotools.bbclass" for recipe "psplash_git.bb"
[2m2025-12-06T06:29:14.805654Z[0m [32m INFO[0m [2mconvenient_bitbake::pipeline[0m[2m:[0m ✗ Include file not found: recipes-devtools/rust/rust-snapshot.inc (recipe: "cargo-cross-canadian_1.59.0.bb")
[2m2025-12-06T06:29:14.806606Z[0m [32m INFO[0m [2mconvenient_bitbake::pipeline[0m[2m:[0m ✓ Extracted 6 tasks from "ptest.bbclass" for recipe "coreutils_9.0.bb"
[2m2025-12-06T06:29:14.806666Z[0m [32m INFO[0m [2mconvenient_bitbake::pipeline[0m[2m:[0m Recipe "coreutils_9.0.bb": 8 tasks total (3 from main, 5 from includes), 6 helpers total (0 from main, 6 from includes)
[2m2025-12-06T06:29:14.808097Z[0m [32m INFO[0m [2mconvenient_bitbake::pipeline[0m[2m:[0m ✓ Extracted 3 tasks from "binutils.inc" for recipe "binutils-cross_2.38.bb"
[2m2025-12-06T06:29:14.809741Z[0m [32m INFO[0m [2mconvenient_bitbake::pipeline[0m[2m:[0m ✓ Extracted 0 tasks from "autotools.bbclass" for recipe "util-linux-libuuid_2.37.4.bb"
[2m2025-12-06T06:29:14.809869Z[0m [32m INFO[0m [2mconvenient_bitbake::pipeline[0m[2m:[0m ✓ Extracted 3 tasks from "cargo.inc" for recipe "cargo_1.59.0.bb"
[2m2025-12-06T06:29:14.809995Z[0m [32m INFO[0m [2mconvenient_bitbake::pipeline[0m[2m:[0m Recipe "cargo_1.59.0.bb": 3 tasks total (0 from main, 3 from includes), 0 helpers total (0 from main, 0 from includes)
[2m2025-12-06T06:29:14.810169Z[0m [32m INFO[0m [2mconvenient_bitbake::pipeline[0m[2m:[0m ✓ Extracted 1 tasks from "meson.bbclass" for recipe "systemd-boot_250.14.bb"
[2m2025-12-06T06:29:14.810577Z[0m [32m INFO[0m [2mconvenient_bitbake::pipeline[0m[2m:[0m ✓ Extracted 0 tasks from "cross-canadian.bbclass" for recipe "packagegroup-rust-cross-canadian.bb"
[2m2025-12-06T06:29:14.811279Z[0m [32m INFO[0m [2mconvenient_bitbake::pipeline[0m[2m:[0m ✓ Extracted 0 tasks from "systemd.bbclass" for recipe "systemd-machine-units_1.0.bb"
[2m2025-12-06T06:29:14.811339Z[0m [32m INFO[0m [2mconvenient_bitbake::pipeline[0m[2m:[0m Recipe "systemd-machine-units_1.0.bb": 0 tasks total (0 from main, 0 from includes), 2 helpers total (0 from main, 2 from includes)
[2m2025-12-06T06:29:14.812905Z[0m [32m INFO[0m [2mconvenient_bitbake::pipeline[0m[2m:[0m ✓ Extracted 0 tasks from "cmake.bbclass" for recipe "ccache_4.6.bb"
[2m2025-12-06T06:29:14.812949Z[0m [32m INFO[0m [2mconvenient_bitbake::pipeline[0m[2m:[0m Recipe "ccache_4.6.bb": 0 tasks total (0 from main, 0 from includes), 6 helpers total (0 from main, 6 from includes)
[2m2025-12-06T06:29:14.813387Z[0m [32m INFO[0m [2mconvenient_bitbake::pipeline[0m[2m:[0m Recipe "util-linux-libuuid_2.37.4.bb": 1 tasks total (1 from main, 0 from includes), 6 helpers total (0 from main, 6 from includes)
[2m2025-12-06T06:29:14.816864Z[0m [32m INFO[0m [2mconvenient_bitbake::pipeline[0m[2m:[0m ✓ Extracted 3 tasks from "cargo-cross-canadian.inc" for recipe "cargo-cross-canadian_1.59.0.bb"
[2m2025-12-06T06:29:14.816956Z[0m [32m INFO[0m [2mconvenient_bitbake::pipeline[0m[2m:[0m Recipe "cargo-cross-canadian_1.59.0.bb": 3 tasks total (0 from main, 3 from includes), 0 helpers total (0 from main, 0 from includes)
[2m2025-12-06T06:29:14.817902Z[0m [32m INFO[0m [2mconvenient_bitbake::pipeline[0m[2m:[0m ✓ Extracted 1 tasks from "native.bbclass" for recipe "systemd-systemctl-native.bb"
[2m2025-12-06T06:29:14.817935Z[0m [32m INFO[0m [2mconvenient_bitbake::pipeline[0m[2m:[0m Recipe "systemd-systemctl-native.bb": 2 tasks total (1 from main, 1 from includes), 0 helpers total (0 from main, 0 from includes)
[2m2025-12-06T06:29:14.817972Z[0m [32m INFO[0m [2mconvenient_bitbake::pipeline[0m[2m:[0m ✓ Extracted 0 tasks from "update-rc.d.bbclass" for recipe "psplash_git.bb"
[2m2025-12-06T06:29:14.820597Z[0m [32m INFO[0m [2mconvenient_bitbake::pipeline[0m[2m:[0m ✓ Extracted 0 tasks from "autotools.bbclass" for recipe "autoconf_2.71.bb"
[2m2025-12-06T06:29:14.822186Z[0m [32m INFO[0m [2mconvenient_bitbake::pipeline[0m[2m:[0m ✓ Extracted 0 tasks from "cmake.bbclass" for recipe "createrepo-c_0.19.0.bb"
[2m2025-12-06T06:29:14.822376Z[0m [32m INFO[0m [2mconvenient_bitbake::pipeline[0m[2m:[0m Recipe "autoconf_2.71.bb": 1 tasks total (1 from main, 0 from includes), 7 helpers total (1 from main, 6 from includes)
[2m2025-12-06T06:29:14.822582Z[0m [32m INFO[0m [2mconvenient_bitbake::pipeline[0m[2m:[0m ✓ Extracted 1 tasks from "deploy.bbclass" for recipe "systemd-boot_250.14.bb"
[2m2025-12-06T06:29:14.822698Z[0m [32m INFO[0m [2mconvenient_bitbake::pipeline[0m[2m:[0m ✓ Extracted 3 tasks from "binutils.inc" for recipe "binutils-cross-canadian_2.38.bb"
[2m2025-12-06T06:29:14.822757Z[0m [32m INFO[0m [2mconvenient_bitbake::pipeline[0m[2m:[0m Recipe "systemd-boot_250.14.bb": 5 tasks total (4 from main, 1 from includes), 3 helpers total (0 from main, 3 from includes)
[2m2025-12-06T06:29:14.822930Z[0m [32m INFO[0m [2mconvenient_bitbake::pipeline[0m[2m:[0m ✓ Extracted 1 tasks from "binutils-cross.inc" for recipe "binutils-cross_2.38.bb"
[2m2025-12-06T06:29:14.822971Z[0m [32m INFO[0m [2mconvenient_bitbake::pipeline[0m[2m:[0m Recipe "binutils-cross_2.38.bb": 3 tasks total (0 from main, 3 from includes), 0 helpers total (0 from main, 0 from includes)
[2m2025-12-06T06:29:14.824005Z[0m [32m INFO[0m [2mconvenient_bitbake::pipeline[0m[2m:[0m ✓ Extracted 0 tasks from "cmake.bbclass" for recipe "cmake_3.22.3.bb"
[2m2025-12-06T06:29:14.824257Z[0m [32m INFO[0m [2mconvenient_bitbake::pipeline[0m[2m:[0m Recipe "packagegroup-rust-cross-canadian.bb": 0 tasks total (0 from main, 0 from includes), 1 helpers total (0 from main, 1 from includes)
[2m2025-12-06T06:29:14.824379Z[0m [32m INFO[0m [2mconvenient_bitbake::pipeline[0m[2m:[0m ✓ Extracted 0 tasks from "cmake.bbclass" for recipe "apt_2.4.5.bb"
[2m2025-12-06T06:29:14.825372Z[0m [32m INFO[0m [2mconvenient_bitbake::pipeline[0m[2m:[0m ✓ Extracted 3 tasks from "binutils.inc" for recipe "binutils_2.38.bb"
[2m2025-12-06T06:29:14.825760Z[0m [32m INFO[0m [2mconvenient_bitbake::pipeline[0m[2m:[0m Recipe "cmake_3.22.3.bb": 0 tasks total (0 from main, 0 from includes), 6 helpers total (0 from main, 6 from includes)
[2m2025-12-06T06:29:14.827184Z[0m [32m INFO[0m [2mconvenient_bitbake::pipeline[0m[2m:[0m ✓ Extracted 0 tasks from "update-rc.d.bbclass" for recipe "seatd_0.6.4.bb"
[2m2025-12-06T06:29:14.827227Z[0m [32m INFO[0m [2mconvenient_bitbake::pipeline[0m[2m:[0m Recipe "seatd_0.6.4.bb": 2 tasks total (1 from main, 1 from includes), 6 helpers total (0 from main, 6 from includes)
[2m2025-12-06T06:29:14.828245Z[0m [32m INFO[0m [2mconvenient_bitbake::pipeline[0m[2m:[0m ✓ Extracted 0 tasks from "update-rc.d.bbclass" for recipe "eudev_3.2.10.bb"
[2m2025-12-06T06:29:14.829275Z[0m [32m INFO[0m [2mconvenient_bitbake::pipeline[0m[2m:[0m ✓ Extracted 0 tasks from "autotools.bbclass" for recipe "autoconf-archive_2022.02.11.bb"
[2m2025-12-06T06:29:14.829762Z[0m [32m INFO[0m [2mconvenient_bitbake::pipeline[0m[2m:[0m ✓ Extracted 3 tasks from "binutils.inc" for recipe "binutils-cross-testsuite_2.38.bb"
[2m2025-12-06T06:29:14.829850Z[0m [32m INFO[0m [2mconvenient_bitbake::pipeline[0m[2m:[0m ✓ Extracted 0 tasks from "systemd.bbclass" for recipe "openssh_8.9p1.bb"
[2m2025-12-06T06:29:14.829968Z[0m [32m INFO[0m [2mconvenient_bitbake::pipeline[0m[2m:[0m ✓ Extracted 0 tasks from "autotools.bbclass" for recipe "diffstat_1.64.bb"
[2m2025-12-06T06:29:14.877694Z[0m [32m INFO[0m [2mconvenient_bitbake::pipeline[0m[2m:[0m ✓ Extracted 1 tasks from "native.bbclass" for recipe "cdrtools-native_3.01.bb"
[2m2025-12-06T06:29:14.877750Z[0m [32m INFO[0m [2mconvenient_bitbake::pipeline[0m[2m:[0m Recipe "cdrtools-native_3.01.bb": 2 tasks total (1 from main, 1 from includes), 0 helpers total (0 from main, 0 from includes)
[2m2025-12-06T06:29:14.877792Z[0m [32m INFO[0m [2mconvenient_bitbake::pipeline[0m[2m:[0m ✓ Extracted 0 tasks from "autotools.bbclass" for recipe "bison_3.8.2.bb"
[2m2025-12-06T06:29:14.878818Z[0m [32m INFO[0m [2mconvenient_bitbake::pipeline[0m[2m:[0m ✓ Extracted 0 tasks from "autotools.bbclass" for recipe "dejagnu_1.6.3.bb"
[2m2025-12-06T06:29:14.878883Z[0m [32m INFO[0m [2mconvenient_bitbake::pipeline[0m[2m:[0m Recipe "dejagnu_1.6.3.bb": 0 tasks total (0 from main, 0 from includes), 6 helpers total (0 from main, 6 from includes)
[2m2025-12-06T06:29:14.879136Z[0m [32m INFO[0m [2mconvenient_bitbake::pipeline[0m[2m:[0m ✓ Extracted 0 tasks from "autotools.bbclass" for recipe "chrpath_0.16.bb"
[2m2025-12-06T06:29:14.879247Z[0m [32m INFO[0m [2mconvenient_bitbake::pipeline[0m[2m:[0m Recipe "chrpath_0.16.bb": 0 tasks total (0 from main, 0 from includes), 6 helpers total (0 from main, 6 from includes)
[2m2025-12-06T06:29:14.879968Z[0m [32m INFO[0m [2mconvenient_bitbake::pipeline[0m[2m:[0m ✓ Extracted 0 tasks from "systemd.bbclass" for recipe "volatile-binds.bb"
[2m2025-12-06T06:29:14.880573Z[0m [32m INFO[0m [2mconvenient_bitbake::pipeline[0m[2m:[0m ✓ Extracted 1 tasks from "binutils-cross-canadian.inc" for recipe "binutils-cross-canadian_2.38.bb"
[2m2025-12-06T06:29:14.880622Z[0m [32m INFO[0m [2mconvenient_bitbake::pipeline[0m[2m:[0m Recipe "binutils-cross-canadian_2.38.bb": 3 tasks total (0 from main, 3 from includes), 0 helpers total (0 from main, 0 from includes)
[2m2025-12-06T06:29:14.884315Z[0m [32m INFO[0m [2mconvenient_bitbake::pipeline[0m[2m:[0m ✓ Extracted 0 tasks from "systemd.bbclass" for recipe "bootchart2_0.14.9.bb"
[2m2025-12-06T06:29:14.884346Z[0m [32m INFO[0m [2mconvenient_bitbake::pipeline[0m[2m:[0m ✓ Extracted 2 tasks from "dpkg.inc" for recipe "dpkg_1.21.4.bb"
[2m2025-12-06T06:29:14.884416Z[0m [32m INFO[0m [2mconvenient_bitbake::pipeline[0m[2m:[0m Recipe "dpkg_1.21.4.bb": 2 tasks total (0 from main, 2 from includes), 0 helpers total (0 from main, 0 from includes)
[2m2025-12-06T06:29:14.885149Z[0m [32m INFO[0m [2mconvenient_bitbake::pipeline[0m[2m:[0m Recipe "createrepo-c_0.19.0.bb": 0 tasks total (0 from main, 0 from includes), 6 helpers total (0 from main, 6 from includes)
[2m2025-12-06T06:29:14.885238Z[0m [32m INFO[0m [2mconvenient_bitbake::pipeline[0m[2m:[0m ✓ Extracted 0 tasks from "autotools.bbclass" for recipe "desktop-file-utils_0.26.bb"
[2m2025-12-06T06:29:14.885672Z[0m [32m INFO[0m [2mconvenient_bitbake::pipeline[0m[2m:[0m Recipe "bison_3.8.2.bb": 1 tasks total (1 from main, 0 from includes), 6 helpers total (0 from main, 6 from includes)
[2m2025-12-06T06:29:14.885918Z[0m [32m INFO[0m [2mconvenient_bitbake::pipeline[0m[2m:[0m ✓ Extracted 6 tasks from "ptest.bbclass" for recipe "openssh_8.9p1.bb"
[2m2025-12-06T06:29:14.885978Z[0m [32m INFO[0m [2mconvenient_bitbake::pipeline[0m[2m:[0m Recipe "openssh_8.9p1.bb": 8 tasks total (4 from main, 4 from includes), 7 helpers total (0 from main, 7 from includes)
[2m2025-12-06T06:29:14.886174Z[0m [32m INFO[0m [2mconvenient_bitbake::pipeline[0m[2m:[0m ✓ Extracted 0 tasks from "cmake.bbclass" for recipe "dnf_4.11.1.bb"
[2m2025-12-06T06:29:14.888133Z[0m [32m INFO[0m [2mconvenient_bitbake::pipeline[0m[2m:[0m Recipe "desktop-file-utils_0.26.bb": 1 tasks total (1 from main, 0 from includes), 6 helpers total (0 from main, 6 from includes)
[2m2025-12-06T06:29:14.888846Z[0m [32m INFO[0m [2mconvenient_bitbake::pipeline[0m[2m:[0m ✓ Extracted 0 tasks from "autotools.bbclass" for recipe "distcc_3.4.bb"
[2m2025-12-06T06:29:14.889686Z[0m [32m INFO[0m [2mconvenient_bitbake::pipeline[0m[2m:[0m Recipe "volatile-binds.bb": 2 tasks total (2 from main, 0 from includes), 2 helpers total (0 from main, 2 from includes)
[2m2025-12-06T06:29:14.890282Z[0m [32m INFO[0m [2mconvenient_bitbake::pipeline[0m[2m:[0m Recipe "binutils_2.38.bb": 3 tasks total (0 from main, 3 from includes), 0 helpers total (0 from main, 0 from includes)
[2m2025-12-06T06:29:14.890880Z[0m [32m INFO[0m [2mconvenient_bitbake::pipeline[0m[2m:[0m ✓ Extracted 0 tasks from "xmlcatalog.bbclass" for recipe "docbook-xml-dtd4_4.5.bb"
[2m2025-12-06T06:29:14.890916Z[0m [32m INFO[0m [2mconvenient_bitbake::pipeline[0m[2m:[0m Recipe "docbook-xml-dtd4_4.5.bb": 3 tasks total (3 from main, 0 from includes), 2 helpers total (0 from main, 2 from includes)
[2m2025-12-06T06:29:14.891195Z[0m [32m INFO[0m [2mconvenient_bitbake::pipeline[0m[2m:[0m ✓ Extracted 0 tasks from "useradd.bbclass" for recipe "apt_2.4.5.bb"
[2m2025-12-06T06:29:14.891201Z[0m [32m INFO[0m [2mconvenient_bitbake::pipeline[0m[2m:[0m ✓ Extracted 0 tasks from "update-rc.d.bbclass" for recipe "bootchart2_0.14.9.bb"
[2m2025-12-06T06:29:14.891249Z[0m [32m INFO[0m [2mconvenient_bitbake::pipeline[0m[2m:[0m Recipe "apt_2.4.5.bb": 2 tasks total (2 from main, 0 from includes), 9 helpers total (1 from main, 8 from includes)
[2m2025-12-06T06:29:14.891519Z[0m [32m INFO[0m [2mconvenient_bitbake::pipeline[0m[2m:[0m Recipe "autoconf-archive_2022.02.11.bb": 0 tasks total (0 from main, 0 from includes), 6 helpers total (0 from main, 6 from includes)
[2m2025-12-06T06:29:14.892017Z[0m [32m INFO[0m [2mconvenient_bitbake::pipeline[0m[2m:[0m Recipe "binutils-cross-testsuite_2.38.bb": 4 tasks total (2 from main, 2 from includes), 0 helpers total (0 from main, 0 from includes)
[2m2025-12-06T06:29:14.892673Z[0m [32m INFO[0m [2mconvenient_bitbake::pipeline[0m[2m:[0m ✓ Extracted 6 tasks from "ptest.bbclass" for recipe "diffstat_1.64.bb"
[2m2025-12-06T06:29:14.892684Z[0m [32m INFO[0m [2mconvenient_bitbake::pipeline[0m[2m:[0m ✓ Extracted 0 tasks from "xmlcatalog.bbclass" for recipe "docbook-xsl-stylesheets_1.79.1.bb"
[2m2025-12-06T06:29:14.892727Z[0m [32m INFO[0m [2mconvenient_bitbake::pipeline[0m[2m:[0m Recipe "diffstat_1.64.bb": 6 tasks total (1 from main, 5 from includes), 6 helpers total (0 from main, 6 from includes)
[2m2025-12-06T06:29:14.892742Z[0m [32m INFO[0m [2mconvenient_bitbake::pipeline[0m[2m:[0m Recipe "docbook-xsl-stylesheets_1.79.1.bb": 3 tasks total (3 from main, 0 from includes), 2 helpers total (0 from main, 2 from includes)
[2m2025-12-06T06:29:14.892795Z[0m [32m INFO[0m [2mconvenient_bitbake::pipeline[0m[2m:[0m   Progress: 200/884 recipes parsed (22.6%)
[2m2025-12-06T06:29:14.895187Z[0m [32m INFO[0m [2mconvenient_bitbake::pipeline[0m[2m:[0m ✓ Extracted 0 tasks from "autotools.bbclass" for recipe "dosfstools_4.2.bb"
[2m2025-12-06T06:29:14.895520Z[0m [32m INFO[0m [2mconvenient_bitbake::pipeline[0m[2m:[0m ✓ Extracted 2 tasks from "image.bbclass" for recipe "ovmf-shell-image.bb"
[2m2025-12-06T06:29:14.895634Z[0m [32m INFO[0m [2mconvenient_bitbake::pipeline[0m[2m:[0m Recipe "ovmf-shell-image.bb": 3 tasks total (1 from main, 2 from includes), 5 helpers total (0 from main, 5 from includes)
[2m2025-12-06T06:29:14.896781Z[0m [32m INFO[0m [2mconvenient_bitbake::pipeline[0m[2m:[0m ✓ Extracted 0 tasks from "autotools.bbclass" for recipe "file_5.41.bb"
[2m2025-12-06T06:29:14.896969Z[0m [32m INFO[0m [2mconvenient_bitbake::pipeline[0m[2m:[0m ✓ Extracted 3 tasks from "gcc-cross-canadian.inc" for recipe "gcc-cross-canadian_11.5.bb"
[2m2025-12-06T06:29:14.897028Z[0m [32m INFO[0m [2mconvenient_bitbake::pipeline[0m[2m:[0m Recipe "gcc-cross-canadian_11.5.bb": 3 tasks total (0 from main, 3 from includes), 0 helpers total (0 from main, 0 from includes)
[2m2025-12-06T06:29:14.897400Z[0m [32m INFO[0m [2mconvenient_bitbake::pipeline[0m[2m:[0m Recipe "eudev_3.2.10.bb": 1 tasks total (1 from main, 0 from includes), 9 helpers total (0 from main, 9 from includes)
[2m2025-12-06T06:29:14.898502Z[0m [32m INFO[0m [2mconvenient_bitbake::pipeline[0m[2m:[0m ✓ Extracted 0 tasks from "update-rc.d.bbclass" for recipe "distcc_3.4.bb"
[2m2025-12-06T06:29:14.898865Z[0m [32m INFO[0m [2mconvenient_bitbake::pipeline[0m[2m:[0m ✓ Extracted 1 tasks from "gcc-source.inc" for recipe "gcc-source_11.5.bb"
[2m2025-12-06T06:29:14.898911Z[0m [32m INFO[0m [2mconvenient_bitbake::pipeline[0m[2m:[0m Recipe "gcc-source_11.5.bb": 1 tasks total (0 from main, 1 from includes), 0 helpers total (0 from main, 0 from includes)
[2m2025-12-06T06:29:14.899709Z[0m [32m INFO[0m [2mconvenient_bitbake::pipeline[0m[2m:[0m ✓ Extracted 0 tasks from "autotools.bbclass" for recipe "elfutils_0.186.bb"
[2m2025-12-06T06:29:14.901709Z[0m [32m INFO[0m [2mconvenient_bitbake::pipeline[0m[2m:[0m ✓ Extracted 1 tasks from "gdb-cross.inc" for recipe "gdb-cross_11.2.bb"
[2m2025-12-06T06:29:14.904515Z[0m [32m INFO[0m [2mconvenient_bitbake::pipeline[0m[2m:[0m ✓ Extracted 0 tasks from "autotools.bbclass" for recipe "expect_5.45.4.bb"
[2m2025-12-06T06:29:14.904582Z[0m [32m INFO[0m [2mconvenient_bitbake::pipeline[0m[2m:[0m ✓ Extracted 2 tasks from "go-cross.inc" for recipe "go-cross_1.17.13.bb"
[2m2025-12-06T06:29:14.905221Z[0m [32m INFO[0m [2mconvenient_bitbake::pipeline[0m[2m:[0m ✓ Extracted 3 tasks from "libgcc-initial.inc" for recipe "libgcc-initial_11.5.bb"
[2m2025-12-06T06:29:14.905251Z[0m [32m INFO[0m [2mconvenient_bitbake::pipeline[0m[2m:[0m Recipe "libgcc-initial_11.5.bb": 3 tasks total (0 from main, 3 from includes), 0 helpers total (0 from main, 0 from includes)
[2m2025-12-06T06:29:14.905512Z[0m [32m INFO[0m [2mconvenient_bitbake::pipeline[0m[2m:[0m Recipe "gdb-cross_11.2.bb": 1 tasks total (0 from main, 1 from includes), 0 helpers total (0 from main, 0 from includes)
[2m2025-12-06T06:29:14.905526Z[0m [32m INFO[0m [2mconvenient_bitbake::pipeline[0m[2m:[0m ✓ Extracted 2 tasks from "go-cross-canadian.inc" for recipe "go-cross-canadian_1.17.13.bb"
[2m2025-12-06T06:29:14.905543Z[0m [32m INFO[0m [2mconvenient_bitbake::pipeline[0m[2m:[0m ✓ Extracted 0 tasks from "autotools.bbclass" for recipe "erofs-utils_1.4.bb"
[2m2025-12-06T06:29:14.905660Z[0m [32m INFO[0m [2mconvenient_bitbake::pipeline[0m[2m:[0m Recipe "erofs-utils_1.4.bb": 0 tasks total (0 from main, 0 from includes), 6 helpers total (0 from main, 6 from includes)
[2m2025-12-06T06:29:14.906549Z[0m [32m INFO[0m [2mconvenient_bitbake::pipeline[0m[2m:[0m ✓ Extracted 1 tasks from "native.bbclass" for recipe "cmake-native_3.22.3.bb"
[2m2025-12-06T06:29:14.906622Z[0m [32m INFO[0m [2mconvenient_bitbake::pipeline[0m[2m:[0m Recipe "cmake-native_3.22.3.bb": 4 tasks total (3 from main, 1 from includes), 0 helpers total (0 from main, 0 from includes)
[2m2025-12-06T06:29:14.906735Z[0m [32m INFO[0m [2mconvenient_bitbake::pipeline[0m[2m:[0m ✓ Extracted 2 tasks from "gdb-common.inc" for recipe "gdb_11.2.bb"
[2m2025-12-06T06:29:14.907078Z[0m [32m INFO[0m [2mconvenient_bitbake::pipeline[0m[2m:[0m ✓ Extracted 2 tasks from "go-crosssdk.inc" for recipe "go-crosssdk_1.17.13.bb"
[2m2025-12-06T06:29:14.910324Z[0m [32m INFO[0m [2mconvenient_bitbake::pipeline[0m[2m:[0m ✓ Extracted 0 tasks from "autotools.bbclass" for recipe "flex_2.6.4.bb"
[2m2025-12-06T06:29:14.910709Z[0m [32m INFO[0m [2mconvenient_bitbake::pipeline[0m[2m:[0m ✓ Extracted 5 tasks from "gcc-cross.inc" for recipe "gcc-cross_11.5.bb"
[2m2025-12-06T06:29:14.910756Z[0m [32m INFO[0m [2mconvenient_bitbake::pipeline[0m[2m:[0m Recipe "gcc-cross_11.5.bb": 5 tasks total (0 from main, 5 from includes), 0 helpers total (0 from main, 0 from includes)
[2m2025-12-06T06:29:14.911077Z[0m [32m INFO[0m [2mconvenient_bitbake::pipeline[0m[2m:[0m ✓ Extracted 2 tasks from "gdb-common.inc" for recipe "gdb-cross-canadian_11.2.bb"
[2m2025-12-06T06:29:14.911125Z[0m [32m INFO[0m [2mconvenient_bitbake::pipeline[0m[2m:[0m Recipe "go-cross-canadian_1.17.13.bb": 2 tasks total (0 from main, 2 from includes), 1 helpers total (0 from main, 1 from includes)
[2m2025-12-06T06:29:14.912957Z[0m [32m INFO[0m [2mconvenient_bitbake::pipeline[0m[2m:[0m Recipe "go-crosssdk_1.17.13.bb": 2 tasks total (0 from main, 2 from includes), 1 helpers total (0 from main, 1 from includes)
[2m2025-12-06T06:29:14.913286Z[0m [32m INFO[0m [2mconvenient_bitbake::pipeline[0m[2m:[0m ✓ Extracted 0 tasks from "systemd.bbclass" for recipe "dnf_4.11.1.bb"
[2m2025-12-06T06:29:14.913338Z[0m [32m INFO[0m [2mconvenient_bitbake::pipeline[0m[2m:[0m Recipe "dnf_4.11.1.bb": 1 tasks total (1 from main, 0 from includes), 8 helpers total (0 from main, 8 from includes)
[2m2025-12-06T06:29:14.913551Z[0m [32m INFO[0m [2mconvenient_bitbake::pipeline[0m[2m:[0m ✓ Extracted 3 tasks from "gcc-sanitizers.inc" for recipe "gcc-sanitizers_11.5.bb"
[2m2025-12-06T06:29:14.913567Z[0m [32m INFO[0m [2mconvenient_bitbake::pipeline[0m[2m:[0m ✓ Extracted 2 tasks from "gdb-cross-canadian.inc" for recipe "gdb-cross-canadian_11.2.bb"
[2m2025-12-06T06:29:14.913610Z[0m [32m INFO[0m [2mconvenient_bitbake::pipeline[0m[2m:[0m Recipe "gcc-sanitizers_11.5.bb": 3 tasks total (0 from main, 3 from includes), 0 helpers total (0 from main, 0 from includes)
[2m2025-12-06T06:29:14.913924Z[0m [32m INFO[0m [2mconvenient_bitbake::pipeline[0m[2m:[0m Recipe "gdb_11.2.bb": 2 tasks total (1 from main, 1 from includes), 0 helpers total (0 from main, 0 from includes)
[2m2025-12-06T06:29:14.915503Z[0m [32m INFO[0m [2mconvenient_bitbake::pipeline[0m[2m:[0m Recipe "go-cross_1.17.13.bb": 2 tasks total (0 from main, 2 from includes), 1 helpers total (0 from main, 1 from includes)
[2m2025-12-06T06:29:14.916040Z[0m [32m INFO[0m [2mconvenient_bitbake::pipeline[0m[2m:[0m ✓ Extracted 0 tasks from "autotools.bbclass" for recipe "help2man_1.49.1.bb"
[2m2025-12-06T06:29:14.916080Z[0m [32m INFO[0m [2mconvenient_bitbake::pipeline[0m[2m:[0m Recipe "help2man_1.49.1.bb": 1 tasks total (1 from main, 0 from includes), 6 helpers total (0 from main, 6 from includes)
[2m2025-12-06T06:29:14.917461Z[0m [32m INFO[0m [2mconvenient_bitbake::pipeline[0m[2m:[0m ✓ Extracted 3 tasks from "libgfortran.inc" for recipe "libgfortran_11.5.bb"
[2m2025-12-06T06:29:14.917514Z[0m [32m INFO[0m [2mconvenient_bitbake::pipeline[0m[2m:[0m Recipe "libgfortran_11.5.bb": 3 tasks total (0 from main, 3 from includes), 0 helpers total (0 from main, 0 from includes)
[2m2025-12-06T06:29:14.918794Z[0m [32m INFO[0m [2mconvenient_bitbake::pipeline[0m[2m:[0m ✓ Extracted 6 tasks from "ptest.bbclass" for recipe "elfutils_0.186.bb"
[2m2025-12-06T06:29:14.919690Z[0m [32m INFO[0m [2mconvenient_bitbake::pipeline[0m[2m:[0m ✓ Extracted 1 tasks from "libtool-2.4.7.inc" for recipe "libtool-cross_2.4.7.bb"
[2m2025-12-06T06:29:14.919877Z[0m [32m INFO[0m [2mconvenient_bitbake::pipeline[0m[2m:[0m Recipe "elfutils_0.186.bb": 6 tasks total (2 from main, 4 from includes), 6 helpers total (0 from main, 6 from includes)
[2m2025-12-06T06:29:14.920162Z[0m [32m INFO[0m [2mconvenient_bitbake::pipeline[0m[2m:[0m Recipe "gdb-cross-canadian_11.2.bb": 2 tasks total (0 from main, 2 from includes), 0 helpers total (0 from main, 0 from includes)
[2m2025-12-06T06:29:14.921198Z[0m [32m INFO[0m [2mconvenient_bitbake::pipeline[0m[2m:[0m ✓ Extracted 6 tasks from "ptest.bbclass" for recipe "flex_2.6.4.bb"
[2m2025-12-06T06:29:14.921242Z[0m [32m INFO[0m [2mconvenient_bitbake::pipeline[0m[2m:[0m Recipe "flex_2.6.4.bb": 6 tasks total (2 from main, 4 from includes), 6 helpers total (0 from main, 6 from includes)
[2m2025-12-06T06:29:14.921390Z[0m [32m INFO[0m [2mconvenient_bitbake::pipeline[0m[2m:[0m Recipe "libtool-cross_2.4.7.bb": 3 tasks total (2 from main, 1 from includes), 0 helpers total (0 from main, 0 from includes)
[2m2025-12-06T06:29:14.922802Z[0m [32m INFO[0m [2mconvenient_bitbake::pipeline[0m[2m:[0m ✓ Extracted 1 tasks from "meson.bbclass" for recipe "libmodulemd_git.bb"
[2m2025-12-06T06:29:14.923172Z[0m [32m INFO[0m [2mconvenient_bitbake::pipeline[0m[2m:[0m ✓ Extracted 0 tasks from "cmake.bbclass" for recipe "json-c_0.15.bb"
[2m2025-12-06T06:29:14.924098Z[0m [32m INFO[0m [2mconvenient_bitbake::pipeline[0m[2m:[0m ✓ Extracted 0 tasks from "useradd.bbclass" for recipe "systemd_250.14.bb"
[2m2025-12-06T06:29:14.926009Z[0m [32m INFO[0m [2mconvenient_bitbake::pipeline[0m[2m:[0m ✓ Extracted 0 tasks from "cmake.bbclass" for recipe "libcomps_0.1.18.bb"
[2m2025-12-06T06:29:14.926075Z[0m [32m INFO[0m [2mconvenient_bitbake::pipeline[0m[2m:[0m ✓ Extracted 0 tasks from "autotools.bbclass" for recipe "util-linux_2.37.4.bb"
[2m2025-12-06T06:29:14.927295Z[0m [32m INFO[0m [2mconvenient_bitbake::pipeline[0m[2m:[0m ✓ Extracted 1 tasks from "libtool-2.4.7.inc" for recipe "nativesdk-libtool_2.4.7.bb"
[2m2025-12-06T06:29:14.928235Z[0m [32m INFO[0m [2mconvenient_bitbake::pipeline[0m[2m:[0m ✓ Extracted 2 tasks from "m4-1.4.19.inc" for recipe "m4_1.4.19.bb"
[2m2025-12-06T06:29:14.928284Z[0m [32m INFO[0m [2mconvenient_bitbake::pipeline[0m[2m:[0m Recipe "m4_1.4.19.bb": 2 tasks total (0 from main, 2 from includes), 0 helpers total (0 from main, 0 from includes)
[2m2025-12-06T06:29:14.928388Z[0m [32m INFO[0m [2mconvenient_bitbake::pipeline[0m[2m:[0m ✓ Extracted 0 tasks from "useradd.bbclass" for recipe "distcc_3.4.bb"
[2m2025-12-06T06:29:14.928471Z[0m [32m INFO[0m [2mconvenient_bitbake::pipeline[0m[2m:[0m ✓ Extracted 0 tasks from "cmake.bbclass" for recipe "librepo_1.14.3.bb"
[2m2025-12-06T06:29:14.928618Z[0m [32m INFO[0m [2mconvenient_bitbake::pipeline[0m[2m:[0m Recipe "libmodulemd_git.bb": 1 tasks total (0 from main, 1 from includes), 3 helpers total (0 from main, 3 from includes)
[2m2025-12-06T06:29:14.928703Z[0m [32m INFO[0m [2mconvenient_bitbake::pipeline[0m[2m:[0m ✓ Extracted 1 tasks from "libtool-2.4.7.inc" for recipe "libtool_2.4.7.bb"
[2m2025-12-06T06:29:14.929738Z[0m [32m INFO[0m [2mconvenient_bitbake::pipeline[0m[2m:[0m ✓ Extracted 3 tasks from "go-runtime.inc" for recipe "go-runtime_1.17.13.bb"
[2m2025-12-06T06:29:14.929809Z[0m [32m INFO[0m [2mconvenient_bitbake::pipeline[0m[2m:[0m Recipe "go-runtime_1.17.13.bb": 3 tasks total (0 from main, 3 from includes), 0 helpers total (0 from main, 0 from includes)
[2m2025-12-06T06:29:14.930116Z[0m [32m INFO[0m [2mconvenient_bitbake::pipeline[0m[2m:[0m ✓ Extracted 2 tasks from "m4-1.4.19.inc" for recipe "m4-native_1.4.19.bb"
[2m2025-12-06T06:29:14.930584Z[0m [32m INFO[0m [2mconvenient_bitbake::pipeline[0m[2m:[0m ✓ Extracted 1 tasks from "libtool-2.4.7.inc" for recipe "libtool-native_2.4.7.bb"
[2m2025-12-06T06:29:14.930684Z[0m [32m INFO[0m [2mconvenient_bitbake::pipeline[0m[2m:[0m ✓ Extracted 1 tasks from "native.bbclass" for recipe "go-native_1.17.13.bb"
[2m2025-12-06T06:29:14.930797Z[0m [32m INFO[0m [2mconvenient_bitbake::pipeline[0m[2m:[0m Recipe "go-native_1.17.13.bb": 4 tasks total (3 from main, 1 from includes), 1 helpers total (1 from main, 0 from includes)
[2m2025-12-06T06:29:14.931095Z[0m [32m INFO[0m [2mconvenient_bitbake::pipeline[0m[2m:[0m ✓ Extracted 2 tasks from "go-target.inc" for recipe "go_1.17.13.bb"
[2m2025-12-06T06:29:14.931139Z[0m [32m INFO[0m [2mconvenient_bitbake::pipeline[0m[2m:[0m ✓ Extracted 3 tasks from "gcc-target.inc" for recipe "gcc_11.5.bb"
[2m2025-12-06T06:29:14.931182Z[0m [32m INFO[0m [2mconvenient_bitbake::pipeline[0m[2m:[0m Recipe "gcc_11.5.bb": 3 tasks total (0 from main, 3 from includes), 0 helpers total (0 from main, 0 from includes)
[2m2025-12-06T06:29:14.932091Z[0m [32m INFO[0m [2mconvenient_bitbake::pipeline[0m[2m:[0m Recipe "libcomps_0.1.18.bb": 0 tasks total (0 from main, 0 from includes), 6 helpers total (0 from main, 6 from includes)
[2m2025-12-06T06:29:14.932156Z[0m [32m INFO[0m [2mconvenient_bitbake::pipeline[0m[2m:[0m ✓ Extracted 1 tasks from "native.bbclass" for recipe "go-binary-native_1.17.13.bb"
[2m2025-12-06T06:29:14.932195Z[0m [32m INFO[0m [2mconvenient_bitbake::pipeline[0m[2m:[0m Recipe "go-binary-native_1.17.13.bb": 3 tasks total (2 from main, 1 from includes), 1 helpers total (1 from main, 0 from includes)
[2m2025-12-06T06:29:14.932231Z[0m [32m INFO[0m [2mconvenient_bitbake::pipeline[0m[2m:[0m Recipe "expect_5.45.4.bb": 1 tasks total (1 from main, 0 from includes), 6 helpers total (0 from main, 6 from includes)
[2m2025-12-06T06:29:14.932865Z[0m [32m INFO[0m [2mconvenient_bitbake::pipeline[0m[2m:[0m ✓ Extracted 6 tasks from "ptest.bbclass" for recipe "json-c_0.15.bb"
[2m2025-12-06T06:29:14.932900Z[0m [32m INFO[0m [2mconvenient_bitbake::pipeline[0m[2m:[0m Recipe "json-c_0.15.bb": 6 tasks total (1 from main, 5 from includes), 6 helpers total (0 from main, 6 from includes)
[2m2025-12-06T06:29:14.933481Z[0m [32m INFO[0m [2mconvenient_bitbake::pipeline[0m[2m:[0m Recipe "bootchart2_0.14.9.bb": 2 tasks total (2 from main, 0 from includes), 5 helpers total (0 from main, 5 from includes)
[2m2025-12-06T06:29:14.979242Z[0m [32m INFO[0m [2mconvenient_bitbake::pipeline[0m[2m:[0m ✓ Extracted 0 tasks from "go.bbclass" for recipe "glide_0.13.3.bb"
[2m2025-12-06T06:29:14.979301Z[0m [32m INFO[0m [2mconvenient_bitbake::pipeline[0m[2m:[0m Recipe "glide_0.13.3.bb": 0 tasks total (0 from main, 0 from includes), 7 helpers total (0 from main, 7 from includes)
[2m2025-12-06T06:29:14.980933Z[0m [32m INFO[0m [2mconvenient_bitbake::pipeline[0m[2m:[0m ✓ Extracted 0 tasks from "binconfig.bbclass" for recipe "lua_5.4.4.bb"
[2m2025-12-06T06:29:14.981035Z[0m [32m INFO[0m [2mconvenient_bitbake::pipeline[0m[2m:[0m ✓ Extracted 1 tasks from "meson.bbclass" for recipe "systemd_250.14.bb"
[2m2025-12-06T06:29:14.981161Z[0m [32m INFO[0m [2mconvenient_bitbake::pipeline[0m[2m:[0m Recipe "nativesdk-libtool_2.4.7.bb": 3 tasks total (2 from main, 1 from includes), 1 helpers total (1 from main, 0 from includes)
[2m2025-12-06T06:29:14.981514Z[0m [32m INFO[0m [2mconvenient_bitbake::pipeline[0m[2m:[0m ✓ Extracted 0 tasks from "multilib_script.bbclass" for recipe "libtool_2.4.7.bb"
[2m2025-12-06T06:29:14.981554Z[0m [32m INFO[0m [2mconvenient_bitbake::pipeline[0m[2m:[0m Recipe "libtool_2.4.7.bb": 2 tasks total (1 from main, 1 from includes), 1 helpers total (0 from main, 1 from includes)
[2m2025-12-06T06:29:14.983908Z[0m [32m INFO[0m [2mconvenient_bitbake::pipeline[0m[2m:[0m ✓ Extracted 1 tasks from "gtk-doc.bbclass" for recipe "libdnf_0.66.0.bb"
[2m2025-12-06T06:29:14.983962Z[0m [32m INFO[0m [2mconvenient_bitbake::pipeline[0m[2m:[0m Recipe "file_5.41.bb": 0 tasks total (0 from main, 0 from includes), 6 helpers total (0 from main, 6 from includes)
[2m2025-12-06T06:29:14.984684Z[0m [32m INFO[0m [2mconvenient_bitbake::pipeline[0m[2m:[0m ✓ Extracted 0 tasks from "autotools.bbclass" for recipe "libedit_20210910-3.1.bb"
[2m2025-12-06T06:29:14.985667Z[0m [32m INFO[0m [2mconvenient_bitbake::pipeline[0m[2m:[0m ✓ Extracted 0 tasks from "autotools.bbclass" for recipe "log4cplus_2.0.8.bb"
[2m2025-12-06T06:29:14.986439Z[0m [32m INFO[0m [2mconvenient_bitbake::pipeline[0m[2m:[0m ✓ Extracted 0 tasks from "cpan.bbclass" for recipe "libtest-needs-perl_0.002009.bb"
[2m2025-12-06T06:29:14.986918Z[0m [32m INFO[0m [2mconvenient_bitbake::pipeline[0m[2m:[0m Recipe "librepo_1.14.3.bb": 0 tasks total (0 from main, 0 from includes), 6 helpers total (0 from main, 6 from includes)
[2m2025-12-06T06:29:14.987881Z[0m [32m INFO[0m [2mconvenient_bitbake::pipeline[0m[2m:[0m Recipe "log4cplus_2.0.8.bb": 0 tasks total (0 from main, 0 from includes), 6 helpers total (0 from main, 6 from includes)
[2m2025-12-06T06:29:14.987952Z[0m [32m INFO[0m [2mconvenient_bitbake::pipeline[0m[2m:[0m ✓ Extracted 0 tasks from "cpan.bbclass" for recipe "liberror-perl_0.17029.bb"
[2m2025-12-06T06:29:14.988777Z[0m [32m INFO[0m [2mconvenient_bitbake::pipeline[0m[2m:[0m Recipe "go_1.17.13.bb": 2 tasks total (0 from main, 2 from includes), 1 helpers total (1 from main, 0 from includes)
[2m2025-12-06T06:29:14.989227Z[0m [32m INFO[0m [2mconvenient_bitbake::pipeline[0m[2m:[0m ✓ Extracted 0 tasks from "autotools.bbclass" for recipe "patchelf_0.14.5.bb"
[2m2025-12-06T06:29:14.989280Z[0m [32m INFO[0m [2mconvenient_bitbake::pipeline[0m[2m:[0m Recipe "patchelf_0.14.5.bb": 0 tasks total (0 from main, 0 from includes), 6 helpers total (0 from main, 6 from includes)
[2m2025-12-06T06:29:14.989398Z[0m [32m INFO[0m [2mconvenient_bitbake::pipeline[0m[2m:[0m ✓ Extracted 0 tasks from "systemd.bbclass" for recipe "psplash_git.bb"
[2m2025-12-06T06:29:14.989432Z[0m [32m INFO[0m [2mconvenient_bitbake::pipeline[0m[2m:[0m Recipe "psplash_git.bb": 2 tasks total (2 from main, 0 from includes), 11 helpers total (0 from main, 11 from includes)
[2m2025-12-06T06:29:14.990059Z[0m [32m INFO[0m [2mconvenient_bitbake::pipeline[0m[2m:[0m ✓ Extracted 0 tasks from "cpan.bbclass" for recipe "libxml-perl_0.08.bb"
[2m2025-12-06T06:29:14.990646Z[0m [32m INFO[0m [2mconvenient_bitbake::pipeline[0m[2m:[0m ✓ Extracted 1 tasks from "ptest-perl.bbclass" for recipe "liberror-perl_0.17029.bb"
[2m2025-12-06T06:29:14.990699Z[0m [32m INFO[0m [2mconvenient_bitbake::pipeline[0m[2m:[0m Recipe "liberror-perl_0.17029.bb": 2 tasks total (1 from main, 1 from includes), 3 helpers total (0 from main, 3 from includes)
[2m2025-12-06T06:29:14.990849Z[0m [32m INFO[0m [2mconvenient_bitbake::pipeline[0m[2m:[0m ✓ Extracted 6 tasks from "ptest.bbclass" for recipe "lua_5.4.4.bb"
[2m2025-12-06T06:29:14.991955Z[0m [32m INFO[0m [2mconvenient_bitbake::pipeline[0m[2m:[0m ✓ Extracted 0 tasks from "cpan.bbclass" for recipe "libxml-parser-perl_2.46.bb"
[2m2025-12-06T06:29:14.991974Z[0m [32m INFO[0m [2mconvenient_bitbake::pipeline[0m[2m:[0m ✓ Extracted 0 tasks from "systemd.bbclass" for recipe "distcc_3.4.bb"
[2m2025-12-06T06:29:14.992021Z[0m [32m INFO[0m [2mconvenient_bitbake::pipeline[0m[2m:[0m Recipe "distcc_3.4.bb": 1 tasks total (1 from main, 0 from includes), 14 helpers total (1 from main, 13 from includes)
[2m2025-12-06T06:29:14.992081Z[0m [32m INFO[0m [2mconvenient_bitbake::pipeline[0m[2m:[0m ✓ Extracted 0 tasks from "autotools.bbclass" for recipe "intltool_0.51.0.bb"
[2m2025-12-06T06:29:14.992263Z[0m [32m INFO[0m [2mconvenient_bitbake::pipeline[0m[2m:[0m ✓ Extracted 0 tasks from "autotools.bbclass" for recipe "mtools_4.0.38.bb"
[2m2025-12-06T06:29:14.992441Z[0m [32m INFO[0m [2mconvenient_bitbake::pipeline[0m[2m:[0m ✓ Extracted 1 tasks from "ptest-perl.bbclass" for recipe "libxml-perl_0.08.bb"
[2m2025-12-06T06:29:14.992509Z[0m [32m INFO[0m [2mconvenient_bitbake::pipeline[0m[2m:[0m Recipe "libxml-perl_0.08.bb": 2 tasks total (1 from main, 1 from includes), 3 helpers total (0 from main, 3 from includes)
[2m2025-12-06T06:29:14.992774Z[0m [32m INFO[0m [2mconvenient_bitbake::pipeline[0m[2m:[0m Recipe "dosfstools_4.2.bb": 0 tasks total (0 from main, 0 from includes), 6 helpers total (0 from main, 6 from includes)
[2m2025-12-06T06:29:14.994119Z[0m [32m INFO[0m [2mconvenient_bitbake::pipeline[0m[2m:[0m ✓ Extracted 0 tasks from "cpan.bbclass" for recipe "liburi-perl_5.08.bb"
[2m2025-12-06T06:29:14.994233Z[0m [32m INFO[0m [2mconvenient_bitbake::pipeline[0m[2m:[0m ✓ Extracted 0 tasks from "multilib_script.bbclass" for recipe "lua_5.4.4.bb"
[2m2025-12-06T06:29:14.994290Z[0m [32m INFO[0m [2mconvenient_bitbake::pipeline[0m[2m:[0m Recipe "lua_5.4.4.bb": 9 tasks total (4 from main, 5 from includes), 3 helpers total (0 from main, 3 from includes)
[2m2025-12-06T06:29:14.994807Z[0m [32m INFO[0m [2mconvenient_bitbake::pipeline[0m[2m:[0m ✓ Extracted 4 tasks from "gcc-runtime.inc" for recipe "gcc-runtime_11.5.bb"
[2m2025-12-06T06:29:14.994871Z[0m [32m INFO[0m [2mconvenient_bitbake::pipeline[0m[2m:[0m Recipe "gcc-runtime_11.5.bb": 4 tasks total (0 from main, 4 from includes), 0 helpers total (0 from main, 0 from includes)
[2m2025-12-06T06:29:14.994835Z[0m [32m INFO[0m [2mconvenient_bitbake::pipeline[0m[2m:[0m ✓ Extracted 1 tasks from "ptest-perl.bbclass" for recipe "libtest-needs-perl_0.002009.bb"
[2m2025-12-06T06:29:14.994984Z[0m [32m INFO[0m [2mconvenient_bitbake::pipeline[0m[2m:[0m Recipe "libtest-needs-perl_0.002009.bb": 1 tasks total (0 from main, 1 from includes), 3 helpers total (0 from main, 3 from includes)
[2m2025-12-06T06:29:14.995167Z[0m [32m INFO[0m [2mconvenient_bitbake::pipeline[0m[2m:[0m ✓ Extracted 0 tasks from "cpan.bbclass" for recipe "libxml-simple-perl_2.25.bb"
[2m2025-12-06T06:29:14.995273Z[0m [32m INFO[0m [2mconvenient_bitbake::pipeline[0m[2m:[0m ✓ Extracted 1 tasks from "meson.bbclass" for recipe "orc_0.4.40.bb"
[2m2025-12-06T06:29:14.995382Z[0m [32m INFO[0m [2mconvenient_bitbake::pipeline[0m[2m:[0m Recipe "libedit_20210910-3.1.bb": 0 tasks total (0 from main, 0 from includes), 6 helpers total (0 from main, 6 from includes)
[2m2025-12-06T06:29:14.995775Z[0m [32m INFO[0m [2mconvenient_bitbake::pipeline[0m[2m:[0m Recipe "mtools_4.0.38.bb": 1 tasks total (1 from main, 0 from includes), 6 helpers total (0 from main, 6 from includes)
[2m2025-12-06T06:29:14.996016Z[0m [32m INFO[0m [2mconvenient_bitbake::pipeline[0m[2m:[0m ✓ Extracted 0 tasks from "update-rc.d.bbclass" for recipe "systemd_250.14.bb"
[2m2025-12-06T06:29:14.996030Z[0m [32m INFO[0m [2mconvenient_bitbake::pipeline[0m[2m:[0m ✓ Extracted 0 tasks from "setuptools3.bbclass" for recipe "python3-alabaster_0.7.12.bb"
[2m2025-12-06T06:29:14.996087Z[0m [32m INFO[0m [2mconvenient_bitbake::pipeline[0m[2m:[0m ✓ Extracted 1 tasks from "ptest-perl.bbclass" for recipe "libxml-parser-perl_2.46.bb"
[2m2025-12-06T06:29:14.996270Z[0m [32m INFO[0m [2mconvenient_bitbake::pipeline[0m[2m:[0m Recipe "libxml-parser-perl_2.46.bb": 4 tasks total (3 from main, 1 from includes), 3 helpers total (0 from main, 3 from includes)
[2m2025-12-06T06:29:14.996908Z[0m [32m INFO[0m [2mconvenient_bitbake::pipeline[0m[2m:[0m ✓ Extracted 0 tasks from "cpan_build.bbclass" for recipe "libmodule-build-perl_0.4231.bb"
[2m2025-12-06T06:29:14.997049Z[0m [32m INFO[0m [2mconvenient_bitbake::pipeline[0m[2m:[0m ✓ Extracted 1 tasks from "native.bbclass" for recipe "libtool-native_2.4.7.bb"
[2m2025-12-06T06:29:14.997127Z[0m [32m INFO[0m [2mconvenient_bitbake::pipeline[0m[2m:[0m Recipe "libtool-native_2.4.7.bb": 4 tasks total (2 from main, 2 from includes), 0 helpers total (0 from main, 0 from includes)
[2m2025-12-06T06:29:14.997574Z[0m [32m INFO[0m [2mconvenient_bitbake::pipeline[0m[2m:[0m ✓ Extracted 1 tasks from "ptest-perl.bbclass" for recipe "liburi-perl_5.08.bb"
[2m2025-12-06T06:29:14.997608Z[0m [32m INFO[0m [2mconvenient_bitbake::pipeline[0m[2m:[0m Recipe "liburi-perl_5.08.bb": 3 tasks total (2 from main, 1 from includes), 3 helpers total (0 from main, 3 from includes)
[2m2025-12-06T06:29:14.998065Z[0m [32m INFO[0m [2mconvenient_bitbake::pipeline[0m[2m:[0m Recipe "intltool_0.51.0.bb": 0 tasks total (0 from main, 0 from includes), 6 helpers total (0 from main, 6 from includes)
[2m2025-12-06T06:29:14.999342Z[0m [32m INFO[0m [2mconvenient_bitbake::pipeline[0m[2m:[0m ✓ Extracted 0 tasks from "autotools.bbclass" for recipe "opkg_0.5.0.bb"
[2m2025-12-06T06:29:14.999788Z[0m [32m INFO[0m [2mconvenient_bitbake::pipeline[0m[2m:[0m ✓ Extracted 1 tasks from "ptest-perl.bbclass" for recipe "libmodule-build-perl_0.4231.bb"
[2m2025-12-06T06:29:14.999843Z[0m [32m INFO[0m [2mconvenient_bitbake::pipeline[0m[2m:[0m Recipe "libmodule-build-perl_0.4231.bb": 4 tasks total (3 from main, 1 from includes), 3 helpers total (0 from main, 3 from includes)
[2m2025-12-06T06:29:15.000449Z[0m [32m INFO[0m [2mconvenient_bitbake::pipeline[0m[2m:[0m ✓ Extracted 0 tasks from "setuptools3.bbclass" for recipe "python3-async_0.6.2.bb"
[2m2025-12-06T06:29:15.000799Z[0m [32m INFO[0m [2mconvenient_bitbake::pipeline[0m[2m:[0m Recipe "python3-alabaster_0.7.12.bb": 0 tasks total (0 from main, 0 from includes), 3 helpers total (0 from main, 3 from includes)
[2m2025-12-06T06:29:15.001547Z[0m [32m INFO[0m [2mconvenient_bitbake::pipeline[0m[2m:[0m ✓ Extracted 1 tasks from "ptest-perl.bbclass" for recipe "libxml-simple-perl_2.25.bb"
[2m2025-12-06T06:29:15.001590Z[0m [32m INFO[0m [2mconvenient_bitbake::pipeline[0m[2m:[0m Recipe "libxml-simple-perl_2.25.bb": 1 tasks total (0 from main, 1 from includes), 3 helpers total (0 from main, 3 from includes)
[2m2025-12-06T06:29:15.001761Z[0m [32m INFO[0m [2mconvenient_bitbake::pipeline[0m[2m:[0m ✓ Extracted 0 tasks from "cmake.bbclass" for recipe "libdnf_0.66.0.bb"
[2m2025-12-06T06:29:15.003246Z[0m [32m INFO[0m [2mconvenient_bitbake::pipeline[0m[2m:[0m ✓ Extracted 1 tasks from "gtk-doc.bbclass" for recipe "orc_0.4.40.bb"
[2m2025-12-06T06:29:15.003290Z[0m [32m INFO[0m [2mconvenient_bitbake::pipeline[0m[2m:[0m Recipe "orc_0.4.40.bb": 2 tasks total (0 from main, 2 from includes), 3 helpers total (0 from main, 3 from includes)
[2m2025-12-06T06:29:15.003412Z[0m [32m INFO[0m [2mconvenient_bitbake::pipeline[0m[2m:[0m ✓ Extracted 0 tasks from "systemd.bbclass" for recipe "util-linux_2.37.4.bb"
[2m2025-12-06T06:29:15.004703Z[0m [32m INFO[0m [2mconvenient_bitbake::pipeline[0m[2m:[0m ✓ Extracted 0 tasks from "setuptools3.bbclass" for recipe "python3-babel_2.9.1.bb"
[2m2025-12-06T06:29:15.004741Z[0m [32m INFO[0m [2mconvenient_bitbake::pipeline[0m[2m:[0m Recipe "python3-babel_2.9.1.bb": 0 tasks total (0 from main, 0 from includes), 3 helpers total (0 from main, 3 from includes)
[2m2025-12-06T06:29:15.005677Z[0m [32m INFO[0m [2mconvenient_bitbake::pipeline[0m[2m:[0m ✓ Extracted 0 tasks from "setuptools3.bbclass" for recipe "python3-dbusmock_0.27.3.bb"
[2m2025-12-06T06:29:15.005723Z[0m [32m INFO[0m [2mconvenient_bitbake::pipeline[0m[2m:[0m Recipe "python3-dbusmock_0.27.3.bb": 0 tasks total (0 from main, 0 from includes), 3 helpers total (0 from main, 3 from includes)
[2m2025-12-06T06:29:15.006099Z[0m [32m INFO[0m [2mconvenient_bitbake::pipeline[0m[2m:[0m ✓ Extracted 0 tasks from "autotools.bbclass" for recipe "mtd-utils_git.bb"
[2m2025-12-06T06:29:15.006165Z[0m [32m INFO[0m [2mconvenient_bitbake::pipeline[0m[2m:[0m ✓ Extracted 0 tasks from "autotools.bbclass" for recipe "pkgconfig_git.bb"
[2m2025-12-06T06:29:15.006218Z[0m [32m INFO[0m [2mconvenient_bitbake::pipeline[0m[2m:[0m Recipe "pkgconfig_git.bb": 0 tasks total (0 from main, 0 from includes), 7 helpers total (1 from main, 6 from includes)
[2m2025-12-06T06:29:15.006240Z[0m [32m INFO[0m [2mconvenient_bitbake::pipeline[0m[2m:[0m ✓ Extracted 0 tasks from "setuptools3.bbclass" for recipe "python3-cryptography-vectors_36.0.2.bb"
[2m2025-12-06T06:29:15.006282Z[0m [32m INFO[0m [2mconvenient_bitbake::pipeline[0m[2m:[0m Recipe "python3-cryptography-vectors_36.0.2.bb": 1 tasks total (1 from main, 0 from includes), 3 helpers total (0 from main, 3 from includes)
[2m2025-12-06T06:29:15.006716Z[0m [32m INFO[0m [2mconvenient_bitbake::pipeline[0m[2m:[0m ✓ Extracted 0 tasks from "setuptools3.bbclass" for recipe "python3-docutils_0.18.1.bb"
[2m2025-12-06T06:29:15.006747Z[0m [32m INFO[0m [2mconvenient_bitbake::pipeline[0m[2m:[0m Recipe "python3-docutils_0.18.1.bb": 0 tasks total (0 from main, 0 from includes), 3 helpers total (0 from main, 3 from includes)
[2m2025-12-06T06:29:15.007057Z[0m [32m INFO[0m [2mconvenient_bitbake::pipeline[0m[2m:[0m Recipe "python3-async_0.6.2.bb": 0 tasks total (0 from main, 0 from includes), 3 helpers total (0 from main, 3 from includes)
[2m2025-12-06T06:29:15.007209Z[0m [32m INFO[0m [2mconvenient_bitbake::pipeline[0m[2m:[0m Recipe "libdnf_0.66.0.bb": 1 tasks total (0 from main, 1 from includes), 6 helpers total (0 from main, 6 from includes)
[2m2025-12-06T06:29:15.007275Z[0m [32m INFO[0m [2mconvenient_bitbake::pipeline[0m[2m:[0m ✓ Extracted 3 tasks from "pseudo.inc" for recipe "pseudo_git.bb"
[2m2025-12-06T06:29:15.007347Z[0m [32m INFO[0m [2mconvenient_bitbake::pipeline[0m[2m:[0m Recipe "pseudo_git.bb": 3 tasks total (0 from main, 3 from includes), 2 helpers total (0 from main, 2 from includes)
[2m2025-12-06T06:29:15.007305Z[0m [32m INFO[0m [2mconvenient_bitbake::pipeline[0m[2m:[0m ✓ Extracted 0 tasks from "setuptools3.bbclass" for recipe "python3-chardet_4.0.0.bb"
[2m2025-12-06T06:29:15.007411Z[0m [32m INFO[0m [2mconvenient_bitbake::pipeline[0m[2m:[0m Recipe "python3-chardet_4.0.0.bb": 0 tasks total (0 from main, 0 from includes), 3 helpers total (0 from main, 3 from includes)
[2m2025-12-06T06:29:15.007960Z[0m [32m INFO[0m [2mconvenient_bitbake::pipeline[0m[2m:[0m ✓ Extracted 0 tasks from "setuptools3.bbclass" for recipe "python3-certifi_2021.10.8.bb"
[2m2025-12-06T06:29:15.008012Z[0m [32m INFO[0m [2mconvenient_bitbake::pipeline[0m[2m:[0m ✓ Extracted 0 tasks from "setuptools3.bbclass" for recipe "python3-atomicwrites_1.4.0.bb"
[2m2025-12-06T06:29:15.008069Z[0m [32m INFO[0m [2mconvenient_bitbake::pipeline[0m[2m:[0m ✓ Extracted 0 tasks from "setuptools3.bbclass" for recipe "python3-gitdb_4.0.9.bb"
[2m2025-12-06T06:29:15.008011Z[0m [32m INFO[0m [2mconvenient_bitbake::pipeline[0m[2m:[0m Recipe "python3-certifi_2021.10.8.bb": 0 tasks total (0 from main, 0 from includes), 3 helpers total (0 from main, 3 from includes)
[2m2025-12-06T06:29:15.008227Z[0m [32m INFO[0m [2mconvenient_bitbake::pipeline[0m[2m:[0m ✓ Extracted 0 tasks from "setuptools3.bbclass" for recipe "python3-extras_1.0.0.bb"
[2m2025-12-06T06:29:15.009175Z[0m [32m INFO[0m [2mconvenient_bitbake::pipeline[0m[2m:[0m ✓ Extracted 0 tasks from "setuptools3.bbclass" for recipe "python3-cython_0.29.28.bb"
[2m2025-12-06T06:29:15.009578Z[0m [32m INFO[0m [2mconvenient_bitbake::pipeline[0m[2m:[0m ✓ Extracted 1 tasks from "native.bbclass" for recipe "m4-native_1.4.19.bb"
[2m2025-12-06T06:29:15.009649Z[0m [32m INFO[0m [2mconvenient_bitbake::pipeline[0m[2m:[0m Recipe "m4-native_1.4.19.bb": 4 tasks total (1 from main, 3 from includes), 0 helpers total (0 from main, 0 from includes)
[2m2025-12-06T06:29:15.010485Z[0m [32m INFO[0m [2mconvenient_bitbake::pipeline[0m[2m:[0m ✓ Extracted 0 tasks from "setuptools3.bbclass" for recipe "python3-cffi_1.15.0.bb"
[2m2025-12-06T06:29:15.010534Z[0m [32m INFO[0m [2mconvenient_bitbake::pipeline[0m[2m:[0m Recipe "python3-cffi_1.15.0.bb": 0 tasks total (0 from main, 0 from includes), 3 helpers total (0 from main, 3 from includes)
[2m2025-12-06T06:29:15.011741Z[0m [32m INFO[0m [2mconvenient_bitbake::pipeline[0m[2m:[0m ✓ Extracted 0 tasks from "setuptools3.bbclass" for recipe "python3-dtschema_2022.1.bb"
[2m2025-12-06T06:29:15.011794Z[0m [32m INFO[0m [2mconvenient_bitbake::pipeline[0m[2m:[0m Recipe "python3-dtschema_2022.1.bb": 0 tasks total (0 from main, 0 from includes), 3 helpers total (0 from main, 3 from includes)
[2m2025-12-06T06:29:15.012505Z[0m [32m INFO[0m [2mconvenient_bitbake::pipeline[0m[2m:[0m Recipe "python3-extras_1.0.0.bb": 0 tasks total (0 from main, 0 from includes), 3 helpers total (0 from main, 3 from includes)
[2m2025-12-06T06:29:15.012765Z[0m [32m INFO[0m [2mconvenient_bitbake::pipeline[0m[2m:[0m ✓ Extracted 0 tasks from "cmake.bbclass" for recipe "llvm_git.bb"
[2m2025-12-06T06:29:15.013044Z[0m [32m INFO[0m [2mconvenient_bitbake::pipeline[0m[2m:[0m ✓ Extracted 0 tasks from "autotools.bbclass" for recipe "python3-dbus_1.2.18.bb"
[2m2025-12-06T06:29:15.013212Z[0m [32m INFO[0m [2mconvenient_bitbake::pipeline[0m[2m:[0m Recipe "python3-gitdb_4.0.9.bb": 0 tasks total (0 from main, 0 from includes), 3 helpers total (0 from main, 3 from includes)
[2m2025-12-06T06:29:15.013618Z[0m [32m INFO[0m [2mconvenient_bitbake::pipeline[0m[2m:[0m ✓ Extracted 0 tasks from "autotools.bbclass" for recipe "pkgconf_1.8.0.bb"
[2m2025-12-06T06:29:15.013670Z[0m [32m INFO[0m [2mconvenient_bitbake::pipeline[0m[2m:[0m Recipe "pkgconf_1.8.0.bb": 1 tasks total (1 from main, 0 from includes), 7 helpers total (1 from main, 6 from includes)
[2m2025-12-06T06:29:15.013743Z[0m [32m INFO[0m [2mconvenient_bitbake::pipeline[0m[2m:[0m ✓ Extracted 0 tasks from "setuptools3.bbclass" for recipe "python3-hypothesis_6.39.5.bb"
[2m2025-12-06T06:29:15.014075Z[0m [32m INFO[0m [2mconvenient_bitbake::pipeline[0m[2m:[0m ✓ Extracted 0 tasks from "setuptools3.bbclass" for recipe "python3-idna_3.3.bb"
[2m2025-12-06T06:29:15.014122Z[0m [32m INFO[0m [2mconvenient_bitbake::pipeline[0m[2m:[0m Recipe "python3-idna_3.3.bb": 1 tasks total (1 from main, 0 from includes), 3 helpers total (0 from main, 3 from includes)
[2m2025-12-06T06:29:15.014158Z[0m [32m INFO[0m [2mconvenient_bitbake::pipeline[0m[2m:[0m ✓ Extracted 0 tasks from "setuptools3.bbclass" for recipe "python3-imagesize_1.3.0.bb"
[2m2025-12-06T06:29:15.014792Z[0m [32m INFO[0m [2mconvenient_bitbake::pipeline[0m[2m:[0m Recipe "llvm_git.bb": 3 tasks total (3 from main, 0 from includes), 6 helpers total (0 from main, 6 from includes)
[2m2025-12-06T06:29:15.014846Z[0m [32m INFO[0m [2mconvenient_bitbake::pipeline[0m[2m:[0m   Progress: 300/884 recipes parsed (33.9%)
[2m2025-12-06T06:29:15.014906Z[0m [32m INFO[0m [2mconvenient_bitbake::pipeline[0m[2m:[0m ✓ Extracted 0 tasks from "python_setuptools3_rust.bbclass" for recipe "python3-cryptography_36.0.2.bb"
[2m2025-12-06T06:29:15.015021Z[0m [32m INFO[0m [2mconvenient_bitbake::pipeline[0m[2m:[0m Recipe "python3-dbus_1.2.18.bb": 0 tasks total (0 from main, 0 from includes), 6 helpers total (0 from main, 6 from includes)
[2m2025-12-06T06:29:15.015288Z[0m [32m INFO[0m [2mconvenient_bitbake::pipeline[0m[2m:[0m ✓ Extracted 6 tasks from "ptest.bbclass" for recipe "python3-atomicwrites_1.4.0.bb"
[2m2025-12-06T06:29:15.015330Z[0m [32m INFO[0m [2mconvenient_bitbake::pipeline[0m[2m:[0m Recipe "python3-atomicwrites_1.4.0.bb": 6 tasks total (1 from main, 5 from includes), 3 helpers total (0 from main, 3 from includes)
[2m2025-12-06T06:29:15.015530Z[0m [32m INFO[0m [2mconvenient_bitbake::pipeline[0m[2m:[0m ✓ Extracted 0 tasks from "setuptools3.bbclass" for recipe "python3-asn1crypto_1.5.1.bb"
[2m2025-12-06T06:29:15.015577Z[0m [32m INFO[0m [2mconvenient_bitbake::pipeline[0m[2m:[0m Recipe "python3-asn1crypto_1.5.1.bb": 0 tasks total (0 from main, 0 from includes), 3 helpers total (0 from main, 3 from includes)
[2m2025-12-06T06:29:15.016231Z[0m [32m INFO[0m [2mconvenient_bitbake::pipeline[0m[2m:[0m ✓ Extracted 1 tasks from "python-cython.inc" for recipe "python3-cython_0.29.28.bb"
[2m2025-12-06T06:29:15.016269Z[0m [32m INFO[0m [2mconvenient_bitbake::pipeline[0m[2m:[0m Recipe "python3-cython_0.29.28.bb": 2 tasks total (1 from main, 1 from includes), 4 helpers total (1 from main, 3 from includes)
[2m2025-12-06T06:29:15.018084Z[0m [32m INFO[0m [2mconvenient_bitbake::pipeline[0m[2m:[0m ✓ Extracted 0 tasks from "setuptools3.bbclass" for recipe "python3-iniparse_0.5.bb"
[2m2025-12-06T06:29:15.018183Z[0m [32m INFO[0m [2mconvenient_bitbake::pipeline[0m[2m:[0m Recipe "python3-iniparse_0.5.bb": 0 tasks total (0 from main, 0 from includes), 3 helpers total (0 from main, 3 from includes)
[2m2025-12-06T06:29:15.018698Z[0m [32m INFO[0m [2mconvenient_bitbake::pipeline[0m[2m:[0m Recipe "python3-imagesize_1.3.0.bb": 0 tasks total (0 from main, 0 from includes), 3 helpers total (0 from main, 3 from includes)
[2m2025-12-06T06:29:15.019384Z[0m [32m INFO[0m [2mconvenient_bitbake::pipeline[0m[2m:[0m ✓ Extracted 6 tasks from "ptest.bbclass" for recipe "opkg_0.5.0.bb"
[2m2025-12-06T06:29:15.019465Z[0m [32m INFO[0m [2mconvenient_bitbake::pipeline[0m[2m:[0m Recipe "opkg_0.5.0.bb": 7 tasks total (2 from main, 5 from includes), 6 helpers total (0 from main, 6 from includes)
[2m2025-12-06T06:29:15.020646Z[0m [32m INFO[0m [2mconvenient_bitbake::pipeline[0m[2m:[0m ✓ Extracted 0 tasks from "setuptools3.bbclass" for recipe "python3-markupsafe_2.1.1.bb"
[2m2025-12-06T06:29:15.021881Z[0m [32m INFO[0m [2mconvenient_bitbake::pipeline[0m[2m:[0m ✓ Extracted 0 tasks from "setuptools3.bbclass" for recipe "python3-pbr_5.8.1.bb"
[2m2025-12-06T06:29:15.021925Z[0m [32m INFO[0m [2mconvenient_bitbake::pipeline[0m[2m:[0m ✓ Extracted 0 tasks from "setuptools3.bbclass" for recipe "python3-ndg-httpsclient_0.5.1.bb"
[2m2025-12-06T06:29:15.022022Z[0m [32m INFO[0m [2mconvenient_bitbake::pipeline[0m[2m:[0m ✓ Extracted 6 tasks from "ptest.bbclass" for recipe "python3-cryptography_36.0.2.bb"
[2m2025-12-06T06:29:15.022061Z[0m [32m INFO[0m [2mconvenient_bitbake::pipeline[0m[2m:[0m Recipe "python3-cryptography_36.0.2.bb": 6 tasks total (1 from main, 5 from includes), 1 helpers total (0 from main, 1 from includes)
[2m2025-12-06T06:29:15.022314Z[0m [32m INFO[0m [2mconvenient_bitbake::pipeline[0m[2m:[0m ✓ Extracted 6 tasks from "ptest.bbclass" for recipe "python3-hypothesis_6.39.5.bb"
[2m2025-12-06T06:29:15.022358Z[0m [32m INFO[0m [2mconvenient_bitbake::pipeline[0m[2m:[0m Recipe "python3-hypothesis_6.39.5.bb": 6 tasks total (1 from main, 5 from includes), 3 helpers total (0 from main, 3 from includes)
[2m2025-12-06T06:29:15.022741Z[0m [32m INFO[0m [2mconvenient_bitbake::pipeline[0m[2m:[0m ✓ Extracted 0 tasks from "setuptools3.bbclass" for recipe "python3-magic_0.4.25.bb"
[2m2025-12-06T06:29:15.022795Z[0m [32m INFO[0m [2mconvenient_bitbake::pipeline[0m[2m:[0m Recipe "python3-magic_0.4.25.bb": 0 tasks total (0 from main, 0 from includes), 3 helpers total (0 from main, 3 from includes)
[2m2025-12-06T06:29:15.022939Z[0m [32m INFO[0m [2mconvenient_bitbake::pipeline[0m[2m:[0m ✓ Extracted 6 tasks from "ptest.bbclass" for recipe "python3-numpy_1.22.3.bb"
[2m2025-12-06T06:29:15.023399Z[0m [32m INFO[0m [2mconvenient_bitbake::pipeline[0m[2m:[0m ✓ Extracted 6 tasks from "ptest.bbclass" for recipe "python3-bcrypt_3.2.0.bb"
[2m2025-12-06T06:29:15.023506Z[0m [32m INFO[0m [2mconvenient_bitbake::pipeline[0m[2m:[0m Recipe "python3-bcrypt_3.2.0.bb": 6 tasks total (1 from main, 5 from includes), 0 helpers total (0 from main, 0 from includes)
[2m2025-12-06T06:29:15.025697Z[0m [32m INFO[0m [2mconvenient_bitbake::pipeline[0m[2m:[0m Recipe "mtd-utils_git.bb": 1 tasks total (1 from main, 0 from includes), 6 helpers total (0 from main, 6 from includes)
[2m2025-12-06T06:29:15.026253Z[0m [32m INFO[0m [2mconvenient_bitbake::pipeline[0m[2m:[0m Recipe "python3-markupsafe_2.1.1.bb": 1 tasks total (1 from main, 0 from includes), 3 helpers total (0 from main, 3 from includes)
[2m2025-12-06T06:29:15.026470Z[0m [32m INFO[0m [2mconvenient_bitbake::pipeline[0m[2m:[0m ✓ Extracted 0 tasks from "setuptools3.bbclass" for recipe "python3-more-itertools_8.12.0.bb"
[2m2025-12-06T06:29:15.026941Z[0m [32m INFO[0m [2mconvenient_bitbake::pipeline[0m[2m:[0m ✓ Extracted 0 tasks from "setuptools3.bbclass" for recipe "python3-numpy_1.22.3.bb"
[2m2025-12-06T06:29:15.027026Z[0m [32m INFO[0m [2mconvenient_bitbake::pipeline[0m[2m:[0m ✓ Extracted 0 tasks from "setuptools3.bbclass" for recipe "python3-ply_3.11.bb"
[2m2025-12-06T06:29:15.027058Z[0m [32m INFO[0m [2mconvenient_bitbake::pipeline[0m[2m:[0m Recipe "python3-ply_3.11.bb": 0 tasks total (0 from main, 0 from includes), 3 helpers total (0 from main, 3 from includes)
[2m2025-12-06T06:29:15.027052Z[0m [32m INFO[0m [2mconvenient_bitbake::pipeline[0m[2m:[0m Recipe "python3-numpy_1.22.3.bb": 8 tasks total (2 from main, 6 from includes), 3 helpers total (0 from main, 3 from includes)
[2m2025-12-06T06:29:15.028721Z[0m [32m INFO[0m [2mconvenient_bitbake::pipeline[0m[2m:[0m Recipe "python3-pbr_5.8.1.bb": 0 tasks total (0 from main, 0 from includes), 3 helpers total (0 from main, 3 from includes)
[2m2025-12-06T06:29:15.029332Z[0m [32m INFO[0m [2mconvenient_bitbake::pipeline[0m[2m:[0m ✓ Extracted 0 tasks from "setuptools3.bbclass" for recipe "python3-pathlib2_2.3.7.bb"
[2m2025-12-06T06:29:15.029373Z[0m [32m INFO[0m [2mconvenient_bitbake::pipeline[0m[2m:[0m Recipe "python3-pathlib2_2.3.7.bb": 0 tasks total (0 from main, 0 from includes), 3 helpers total (0 from main, 3 from includes)
[2m2025-12-06T06:29:15.029856Z[0m [32m INFO[0m [2mconvenient_bitbake::pipeline[0m[2m:[0m ✓ Extracted 0 tasks from "setuptools3.bbclass" for recipe "python3-pretend_1.0.9.bb"
[2m2025-12-06T06:29:15.029889Z[0m [32m INFO[0m [2mconvenient_bitbake::pipeline[0m[2m:[0m Recipe "python3-pretend_1.0.9.bb": 0 tasks total (0 from main, 0 from includes), 3 helpers total (0 from main, 3 from includes)
[2m2025-12-06T06:29:15.030580Z[0m [32m INFO[0m [2mconvenient_bitbake::pipeline[0m[2m:[0m ✓ Extracted 6 tasks from "ptest.bbclass" for recipe "python3-jsonpointer_2.2.bb"
[2m2025-12-06T06:29:15.030914Z[0m [32m INFO[0m [2mconvenient_bitbake::pipeline[0m[2m:[0m ✓ Extracted 0 tasks from "setuptools3.bbclass" for recipe "python3-psutil_5.9.0.bb"
[2m2025-12-06T06:29:15.030936Z[0m [32m INFO[0m [2mconvenient_bitbake::pipeline[0m[2m:[0m ✓ Extracted 0 tasks from "setuptools3.bbclass" for recipe "python3-pycparser_2.21.bb"
[2m2025-12-06T06:29:15.031043Z[0m [32m INFO[0m [2mconvenient_bitbake::pipeline[0m[2m:[0m Recipe "python3-pycparser_2.21.bb": 0 tasks total (0 from main, 0 from includes), 3 helpers total (0 from main, 3 from includes)
[2m2025-12-06T06:29:15.031017Z[0m [32m INFO[0m [2mconvenient_bitbake::pipeline[0m[2m:[0m Recipe "python3-psutil_5.9.0.bb": 0 tasks total (0 from main, 0 from includes), 3 helpers total (0 from main, 3 from includes)
[2m2025-12-06T06:29:15.031216Z[0m [32m INFO[0m [2mconvenient_bitbake::pipeline[0m[2m:[0m ✓ Extracted 0 tasks from "setuptools3.bbclass" for recipe "python3-libarchive-c_4.0.bb"
[2m2025-12-06T06:29:15.031262Z[0m [32m INFO[0m [2mconvenient_bitbake::pipeline[0m[2m:[0m Recipe "python3-libarchive-c_4.0.bb": 0 tasks total (0 from main, 0 from includes), 3 helpers total (0 from main, 3 from includes)
[2m2025-12-06T06:29:15.031710Z[0m [32m INFO[0m [2mconvenient_bitbake::pipeline[0m[2m:[0m ✓ Extracted 0 tasks from "setuptools3.bbclass" for recipe "python3-pygments_2.11.2.bb"
[2m2025-12-06T06:29:15.031764Z[0m [32m INFO[0m [2mconvenient_bitbake::pipeline[0m[2m:[0m ✓ Extracted 6 tasks from "ptest.bbclass" for recipe "python3-pluggy_1.0.0.bb"
[2m2025-12-06T06:29:15.032261Z[0m [32m INFO[0m [2mconvenient_bitbake::pipeline[0m[2m:[0m ✓ Extracted 0 tasks from "setuptools3.bbclass" for recipe "python3-pyasn1_0.4.8.bb"
[2m2025-12-06T06:29:15.033659Z[0m [32m INFO[0m [2mconvenient_bitbake::pipeline[0m[2m:[0m ✓ Extracted 6 tasks from "ptest.bbclass" for recipe "python3-more-itertools_8.12.0.bb"
[2m2025-12-06T06:29:15.033702Z[0m [32m INFO[0m [2mconvenient_bitbake::pipeline[0m[2m:[0m Recipe "python3-more-itertools_8.12.0.bb": 6 tasks total (1 from main, 5 from includes), 3 helpers total (0 from main, 3 from includes)
[2m2025-12-06T06:29:15.033862Z[0m [32m INFO[0m [2mconvenient_bitbake::pipeline[0m[2m:[0m Recipe "python3-pluggy_1.0.0.bb": 6 tasks total (1 from main, 5 from includes), 0 helpers total (0 from main, 0 from includes)
[2m2025-12-06T06:29:15.033906Z[0m [32m INFO[0m [2mconvenient_bitbake::pipeline[0m[2m:[0m ✓ Extracted 0 tasks from "setuptools3.bbclass" for recipe "python3-jsonpointer_2.2.bb"
[2m2025-12-06T06:29:15.033941Z[0m [32m INFO[0m [2mconvenient_bitbake::pipeline[0m[2m:[0m Recipe "python3-jsonpointer_2.2.bb": 6 tasks total (1 from main, 5 from includes), 3 helpers total (0 from main, 3 from includes)
[2m2025-12-06T06:29:15.035168Z[0m [32m INFO[0m [2mconvenient_bitbake::pipeline[0m[2m:[0m ✓ Extracted 1 tasks from "meson.bbclass" for recipe "python3-pycairo_1.21.0.bb"
[2m2025-12-06T06:29:15.035218Z[0m [32m INFO[0m [2mconvenient_bitbake::pipeline[0m[2m:[0m ✓ Extracted 0 tasks from "setuptools3.bbclass" for recipe "python3-pyopenssl_22.0.0.bb"
[2m2025-12-06T06:29:15.035218Z[0m [32m INFO[0m [2mconvenient_bitbake::pipeline[0m[2m:[0m Recipe "python3-pygments_2.11.2.bb": 0 tasks total (0 from main, 0 from includes), 3 helpers total (0 from main, 3 from includes)
[2m2025-12-06T06:29:15.035267Z[0m [32m INFO[0m [2mconvenient_bitbake::pipeline[0m[2m:[0m Recipe "python3-pyopenssl_22.0.0.bb": 0 tasks total (0 from main, 0 from includes), 3 helpers total (0 from main, 3 from includes)
[2m2025-12-06T06:29:15.036179Z[0m [32m INFO[0m [2mconvenient_bitbake::pipeline[0m[2m:[0m ✓ Extracted 0 tasks from "setuptools3.bbclass" for recipe "python3-pyparsing_3.0.7.bb"
[2m2025-12-06T06:29:15.036219Z[0m [32m INFO[0m [2mconvenient_bitbake::pipeline[0m[2m:[0m Recipe "python3-pyparsing_3.0.7.bb": 0 tasks total (0 from main, 0 from includes), 3 helpers total (0 from main, 3 from includes)
[2m2025-12-06T06:29:15.036289Z[0m [32m INFO[0m [2mconvenient_bitbake::pipeline[0m[2m:[0m ✓ Extracted 0 tasks from "setuptools3.bbclass" for recipe "python3-pysocks_1.7.1.bb"
[2m2025-12-06T06:29:15.036326Z[0m [32m INFO[0m [2mconvenient_bitbake::pipeline[0m[2m:[0m Recipe "python3-pysocks_1.7.1.bb": 0 tasks total (0 from main, 0 from includes), 3 helpers total (0 from main, 3 from includes)
[2m2025-12-06T06:29:15.037571Z[0m [32m INFO[0m [2mconvenient_bitbake::pipeline[0m[2m:[0m ✓ Extracted 0 tasks from "setuptools3.bbclass" for recipe "python3-pyelftools_0.28.bb"
[2m2025-12-06T06:29:15.037607Z[0m [32m INFO[0m [2mconvenient_bitbake::pipeline[0m[2m:[0m Recipe "python3-pyelftools_0.28.bb": 0 tasks total (0 from main, 0 from includes), 3 helpers total (0 from main, 3 from includes)
[2m2025-12-06T06:29:15.038608Z[0m [32m INFO[0m [2mconvenient_bitbake::pipeline[0m[2m:[0m ✓ Extracted 1 tasks from "gnomebase.bbclass" for recipe "python3-pygobject_3.42.0.bb"
[2m2025-12-06T06:29:15.039656Z[0m [32m INFO[0m [2mconvenient_bitbake::pipeline[0m[2m:[0m ✓ Extracted 0 tasks from "setuptools3.bbclass" for recipe "python3-pytest-subtests_0.7.0.bb"
[2m2025-12-06T06:29:15.039689Z[0m [32m INFO[0m [2mconvenient_bitbake::pipeline[0m[2m:[0m Recipe "python3-pytest-subtests_0.7.0.bb": 0 tasks total (0 from main, 0 from includes), 3 helpers total (0 from main, 3 from includes)
[2m2025-12-06T06:29:15.041998Z[0m [32m INFO[0m [2mconvenient_bitbake::pipeline[0m[2m:[0m ✓ Extracted 0 tasks from "setuptools3.bbclass" for recipe "python3-requests_2.27.1.bb"
[2m2025-12-06T06:29:15.042040Z[0m [32m INFO[0m [2mconvenient_bitbake::pipeline[0m[2m:[0m Recipe "python3-requests_2.27.1.bb": 0 tasks total (0 from main, 0 from includes), 3 helpers total (0 from main, 3 from includes)
[2m2025-12-06T06:29:15.042502Z[0m [32m INFO[0m [2mconvenient_bitbake::pipeline[0m[2m:[0m Recipe "python3-ndg-httpsclient_0.5.1.bb": 0 tasks total (0 from main, 0 from includes), 3 helpers total (0 from main, 3 from includes)
[2m2025-12-06T06:29:15.042543Z[0m [32m INFO[0m [2mconvenient_bitbake::pipeline[0m[2m:[0m ✓ Extracted 0 tasks from "setuptools3.bbclass" for recipe "python3-rfc3339-validator_0.1.4.bb"
[2m2025-12-06T06:29:15.042629Z[0m [32m INFO[0m [2mconvenient_bitbake::pipeline[0m[2m:[0m ✓ Extracted 0 tasks from "setuptools3.bbclass" for recipe "python3-rfc3987_1.3.8.bb"
[2m2025-12-06T06:29:15.042634Z[0m [32m INFO[0m [2mconvenient_bitbake::pipeline[0m[2m:[0m Recipe "python3-rfc3339-validator_0.1.4.bb": 0 tasks total (0 from main, 0 from includes), 3 helpers total (0 from main, 3 from includes)
[2m2025-12-06T06:29:15.042695Z[0m [32m INFO[0m [2mconvenient_bitbake::pipeline[0m[2m:[0m Recipe "python3-rfc3987_1.3.8.bb": 0 tasks total (0 from main, 0 from includes), 3 helpers total (0 from main, 3 from includes)
[2m2025-12-06T06:29:15.042805Z[0m [32m INFO[0m [2mconvenient_bitbake::pipeline[0m[2m:[0m ✓ Extracted 0 tasks from "setuptools3.bbclass" for recipe "python3-rfc3986-validator_0.1.1.bb"
[2m2025-12-06T06:29:15.042844Z[0m [32m INFO[0m [2mconvenient_bitbake::pipeline[0m[2m:[0m Recipe "python3-rfc3986-validator_0.1.1.bb": 0 tasks total (0 from main, 0 from includes), 3 helpers total (0 from main, 3 from includes)
[2m2025-12-06T06:29:15.043052Z[0m [32m INFO[0m [2mconvenient_bitbake::pipeline[0m[2m:[0m ✓ Extracted 0 tasks from "systemd.bbclass" for recipe "systemd_250.14.bb"
[2m2025-12-06T06:29:15.043751Z[0m [32m INFO[0m [2mconvenient_bitbake::pipeline[0m[2m:[0m ✓ Extracted 1 tasks from "python-pyasn1.inc" for recipe "python3-pyasn1_0.4.8.bb"
[2m2025-12-06T06:29:15.043790Z[0m [32m INFO[0m [2mconvenient_bitbake::pipeline[0m[2m:[0m Recipe "python3-pyasn1_0.4.8.bb": 1 tasks total (0 from main, 1 from includes), 3 helpers total (0 from main, 3 from includes)
[2m2025-12-06T06:29:15.045999Z[0m [32m INFO[0m [2mconvenient_bitbake::pipeline[0m[2m:[0m ✓ Extracted 0 tasks from "setuptools3.bbclass" for recipe "python3-six_1.16.0.bb"
[2m2025-12-06T06:29:15.046449Z[0m [32m INFO[0m [2mconvenient_bitbake::pipeline[0m[2m:[0m ✓ Extracted 0 tasks from "setuptools3.bbclass" for recipe "python3-pytz_2022.1.bb"
[2m2025-12-06T06:29:15.046532Z[0m [32m INFO[0m [2mconvenient_bitbake::pipeline[0m[2m:[0m ✓ Extracted 6 tasks from "ptest.bbclass" for recipe "util-linux_2.37.4.bb"
[2m2025-12-06T06:29:15.046580Z[0m [32m INFO[0m [2mconvenient_bitbake::pipeline[0m[2m:[0m Recipe "util-linux_2.37.4.bb": 7 tasks total (4 from main, 3 from includes), 8 helpers total (0 from main, 8 from includes)
[2m2025-12-06T06:29:15.047452Z[0m [32m INFO[0m [2mconvenient_bitbake::pipeline[0m[2m:[0m ✓ Extracted 0 tasks from "setuptools3.bbclass" for recipe "python3-sphinx-rtd-theme_0.5.0.bb"
[2m2025-12-06T06:29:15.047647Z[0m [32m INFO[0m [2mconvenient_bitbake::pipeline[0m[2m:[0m ✓ Extracted 0 tasks from "setuptools3.bbclass" for recipe "python3-semantic-version_2.9.0.bb"
[2m2025-12-06T06:29:15.047665Z[0m [32m INFO[0m [2mconvenient_bitbake::pipeline[0m[2m:[0m Recipe "python3-pygobject_3.42.0.bb": 1 tasks total (0 from main, 1 from includes), 0 helpers total (0 from main, 0 from includes)
[2m2025-12-06T06:29:15.047703Z[0m [32m INFO[0m [2mconvenient_bitbake::pipeline[0m[2m:[0m Recipe "python3-semantic-version_2.9.0.bb": 0 tasks total (0 from main, 0 from includes), 3 helpers total (0 from main, 3 from includes)
[2m2025-12-06T06:29:15.048497Z[0m [32m INFO[0m [2mconvenient_bitbake::pipeline[0m[2m:[0m ✓ Extracted 0 tasks from "setuptools3.bbclass" for recipe "python3-smartypants_2.0.0.bb"
[2m2025-12-06T06:29:15.048531Z[0m [32m INFO[0m [2mconvenient_bitbake::pipeline[0m[2m:[0m Recipe "python3-smartypants_2.0.0.bb": 0 tasks total (0 from main, 0 from includes), 3 helpers total (0 from main, 3 from includes)
[2m2025-12-06T06:29:15.078640Z[0m [32m INFO[0m [2mconvenient_bitbake::pipeline[0m[2m:[0m ✓ Extracted 6 tasks from "ptest.bbclass" for recipe "python3-pytz_2022.1.bb"
[2m2025-12-06T06:29:15.078702Z[0m [32m INFO[0m [2mconvenient_bitbake::pipeline[0m[2m:[0m Recipe "python3-pytz_2022.1.bb": 6 tasks total (1 from main, 5 from includes), 3 helpers total (0 from main, 3 from includes)
[2m2025-12-06T06:29:15.079047Z[0m [32m INFO[0m [2mconvenient_bitbake::pipeline[0m[2m:[0m ✓ Extracted 0 tasks from "setuptools3.bbclass" for recipe "python3-smmap_5.0.0.bb"
[2m2025-12-06T06:29:15.079114Z[0m [32m INFO[0m [2mconvenient_bitbake::pipeline[0m[2m:[0m Recipe "python3-smmap_5.0.0.bb": 0 tasks total (0 from main, 0 from includes), 3 helpers total (0 from main, 3 from includes)
[2m2025-12-06T06:29:15.079074Z[0m [32m INFO[0m [2mconvenient_bitbake::pipeline[0m[2m:[0m ✓ Extracted 0 tasks from "setuptools3.bbclass" for recipe "python3-ruamel-yaml_0.17.21.bb"
[2m2025-12-06T06:29:15.079215Z[0m [32m INFO[0m [2mconvenient_bitbake::pipeline[0m[2m:[0m Recipe "python3-ruamel-yaml_0.17.21.bb": 1 tasks total (1 from main, 0 from includes), 3 helpers total (0 from main, 3 from includes)
[2m2025-12-06T06:29:15.080372Z[0m [32m INFO[0m [2mconvenient_bitbake::pipeline[0m[2m:[0m ✓ Extracted 0 tasks from "setuptools3.bbclass" for recipe "python3-scons_4.3.0.bb"
[2m2025-12-06T06:29:15.080415Z[0m [32m INFO[0m [2mconvenient_bitbake::pipeline[0m[2m:[0m Recipe "python3-scons_4.3.0.bb": 1 tasks total (1 from main, 0 from includes), 3 helpers total (0 from main, 3 from includes)
[2m2025-12-06T06:29:15.080461Z[0m [32m INFO[0m [2mconvenient_bitbake::pipeline[0m[2m:[0m ✓ Extracted 0 tasks from "setuptools3.bbclass" for recipe "python3-sphinxcontrib-applehelp_1.0.2.bb"
[2m2025-12-06T06:29:15.080514Z[0m [32m INFO[0m [2mconvenient_bitbake::pipeline[0m[2m:[0m Recipe "python3-sphinxcontrib-applehelp_1.0.2.bb": 0 tasks total (0 from main, 0 from includes), 3 helpers total (0 from main, 3 from includes)
[2m2025-12-06T06:29:15.080703Z[0m [32m INFO[0m [2mconvenient_bitbake::pipeline[0m[2m:[0m ✓ Extracted 0 tasks from "setuptools3.bbclass" for recipe "python3-sphinxcontrib-devhelp_1.0.2.bb"
[2m2025-12-06T06:29:15.080777Z[0m [32m INFO[0m [2mconvenient_bitbake::pipeline[0m[2m:[0m Recipe "python3-sphinxcontrib-devhelp_1.0.2.bb": 0 tasks total (0 from main, 0 from includes), 3 helpers total (0 from main, 3 from includes)
[2m2025-12-06T06:29:15.080740Z[0m [32m INFO[0m [2mconvenient_bitbake::pipeline[0m[2m:[0m Recipe "python3-sphinx-rtd-theme_0.5.0.bb": 0 tasks total (0 from main, 0 from includes), 3 helpers total (0 from main, 3 from includes)
[2m2025-12-06T06:29:15.080969Z[0m [32m INFO[0m [2mconvenient_bitbake::pipeline[0m[2m:[0m ✓ Extracted 0 tasks from "setuptools3.bbclass" for recipe "python3-sphinx_4.4.0.bb"
[2m2025-12-06T06:29:15.081030Z[0m [32m INFO[0m [2mconvenient_bitbake::pipeline[0m[2m:[0m ✓ Extracted 0 tasks from "cargo.bbclass" for recipe "python3-setuptools-rust-native_1.1.2.bb"
[2m2025-12-06T06:29:15.082236Z[0m [32m INFO[0m [2mconvenient_bitbake::pipeline[0m[2m:[0m ✓ Extracted 0 tasks from "setuptools3.bbclass" for recipe "python3-sphinxcontrib-htmlhelp_2.0.0.bb"
[2m2025-12-06T06:29:15.082271Z[0m [32m INFO[0m [2mconvenient_bitbake::pipeline[0m[2m:[0m Recipe "python3-sphinxcontrib-htmlhelp_2.0.0.bb": 0 tasks total (0 from main, 0 from includes), 3 helpers total (0 from main, 3 from includes)
[2m2025-12-06T06:29:15.082332Z[0m [32m INFO[0m [2mconvenient_bitbake::pipeline[0m[2m:[0m ✓ Extracted 0 tasks from "setuptools3.bbclass" for recipe "python3-sortedcontainers_2.4.0.bb"
[2m2025-12-06T06:29:15.082368Z[0m [32m INFO[0m [2mconvenient_bitbake::pipeline[0m[2m:[0m Recipe "python3-sortedcontainers_2.4.0.bb": 0 tasks total (0 from main, 0 from includes), 3 helpers total (0 from main, 3 from includes)
[2m2025-12-06T06:29:15.083255Z[0m [32m INFO[0m [2mconvenient_bitbake::pipeline[0m[2m:[0m ✓ Extracted 0 tasks from "setuptools3.bbclass" for recipe "python3-testtools_2.5.0.bb"
[2m2025-12-06T06:29:15.083662Z[0m [32m INFO[0m [2mconvenient_bitbake::pipeline[0m[2m:[0m ✓ Extracted 0 tasks from "setuptools3.bbclass" for recipe "python3-sphinxcontrib-qthelp_1.0.3.bb"
[2m2025-12-06T06:29:15.083703Z[0m [32m INFO[0m [2mconvenient_bitbake::pipeline[0m[2m:[0m Recipe "python3-sphinxcontrib-qthelp_1.0.3.bb": 0 tasks total (0 from main, 0 from includes), 3 helpers total (0 from main, 3 from includes)
[2m2025-12-06T06:29:15.083862Z[0m [32m INFO[0m [2mconvenient_bitbake::pipeline[0m[2m:[0m ✓ Extracted 1 tasks from "perl-ptest.inc" for recipe "perl_5.34.3.bb"
[2m2025-12-06T06:29:15.083983Z[0m [32m INFO[0m [2mconvenient_bitbake::pipeline[0m[2m:[0m Recipe "python3-sphinx_4.4.0.bb": 1 tasks total (1 from main, 0 from includes), 3 helpers total (0 from main, 3 from includes)
[2m2025-12-06T06:29:15.084407Z[0m [32m INFO[0m [2mconvenient_bitbake::pipeline[0m[2m:[0m Recipe "python3-six_1.16.0.bb": 0 tasks total (0 from main, 0 from includes), 3 helpers total (0 from main, 3 from includes)
[2m2025-12-06T06:29:15.084493Z[0m [32m INFO[0m [2mconvenient_bitbake::pipeline[0m[2m:[0m Recipe "systemd_250.14.bb": 3 tasks total (2 from main, 1 from includes), 10 helpers total (0 from main, 10 from includes)
[2m2025-12-06T06:29:15.084526Z[0m [32m INFO[0m [2mconvenient_bitbake::pipeline[0m[2m:[0m Recipe "python3-pycairo_1.21.0.bb": 1 tasks total (0 from main, 1 from includes), 3 helpers total (0 from main, 3 from includes)
[2m2025-12-06T06:29:15.084535Z[0m [32m INFO[0m [2mconvenient_bitbake::pipeline[0m[2m:[0m ✓ Extracted 0 tasks from "setuptools3.bbclass" for recipe "python3-sphinxcontrib-serializinghtml_1.1.5.bb"
[2m2025-12-06T06:29:15.084637Z[0m [32m INFO[0m [2mconvenient_bitbake::pipeline[0m[2m:[0m Recipe "python3-sphinxcontrib-serializinghtml_1.1.5.bb": 0 tasks total (0 from main, 0 from includes), 3 helpers total (0 from main, 3 from includes)
[2m2025-12-06T06:29:15.085877Z[0m [32m INFO[0m [2mconvenient_bitbake::pipeline[0m[2m:[0m ✓ Extracted 0 tasks from "setuptools3.bbclass" for recipe "python3-snowballstemmer_2.2.0.bb"
[2m2025-12-06T06:29:15.085924Z[0m [32m INFO[0m [2mconvenient_bitbake::pipeline[0m[2m:[0m Recipe "python3-snowballstemmer_2.2.0.bb": 0 tasks total (0 from main, 0 from includes), 3 helpers total (0 from main, 3 from includes)
[2m2025-12-06T06:29:15.086168Z[0m [32m INFO[0m [2mconvenient_bitbake::pipeline[0m[2m:[0m ✓ Extracted 0 tasks from "setuptools3.bbclass" for recipe "python3-strict-rfc3339_0.7.bb"
[2m2025-12-06T06:29:15.086203Z[0m [32m INFO[0m [2mconvenient_bitbake::pipeline[0m[2m:[0m Recipe "python3-strict-rfc3339_0.7.bb": 0 tasks total (0 from main, 0 from includes), 3 helpers total (0 from main, 3 from includes)
[2m2025-12-06T06:29:15.086588Z[0m [32m INFO[0m [2mconvenient_bitbake::pipeline[0m[2m:[0m ✓ Extracted 0 tasks from "setuptools3.bbclass" for recipe "python3-toml_0.10.2.bb"
[2m2025-12-06T06:29:15.086633Z[0m [32m INFO[0m [2mconvenient_bitbake::pipeline[0m[2m:[0m Recipe "python3-toml_0.10.2.bb": 0 tasks total (0 from main, 0 from includes), 3 helpers total (0 from main, 3 from includes)
[2m2025-12-06T06:29:15.087298Z[0m [32m INFO[0m [2mconvenient_bitbake::pipeline[0m[2m:[0m ✓ Extracted 0 tasks from "setuptools3.bbclass" for recipe "python3-typing-extensions_3.10.0.0.bb"
[2m2025-12-06T06:29:15.087329Z[0m [32m INFO[0m [2mconvenient_bitbake::pipeline[0m[2m:[0m Recipe "python3-typing-extensions_3.10.0.0.bb": 0 tasks total (0 from main, 0 from includes), 3 helpers total (0 from main, 3 from includes)
[2m2025-12-06T06:29:15.088841Z[0m [32m INFO[0m [2mconvenient_bitbake::pipeline[0m[2m:[0m ✓ Extracted 0 tasks from "setuptools3.bbclass" for recipe "python3-typogrify_2.0.7.bb"
[2m2025-12-06T06:29:15.088876Z[0m [32m INFO[0m [2mconvenient_bitbake::pipeline[0m[2m:[0m Recipe "python3-typogrify_2.0.7.bb": 0 tasks total (0 from main, 0 from includes), 3 helpers total (0 from main, 3 from includes)
[2m2025-12-06T06:29:15.090253Z[0m [32m INFO[0m [2mconvenient_bitbake::pipeline[0m[2m:[0m ✓ Extracted 0 tasks from "setuptools3.bbclass" for recipe "python3-urllib3_1.26.20.bb"
[2m2025-12-06T06:29:15.090310Z[0m [32m INFO[0m [2mconvenient_bitbake::pipeline[0m[2m:[0m Recipe "python3-urllib3_1.26.20.bb": 0 tasks total (0 from main, 0 from includes), 3 helpers total (0 from main, 3 from includes)
[2m2025-12-06T06:29:15.090416Z[0m [32m INFO[0m [2mconvenient_bitbake::pipeline[0m[2m:[0m ✓ Extracted 0 tasks from "setuptools3.bbclass" for recipe "python3-subunit_1.4.0.bb"
[2m2025-12-06T06:29:15.090456Z[0m [32m INFO[0m [2mconvenient_bitbake::pipeline[0m[2m:[0m Recipe "python3-subunit_1.4.0.bb": 0 tasks total (0 from main, 0 from includes), 3 helpers total (0 from main, 3 from includes)
[2m2025-12-06T06:29:15.092872Z[0m [32m INFO[0m [2mconvenient_bitbake::pipeline[0m[2m:[0m ✓ Extracted 0 tasks from "setuptools3.bbclass" for recipe "python3-sphinxcontrib-jsmath_1.0.1.bb"
[2m2025-12-06T06:29:15.092917Z[0m [32m INFO[0m [2mconvenient_bitbake::pipeline[0m[2m:[0m Recipe "python3-sphinxcontrib-jsmath_1.0.1.bb": 0 tasks total (0 from main, 0 from includes), 3 helpers total (0 from main, 3 from includes)
[2m2025-12-06T06:29:15.094559Z[0m [32m INFO[0m [2mconvenient_bitbake::pipeline[0m[2m:[0m Recipe "python3-testtools_2.5.0.bb": 0 tasks total (0 from main, 0 from includes), 3 helpers total (0 from main, 3 from includes)
[2m2025-12-06T06:29:15.094950Z[0m [32m INFO[0m [2mconvenient_bitbake::pipeline[0m[2m:[0m ✓ Extracted 0 tasks from "setuptools3.bbclass" for recipe "python3-wcwidth_0.2.5.bb"
[2m2025-12-06T06:29:15.095491Z[0m [32m INFO[0m [2mconvenient_bitbake::pipeline[0m[2m:[0m ✓ Extracted 0 tasks from "setuptools3.bbclass" for recipe "python3-webcolors_1.11.1.bb"
[2m2025-12-06T06:29:15.096604Z[0m [32m INFO[0m [2mconvenient_bitbake::pipeline[0m[2m:[0m ✓ Extracted 1 tasks from "swig.inc" for recipe "swig_4.0.2.bb"
[2m2025-12-06T06:29:15.096644Z[0m [32m INFO[0m [2mconvenient_bitbake::pipeline[0m[2m:[0m Recipe "swig_4.0.2.bb": 1 tasks total (0 from main, 1 from includes), 0 helpers total (0 from main, 0 from includes)
[2m2025-12-06T06:29:15.098588Z[0m [32m INFO[0m [2mconvenient_bitbake::pipeline[0m[2m:[0m ✓ Extracted 5 tasks from "quilt.inc" for recipe "quilt_0.67.bb"
[2m2025-12-06T06:29:15.099151Z[0m [32m INFO[0m [2mconvenient_bitbake::pipeline[0m[2m:[0m ✓ Extracted 0 tasks from "setuptools3.bbclass" for recipe "python3-vcversioner_2.16.0.0.bb"
[2m2025-12-06T06:29:15.099211Z[0m [32m INFO[0m [2mconvenient_bitbake::pipeline[0m[2m:[0m Recipe "python3-vcversioner_2.16.0.0.bb": 0 tasks total (0 from main, 0 from includes), 3 helpers total (0 from main, 3 from includes)
[2m2025-12-06T06:29:15.099949Z[0m [32m INFO[0m [2mconvenient_bitbake::pipeline[0m[2m:[0m ✓ Extracted 2 tasks from "rust-tools-cross-canadian.inc" for recipe "rust-tools-cross-canadian_1.59.0.bb"
[2m2025-12-06T06:29:15.100627Z[0m [32m INFO[0m [2mconvenient_bitbake::pipeline[0m[2m:[0m ✓ Extracted 2 tasks from "rust-cross-canadian.inc" for recipe "rust-cross-canadian_1.59.0.bb"
[2m2025-12-06T06:29:15.102047Z[0m [32m INFO[0m [2mconvenient_bitbake::pipeline[0m[2m:[0m ✓ Extracted 5 tasks from "quilt.inc" for recipe "quilt-native_0.67.bb"
[2m2025-12-06T06:29:15.102050Z[0m [32m INFO[0m [2mconvenient_bitbake::pipeline[0m[2m:[0m ✓ Extracted 1 tasks from "native.bbclass" for recipe "python3-setuptools-rust-native_1.1.2.bb"
[2m2025-12-06T06:29:15.101394Z[0m [32m INFO[0m [2mconvenient_bitbake::pipeline[0m[2m:[0m ✓ Extracted 4 tasks from "rust.inc" for recipe "rust-crosssdk_1.59.0.bb"
[2m2025-12-06T06:29:15.102425Z[0m [32m INFO[0m [2mconvenient_bitbake::pipeline[0m[2m:[0m Recipe "python3-setuptools-rust-native_1.1.2.bb": 1 tasks total (0 from main, 1 from includes), 3 helpers total (0 from main, 3 from includes)
[2m2025-12-06T06:29:15.103015Z[0m [32m INFO[0m [2mconvenient_bitbake::pipeline[0m[2m:[0m ✓ Extracted 2 tasks from "libstd-rs.inc" for recipe "libstd-rs_1.59.0.bb"
[2m2025-12-06T06:29:15.103028Z[0m [32m INFO[0m [2mconvenient_bitbake::pipeline[0m[2m:[0m ✓ Extracted 6 tasks from "ptest.bbclass" for recipe "python3-wcwidth_0.2.5.bb"
[2m2025-12-06T06:29:15.103158Z[0m [32m INFO[0m [2mconvenient_bitbake::pipeline[0m[2m:[0m Recipe "libstd-rs_1.59.0.bb": 2 tasks total (0 from main, 2 from includes), 0 helpers total (0 from main, 0 from includes)
[2m2025-12-06T06:29:15.103189Z[0m [32m INFO[0m [2mconvenient_bitbake::pipeline[0m[2m:[0m Recipe "python3-wcwidth_0.2.5.bb": 6 tasks total (1 from main, 5 from includes), 3 helpers total (0 from main, 3 from includes)
[2m2025-12-06T06:29:15.105225Z[0m [32m INFO[0m [2mconvenient_bitbake::pipeline[0m[2m:[0m Recipe "rust-tools-cross-canadian_1.59.0.bb": 2 tasks total (0 from main, 2 from includes), 0 helpers total (0 from main, 0 from includes)
[2m2025-12-06T06:29:15.105624Z[0m [32m INFO[0m [2mconvenient_bitbake::pipeline[0m[2m:[0m ✓ Extracted 0 tasks from "vala.inc" for recipe "vala_0.56.3.bb"
[2m2025-12-06T06:29:15.105684Z[0m [32m INFO[0m [2mconvenient_bitbake::pipeline[0m[2m:[0m Recipe "vala_0.56.3.bb": 0 tasks total (0 from main, 0 from includes), 2 helpers total (0 from main, 2 from includes)
[2m2025-12-06T06:29:15.105825Z[0m [32m INFO[0m [2mconvenient_bitbake::pipeline[0m[2m:[0m   Progress: 400/884 recipes parsed (45.2%)
[2m2025-12-06T06:29:15.105851Z[0m [32m INFO[0m [2mconvenient_bitbake::pipeline[0m[2m:[0m ✓ Extracted 1 tasks from "rust-llvm.inc" for recipe "rust-llvm_1.59.0.bb"
[2m2025-12-06T06:29:15.105902Z[0m [32m INFO[0m [2mconvenient_bitbake::pipeline[0m[2m:[0m Recipe "rust-llvm_1.59.0.bb": 1 tasks total (0 from main, 1 from includes), 0 helpers total (0 from main, 0 from includes)
[2m2025-12-06T06:29:15.106340Z[0m [32m INFO[0m [2mconvenient_bitbake::pipeline[0m[2m:[0m Recipe "quilt_0.67.bb": 4 tasks total (0 from main, 4 from includes), 0 helpers total (0 from main, 0 from includes)
[2m2025-12-06T06:29:15.106527Z[0m [32m INFO[0m [2mconvenient_bitbake::pipeline[0m[2m:[0m ✓ Extracted 1 tasks from "native.bbclass" for recipe "qemu-helper-native_1.0.bb"
[2m2025-12-06T06:29:15.106578Z[0m [32m INFO[0m [2mconvenient_bitbake::pipeline[0m[2m:[0m Recipe "qemu-helper-native_1.0.bb": 3 tasks total (2 from main, 1 from includes), 0 helpers total (0 from main, 0 from includes)
[2m2025-12-06T06:29:15.106739Z[0m [32m INFO[0m [2mconvenient_bitbake::pipeline[0m[2m:[0m Recipe "rust-cross-canadian_1.59.0.bb": 2 tasks total (0 from main, 2 from includes), 0 helpers total (0 from main, 0 from includes)
[2m2025-12-06T06:29:15.108084Z[0m [32m INFO[0m [2mconvenient_bitbake::pipeline[0m[2m:[0m ✓ Extracted 0 tasks from "cargo.bbclass" for recipe "rust-hello-world_git.bb"
[2m2025-12-06T06:29:15.108171Z[0m [32m INFO[0m [2mconvenient_bitbake::pipeline[0m[2m:[0m Recipe "rust-hello-world_git.bb": 0 tasks total (0 from main, 0 from includes), 3 helpers total (0 from main, 3 from includes)
[2m2025-12-06T06:29:15.110390Z[0m [32m INFO[0m [2mconvenient_bitbake::pipeline[0m[2m:[0m ✓ Extracted 6 tasks from "bash.inc" for recipe "bash_5.1.16.bb"
[2m2025-12-06T06:29:15.110429Z[0m [32m INFO[0m [2mconvenient_bitbake::pipeline[0m[2m:[0m Recipe "bash_5.1.16.bb": 6 tasks total (0 from main, 6 from includes), 0 helpers total (0 from main, 0 from includes)
[2m2025-12-06T06:29:15.112253Z[0m [32m INFO[0m [2mconvenient_bitbake::pipeline[0m[2m:[0m ✓ Extracted 0 tasks from "update-rc.d.bbclass" for recipe "tcf-agent_git.bb"
[2m2025-12-06T06:29:15.115759Z[0m [32m INFO[0m [2mconvenient_bitbake::pipeline[0m[2m:[0m ✓ Extracted 0 tasks from "setuptools3.bbclass" for recipe "asciidoc_10.1.4.bb"
[2m2025-12-06T06:29:15.115809Z[0m [32m INFO[0m [2mconvenient_bitbake::pipeline[0m[2m:[0m Recipe "asciidoc_10.1.4.bb": 0 tasks total (0 from main, 0 from includes), 3 helpers total (0 from main, 3 from includes)
[2m2025-12-06T06:29:15.115854Z[0m [32m INFO[0m [2mconvenient_bitbake::pipeline[0m[2m:[0m ✓ Extracted 0 tasks from "autotools.bbclass" for recipe "subversion_1.14.2.bb"
[2m2025-12-06T06:29:15.117532Z[0m [32m INFO[0m [2mconvenient_bitbake::pipeline[0m[2m:[0m ✓ Extracted 0 tasks from "autotools.bbclass" for recipe "tcl_8.6.11.bb"
[2m2025-12-06T06:29:15.118583Z[0m [32m INFO[0m [2mconvenient_bitbake::pipeline[0m[2m:[0m ✓ Extracted 5 tasks from "rust-cross.inc" for recipe "rust-crosssdk_1.59.0.bb"
[2m2025-12-06T06:29:15.119269Z[0m [32m INFO[0m [2mconvenient_bitbake::pipeline[0m[2m:[0m ✓ Extracted 0 tasks from "autotools.bbclass" for recipe "python3_3.10.19.bb"
[2m2025-12-06T06:29:15.119484Z[0m [32m INFO[0m [2mconvenient_bitbake::pipeline[0m[2m:[0m ✓ Extracted 6 tasks from "ptest.bbclass" for recipe "valgrind_3.18.1.bb"
[2m2025-12-06T06:29:15.119641Z[0m [32m INFO[0m [2mconvenient_bitbake::pipeline[0m[2m:[0m Recipe "rust-crosssdk_1.59.0.bb": 5 tasks total (0 from main, 5 from includes), 5 helpers total (0 from main, 5 from includes)
[2m2025-12-06T06:29:15.120024Z[0m [32m INFO[0m [2mconvenient_bitbake::pipeline[0m[2m:[0m ✓ Extracted 6 tasks from "ptest.bbclass" for recipe "python3-webcolors_1.11.1.bb"
[2m2025-12-06T06:29:15.120070Z[0m [32m INFO[0m [2mconvenient_bitbake::pipeline[0m[2m:[0m Recipe "python3-webcolors_1.11.1.bb": 6 tasks total (1 from main, 5 from includes), 3 helpers total (0 from main, 3 from includes)
[2m2025-12-06T06:29:15.121254Z[0m [32m INFO[0m [2mconvenient_bitbake::pipeline[0m[2m:[0m ✓ Extracted 4 tasks from "qemu.inc" for recipe "qemu_6.2.0.bb"
[2m2025-12-06T06:29:15.121305Z[0m [32m INFO[0m [2mconvenient_bitbake::pipeline[0m[2m:[0m Recipe "qemu_6.2.0.bb": 4 tasks total (0 from main, 4 from includes), 0 helpers total (0 from main, 0 from includes)
[2m2025-12-06T06:29:15.121857Z[0m [32m INFO[0m [2mconvenient_bitbake::pipeline[0m[2m:[0m ✓ Extracted 0 tasks from "autotools.bbclass" for recipe "ethtool_5.16.bb"
[2m2025-12-06T06:29:15.122315Z[0m [32m INFO[0m [2mconvenient_bitbake::pipeline[0m[2m:[0m ✓ Extracted 0 tasks from "autotools.bbclass" for recipe "cpio_2.14.bb"
[2m2025-12-06T06:29:15.122347Z[0m [32m INFO[0m [2mconvenient_bitbake::pipeline[0m[2m:[0m Recipe "subversion_1.14.2.bb": 1 tasks total (1 from main, 0 from includes), 6 helpers total (0 from main, 6 from includes)
[2m2025-12-06T06:29:15.122367Z[0m [32m INFO[0m [2mconvenient_bitbake::pipeline[0m[2m:[0m ✓ Extracted 0 tasks from "multilib_header.bbclass" for recipe "valgrind_3.18.1.bb"
[2m2025-12-06T06:29:15.122586Z[0m [32m INFO[0m [2mconvenient_bitbake::pipeline[0m[2m:[0m Recipe "valgrind_3.18.1.bb": 10 tasks total (6 from main, 4 from includes), 1 helpers total (0 from main, 1 from includes)
[2m2025-12-06T06:29:15.122693Z[0m [32m INFO[0m [2mconvenient_bitbake::pipeline[0m[2m:[0m ✓ Extracted 6 tasks from "ptest.bbclass" for recipe "diffutils_3.10.bb"
[2m2025-12-06T06:29:15.122864Z[0m [32m INFO[0m [2mconvenient_bitbake::pipeline[0m[2m:[0m Recipe "diffutils_3.10.bb": 6 tasks total (1 from main, 5 from includes), 0 helpers total (0 from main, 0 from includes)
[2m2025-12-06T06:29:15.123186Z[0m [32m INFO[0m [2mconvenient_bitbake::pipeline[0m[2m:[0m ✓ Extracted 0 tasks from "autotools.bbclass" for recipe "xmlto_0.0.28.bb"
[2m2025-12-06T06:29:15.123255Z[0m [32m INFO[0m [2mconvenient_bitbake::pipeline[0m[2m:[0m Recipe "xmlto_0.0.28.bb": 1 tasks total (1 from main, 0 from includes), 6 helpers total (0 from main, 6 from includes)
[2m2025-12-06T06:29:15.123869Z[0m [32m INFO[0m [2mconvenient_bitbake::pipeline[0m[2m:[0m ✓ Extracted 4 tasks from "rust.inc" for recipe "rust-cross_1.59.0.bb"
[2m2025-12-06T06:29:15.124861Z[0m [32m INFO[0m [2mconvenient_bitbake::pipeline[0m[2m:[0m ✓ Extracted 0 tasks from "autotools.bbclass" for recipe "unfs3_git.bb"
[2m2025-12-06T06:29:15.124904Z[0m [32m INFO[0m [2mconvenient_bitbake::pipeline[0m[2m:[0m Recipe "unfs3_git.bb": 0 tasks total (0 from main, 0 from includes), 6 helpers total (0 from main, 6 from includes)
[2m2025-12-06T06:29:15.125646Z[0m [32m INFO[0m [2mconvenient_bitbake::pipeline[0m[2m:[0m ✓ Extracted 1 tasks from "cups.inc" for recipe "cups_2.4.2.bb"
[2m2025-12-06T06:29:15.125691Z[0m [32m INFO[0m [2mconvenient_bitbake::pipeline[0m[2m:[0m Recipe "cups_2.4.2.bb": 1 tasks total (0 from main, 1 from includes), 1 helpers total (0 from main, 1 from includes)
[2m2025-12-06T06:29:15.126469Z[0m [32m INFO[0m [2mconvenient_bitbake::pipeline[0m[2m:[0m ✓ Extracted 0 tasks from "autotools.bbclass" for recipe "cronie_1.6.1.bb"
[2m2025-12-06T06:29:15.127577Z[0m [32m INFO[0m [2mconvenient_bitbake::pipeline[0m[2m:[0m ✓ Extracted 0 tasks from "autotools.bbclass" for recipe "cracklib_2.9.8.bb"
[2m2025-12-06T06:29:15.127758Z[0m [32m INFO[0m [2mconvenient_bitbake::pipeline[0m[2m:[0m ✓ Extracted 6 tasks from "ptest.bbclass" for recipe "ethtool_5.16.bb"
[2m2025-12-06T06:29:15.129431Z[0m [32m INFO[0m [2mconvenient_bitbake::pipeline[0m[2m:[0m ✓ Extracted 1 tasks from "gzip.inc" for recipe "gzip_1.12.bb"
[2m2025-12-06T06:29:15.129437Z[0m [32m INFO[0m [2mconvenient_bitbake::pipeline[0m[2m:[0m ✓ Extracted 6 tasks from "ptest.bbclass" for recipe "tcl_8.6.11.bb"
[2m2025-12-06T06:29:15.129581Z[0m [32m INFO[0m [2mconvenient_bitbake::pipeline[0m[2m:[0m ✓ Extracted 0 tasks from "autotools.bbclass" for recipe "systemd-bootchart_234.bb"
[2m2025-12-06T06:29:15.129825Z[0m [32m INFO[0m [2mconvenient_bitbake::pipeline[0m[2m:[0m ✓ Extracted 0 tasks from "autotools.bbclass" for recipe "gperf_3.1.bb"
[2m2025-12-06T06:29:15.129867Z[0m [32m INFO[0m [2mconvenient_bitbake::pipeline[0m[2m:[0m Recipe "gperf_3.1.bb": 0 tasks total (0 from main, 0 from includes), 6 helpers total (0 from main, 6 from includes)
[2m2025-12-06T06:29:15.130444Z[0m [32m INFO[0m [2mconvenient_bitbake::pipeline[0m[2m:[0m ✓ Extracted 0 tasks from "autotools.bbclass" for recipe "rpm_4.17.1.bb"
[2m2025-12-06T06:29:15.130499Z[0m [32m INFO[0m [2mconvenient_bitbake::pipeline[0m[2m:[0m Recipe "cracklib_2.9.8.bb": 1 tasks total (1 from main, 0 from includes), 6 helpers total (0 from main, 6 from includes)
[2m2025-12-06T06:29:15.130728Z[0m [32m INFO[0m [2mconvenient_bitbake::pipeline[0m[2m:[0m ✓ Extracted 0 tasks from "autotools.bbclass" for recipe "gawk_5.1.1.bb"
[2m2025-12-06T06:29:15.131428Z[0m [32m INFO[0m [2mconvenient_bitbake::pipeline[0m[2m:[0m ✓ Extracted 0 tasks from "binconfig.bbclass" for recipe "tcl_8.6.11.bb"
[2m2025-12-06T06:29:15.131494Z[0m [32m INFO[0m [2mconvenient_bitbake::pipeline[0m[2m:[0m Recipe "tcl_8.6.11.bb": 7 tasks total (3 from main, 4 from includes), 9 helpers total (1 from main, 8 from includes)
[2m2025-12-06T06:29:15.131988Z[0m [32m INFO[0m [2mconvenient_bitbake::pipeline[0m[2m:[0m Recipe "ethtool_5.16.bb": 6 tasks total (2 from main, 4 from includes), 6 helpers total (0 from main, 6 from includes)
[2m2025-12-06T06:29:15.133041Z[0m [32m INFO[0m [2mconvenient_bitbake::pipeline[0m[2m:[0m ✓ Extracted 0 tasks from "autotools.bbclass" for recipe "ruby_3.1.3.bb"
[2m2025-12-06T06:29:15.134157Z[0m [32m INFO[0m [2mconvenient_bitbake::pipeline[0m[2m:[0m ✓ Extracted 1 tasks from "native.bbclass" for recipe "quilt-native_0.67.bb"
[2m2025-12-06T06:29:15.134210Z[0m [32m INFO[0m [2mconvenient_bitbake::pipeline[0m[2m:[0m Recipe "quilt-native_0.67.bb": 5 tasks total (0 from main, 5 from includes), 0 helpers total (0 from main, 0 from includes)
[2m2025-12-06T06:29:15.134231Z[0m [32m INFO[0m [2mconvenient_bitbake::pipeline[0m[2m:[0m ✓ Extracted 0 tasks from "go.bbclass" for recipe "go-helloworld_0.1.bb"
[2m2025-12-06T06:29:15.134295Z[0m [32m INFO[0m [2mconvenient_bitbake::pipeline[0m[2m:[0m Recipe "go-helloworld_0.1.bb": 1 tasks total (1 from main, 0 from includes), 7 helpers total (0 from main, 7 from includes)
[2m2025-12-06T06:29:15.134941Z[0m [32m INFO[0m [2mconvenient_bitbake::pipeline[0m[2m:[0m ✓ Extracted 1 tasks from "cross.bbclass" for recipe "rust-cross_1.59.0.bb"
[2m2025-12-06T06:29:15.135066Z[0m [32m INFO[0m [2mconvenient_bitbake::pipeline[0m[2m:[0m ✓ Extracted 0 tasks from "autotools.bbclass" for recipe "bc_1.07.1.bb"
[2m2025-12-06T06:29:15.135154Z[0m [32m INFO[0m [2mconvenient_bitbake::pipeline[0m[2m:[0m ✓ Extracted 0 tasks from "multilib_script.bbclass" for recipe "groff_1.22.4.bb"
[2m2025-12-06T06:29:15.135226Z[0m [32m INFO[0m [2mconvenient_bitbake::pipeline[0m[2m:[0m ✓ Extracted 6 tasks from "ptest.bbclass" for recipe "python3_3.10.19.bb"
[2m2025-12-06T06:29:15.136514Z[0m [32m INFO[0m [2mconvenient_bitbake::pipeline[0m[2m:[0m Recipe "groff_1.22.4.bb": 2 tasks total (2 from main, 0 from includes), 1 helpers total (0 from main, 1 from includes)
[2m2025-12-06T06:29:15.136998Z[0m [32m INFO[0m [2mconvenient_bitbake::pipeline[0m[2m:[0m ✓ Extracted 0 tasks from "autotools.bbclass" for recipe "strace_5.16.bb"
[2m2025-12-06T06:29:15.137121Z[0m [32m INFO[0m [2mconvenient_bitbake::pipeline[0m[2m:[0m Recipe "rpm_4.17.1.bb": 2 tasks total (2 from main, 0 from includes), 7 helpers total (1 from main, 6 from includes)
[2m2025-12-06T06:29:15.137790Z[0m [32m INFO[0m [2mconvenient_bitbake::pipeline[0m[2m:[0m ✓ Extracted 5 tasks from "rust-cross.inc" for recipe "rust-cross_1.59.0.bb"
[2m2025-12-06T06:29:15.138059Z[0m [32m INFO[0m [2mconvenient_bitbake::pipeline[0m[2m:[0m ✓ Extracted 6 tasks from "ptest.bbclass" for recipe "ruby_3.1.3.bb"
[2m2025-12-06T06:29:15.138784Z[0m [32m INFO[0m [2mconvenient_bitbake::pipeline[0m[2m:[0m Recipe "rust-cross_1.59.0.bb": 6 tasks total (0 from main, 6 from includes), 5 helpers total (0 from main, 5 from includes)
[2m2025-12-06T06:29:15.139018Z[0m [32m INFO[0m [2mconvenient_bitbake::pipeline[0m[2m:[0m ✓ Extracted 0 tasks from "systemd.bbclass" for recipe "tcf-agent_git.bb"
[2m2025-12-06T06:29:15.139079Z[0m [32m INFO[0m [2mconvenient_bitbake::pipeline[0m[2m:[0m Recipe "tcf-agent_git.bb": 1 tasks total (1 from main, 0 from includes), 5 helpers total (0 from main, 5 from includes)
[2m2025-12-06T06:29:15.139313Z[0m [32m INFO[0m [2mconvenient_bitbake::pipeline[0m[2m:[0m Recipe "ruby_3.1.3.bb": 7 tasks total (2 from main, 5 from includes), 6 helpers total (0 from main, 6 from includes)
[2m2025-12-06T06:29:15.142268Z[0m [32m INFO[0m [2mconvenient_bitbake::pipeline[0m[2m:[0m ✓ Extracted 0 tasks from "multilib_header.bbclass" for recipe "python3_3.10.19.bb"
[2m2025-12-06T06:29:15.143356Z[0m [32m INFO[0m [2mconvenient_bitbake::pipeline[0m[2m:[0m ✓ Extracted 0 tasks from "autotools.bbclass" for recipe "blktool_4-7.1.bb"
[2m2025-12-06T06:29:15.143419Z[0m [32m INFO[0m [2mconvenient_bitbake::pipeline[0m[2m:[0m ✓ Extracted 1 tasks from "meson.bbclass" for recipe "iputils_20211215.bb"
[2m2025-12-06T06:29:15.144209Z[0m [32m INFO[0m [2mconvenient_bitbake::pipeline[0m[2m:[0m ✓ Extracted 0 tasks from "systemd.bbclass" for recipe "run-postinsts_1.0.bb"
[2m2025-12-06T06:29:15.145325Z[0m [32m INFO[0m [2mconvenient_bitbake::pipeline[0m[2m:[0m Recipe "blktool_4-7.1.bb": 0 tasks total (0 from main, 0 from includes), 6 helpers total (0 from main, 6 from includes)
[2m2025-12-06T06:29:15.179524Z[0m [32m INFO[0m [2mconvenient_bitbake::pipeline[0m[2m:[0m ✓ Extracted 0 tasks from "systemd.bbclass" for recipe "systemd-bootchart_234.bb"
[2m2025-12-06T06:29:15.179728Z[0m [32m INFO[0m [2mconvenient_bitbake::pipeline[0m[2m:[0m ✓ Extracted 0 tasks from "autotools.bbclass" for recipe "libpipeline_1.5.5.bb"
[2m2025-12-06T06:29:15.179800Z[0m [32m INFO[0m [2mconvenient_bitbake::pipeline[0m[2m:[0m Recipe "libpipeline_1.5.5.bb": 0 tasks total (0 from main, 0 from includes), 6 helpers total (0 from main, 6 from includes)
[2m2025-12-06T06:29:15.179867Z[0m [32m INFO[0m [2mconvenient_bitbake::pipeline[0m[2m:[0m ✓ Extracted 6 tasks from "ptest.bbclass" for recipe "strace_5.16.bb"
[2m2025-12-06T06:29:15.179924Z[0m [32m INFO[0m [2mconvenient_bitbake::pipeline[0m[2m:[0m Recipe "strace_5.16.bb": 6 tasks total (2 from main, 4 from includes), 6 helpers total (0 from main, 6 from includes)
[2m2025-12-06T06:29:15.180113Z[0m [32m INFO[0m [2mconvenient_bitbake::pipeline[0m[2m:[0m ✓ Extracted 0 tasks from "autotools.bbclass" for recipe "bzip2_1.0.8.bb"
[2m2025-12-06T06:29:15.181052Z[0m [32m INFO[0m [2mconvenient_bitbake::pipeline[0m[2m:[0m ✓ Extracted 0 tasks from "systemd.bbclass" for recipe "at_3.2.5.bb"
[2m2025-12-06T06:29:15.181318Z[0m [32m INFO[0m [2mconvenient_bitbake::pipeline[0m[2m:[0m Recipe "python3_3.10.19.bb": 9 tasks total (4 from main, 5 from includes), 10 helpers total (3 from main, 7 from includes)
[2m2025-12-06T06:29:15.182453Z[0m [32m INFO[0m [2mconvenient_bitbake::pipeline[0m[2m:[0m ✓ Extracted 0 tasks from "update-rc.d.bbclass" for recipe "cronie_1.6.1.bb"
[2m2025-12-06T06:29:15.182760Z[0m [32m INFO[0m [2mconvenient_bitbake::pipeline[0m[2m:[0m ✓ Extracted 0 tasks from "autotools.bbclass" for recipe "libnss-nis.bb"
[2m2025-12-06T06:29:15.183269Z[0m [32m INFO[0m [2mconvenient_bitbake::pipeline[0m[2m:[0m ✓ Extracted 0 tasks from "autotools.bbclass" for recipe "less_600.bb"
[2m2025-12-06T06:29:15.183706Z[0m [32m INFO[0m [2mconvenient_bitbake::pipeline[0m[2m:[0m ✓ Extracted 0 tasks from "cmake.bbclass" for recipe "libsolv_0.7.22.bb"
[2m2025-12-06T06:29:15.183729Z[0m [32m INFO[0m [2mconvenient_bitbake::pipeline[0m[2m:[0m ✓ Extracted 0 tasks from "autotools.bbclass" for recipe "libmnl_1.0.4.bb"
[2m2025-12-06T06:29:15.183771Z[0m [32m INFO[0m [2mconvenient_bitbake::pipeline[0m[2m:[0m Recipe "libsolv_0.7.22.bb": 0 tasks total (0 from main, 0 from includes), 6 helpers total (0 from main, 6 from includes)
[2m2025-12-06T06:29:15.184147Z[0m [32m INFO[0m [2mconvenient_bitbake::pipeline[0m[2m:[0m Recipe "libnss-nis.bb": 0 tasks total (0 from main, 0 from includes), 6 helpers total (0 from main, 6 from includes)
[2m2025-12-06T06:29:15.185138Z[0m [32m INFO[0m [2mconvenient_bitbake::pipeline[0m[2m:[0m ✓ Extracted 0 tasks from "autotools.bbclass" for recipe "libidn2_2.3.2.bb"
[2m2025-12-06T06:29:15.185067Z[0m [32m INFO[0m [2mconvenient_bitbake::pipeline[0m[2m:[0m Recipe "libmnl_1.0.4.bb": 0 tasks total (0 from main, 0 from includes), 6 helpers total (0 from main, 6 from includes)
[2m2025-12-06T06:29:15.185233Z[0m [32m INFO[0m [2mconvenient_bitbake::pipeline[0m[2m:[0m Recipe "systemd-bootchart_234.bb": 1 tasks total (1 from main, 0 from includes), 8 helpers total (0 from main, 8 from includes)
[2m2025-12-06T06:29:15.185416Z[0m [32m INFO[0m [2mconvenient_bitbake::pipeline[0m[2m:[0m ✓ Extracted 0 tasks from "autotools.bbclass" for recipe "libtirpc_1.3.2.bb"
[2m2025-12-06T06:29:15.186710Z[0m [32m INFO[0m [2mconvenient_bitbake::pipeline[0m[2m:[0m Recipe "libtirpc_1.3.2.bb": 1 tasks total (1 from main, 0 from includes), 6 helpers total (0 from main, 6 from includes)
[2m2025-12-06T06:29:15.189320Z[0m [32m INFO[0m [2mconvenient_bitbake::pipeline[0m[2m:[0m ✓ Extracted 0 tasks from "autotools.bbclass" for recipe "grep_3.7.bb"
[2m2025-12-06T06:29:15.189837Z[0m [32m INFO[0m [2mconvenient_bitbake::pipeline[0m[2m:[0m ✓ Extracted 6 tasks from "ptest.bbclass" for recipe "gzip_1.12.bb"
[2m2025-12-06T06:29:15.189964Z[0m [32m INFO[0m [2mconvenient_bitbake::pipeline[0m[2m:[0m Recipe "gzip_1.12.bb": 7 tasks total (1 from main, 6 from includes), 0 helpers total (0 from main, 0 from includes)
[2m2025-12-06T06:29:15.190938Z[0m [32m INFO[0m [2mconvenient_bitbake::pipeline[0m[2m:[0m ✓ Extracted 0 tasks from "update-rc.d.bbclass" for recipe "run-postinsts_1.0.bb"
[2m2025-12-06T06:29:15.190989Z[0m [32m INFO[0m [2mconvenient_bitbake::pipeline[0m[2m:[0m Recipe "run-postinsts_1.0.bb": 3 tasks total (3 from main, 0 from includes), 5 helpers total (0 from main, 5 from includes)
[2m2025-12-06T06:29:15.191509Z[0m [32m INFO[0m [2mconvenient_bitbake::pipeline[0m[2m:[0m ✓ Extracted 0 tasks from "systemd.bbclass" for recipe "iputils_20211215.bb"
[2m2025-12-06T06:29:15.195037Z[0m [32m INFO[0m [2mconvenient_bitbake::pipeline[0m[2m:[0m ✓ Extracted 0 tasks from "useradd.bbclass" for recipe "cronie_1.6.1.bb"
[2m2025-12-06T06:29:15.196619Z[0m [32m INFO[0m [2mconvenient_bitbake::pipeline[0m[2m:[0m ✓ Extracted 0 tasks from "autotools.bbclass" for recipe "iptables_1.8.7.bb"
[2m2025-12-06T06:29:15.196993Z[0m [32m INFO[0m [2mconvenient_bitbake::pipeline[0m[2m:[0m ✓ Extracted 1 tasks from "meson.bbclass" for recipe "lighttpd_1.4.67.bb"
[2m2025-12-06T06:29:15.197891Z[0m [32m INFO[0m [2mconvenient_bitbake::pipeline[0m[2m:[0m ✓ Extracted 0 tasks from "update-rc.d.bbclass" for recipe "at_3.2.5.bb"
[2m2025-12-06T06:29:15.197939Z[0m [32m INFO[0m [2mconvenient_bitbake::pipeline[0m[2m:[0m Recipe "at_3.2.5.bb": 1 tasks total (1 from main, 0 from includes), 6 helpers total (1 from main, 5 from includes)
[2m2025-12-06T06:29:15.200639Z[0m [32m INFO[0m [2mconvenient_bitbake::pipeline[0m[2m:[0m ✓ Extracted 0 tasks from "autotools.bbclass" for recipe "libarchive_3.6.2.bb"
[2m2025-12-06T06:29:15.203133Z[0m [32m INFO[0m [2mconvenient_bitbake::pipeline[0m[2m:[0m ✓ Extracted 0 tasks from "autotools.bbclass" for recipe "logrotate_3.20.1.bb"
[2m2025-12-06T06:29:15.204363Z[0m [32m INFO[0m [2mconvenient_bitbake::pipeline[0m[2m:[0m ✓ Extracted 0 tasks from "autotools.bbclass" for recipe "man-db_2.10.2.bb"
[2m2025-12-06T06:29:15.204866Z[0m [32m INFO[0m [2mconvenient_bitbake::pipeline[0m[2m:[0m ✓ Extracted 0 tasks from "autotools.bbclass" for recipe "parted_3.4.bb"
[2m2025-12-06T06:29:15.206208Z[0m [32m INFO[0m [2mconvenient_bitbake::pipeline[0m[2m:[0m ✓ Extracted 0 tasks from "cpan.bbclass" for recipe "libconvert-asn1-perl_0.33.bb"
[2m2025-12-06T06:29:15.206243Z[0m [32m INFO[0m [2mconvenient_bitbake::pipeline[0m[2m:[0m ✓ Extracted 0 tasks from "cpan.bbclass" for recipe "libtimedate-perl_2.30.bb"
[2m2025-12-06T06:29:15.206329Z[0m [32m INFO[0m [2mconvenient_bitbake::pipeline[0m[2m:[0m ✓ Extracted 6 tasks from "ptest.bbclass" for recipe "bzip2_1.0.8.bb"
[2m2025-12-06T06:29:15.206660Z[0m [32m INFO[0m [2mconvenient_bitbake::pipeline[0m[2m:[0m ✓ Extracted 0 tasks from "cpan.bbclass" for recipe "libxml-namespacesupport-perl_1.12.bb"
[2m2025-12-06T06:29:15.207023Z[0m [32m INFO[0m [2mconvenient_bitbake::pipeline[0m[2m:[0m ✓ Extracted 1 tasks from "gtk-doc.bbclass" for recipe "libidn2_2.3.2.bb"
[2m2025-12-06T06:29:15.207836Z[0m [32m INFO[0m [2mconvenient_bitbake::pipeline[0m[2m:[0m ✓ Extracted 6 tasks from "ptest.bbclass" for recipe "gawk_5.1.1.bb"
[2m2025-12-06T06:29:15.207886Z[0m [32m INFO[0m [2mconvenient_bitbake::pipeline[0m[2m:[0m Recipe "gawk_5.1.1.bb": 7 tasks total (2 from main, 5 from includes), 6 helpers total (0 from main, 6 from includes)
[2m2025-12-06T06:29:15.208507Z[0m [32m INFO[0m [2mconvenient_bitbake::pipeline[0m[2m:[0m Recipe "bzip2_1.0.8.bb": 7 tasks total (2 from main, 5 from includes), 6 helpers total (0 from main, 6 from includes)
[2m2025-12-06T06:29:15.208756Z[0m [32m INFO[0m [2mconvenient_bitbake::pipeline[0m[2m:[0m Recipe "libidn2_2.3.2.bb": 2 tasks total (1 from main, 1 from includes), 6 helpers total (0 from main, 6 from includes)
[2m2025-12-06T06:29:15.209125Z[0m [32m INFO[0m [2mconvenient_bitbake::pipeline[0m[2m:[0m ✓ Extracted 0 tasks from "autotools.bbclass" for recipe "mc_4.8.27.bb"
[2m2025-12-06T06:29:15.209492Z[0m [32m INFO[0m [2mconvenient_bitbake::pipeline[0m[2m:[0m ✓ Extracted 1 tasks from "ptest-perl.bbclass" for recipe "libtimedate-perl_2.30.bb"
[2m2025-12-06T06:29:15.209535Z[0m [32m INFO[0m [2mconvenient_bitbake::pipeline[0m[2m:[0m Recipe "libtimedate-perl_2.30.bb": 1 tasks total (0 from main, 1 from includes), 3 helpers total (0 from main, 3 from includes)
[2m2025-12-06T06:29:15.209818Z[0m [32m INFO[0m [2mconvenient_bitbake::pipeline[0m[2m:[0m ✓ Extracted 1 tasks from "ptest-perl.bbclass" for recipe "libxml-namespacesupport-perl_1.12.bb"
[2m2025-12-06T06:29:15.209852Z[0m [32m INFO[0m [2mconvenient_bitbake::pipeline[0m[2m:[0m Recipe "libxml-namespacesupport-perl_1.12.bb": 1 tasks total (0 from main, 1 from includes), 3 helpers total (0 from main, 3 from includes)
[2m2025-12-06T06:29:15.210669Z[0m [32m INFO[0m [2mconvenient_bitbake::pipeline[0m[2m:[0m ✓ Extracted 1 tasks from "ptest-perl.bbclass" for recipe "libconvert-asn1-perl_0.33.bb"
[2m2025-12-06T06:29:15.210803Z[0m [32m INFO[0m [2mconvenient_bitbake::pipeline[0m[2m:[0m Recipe "libconvert-asn1-perl_0.33.bb": 1 tasks total (0 from main, 1 from includes), 3 helpers total (0 from main, 3 from includes)
[2m2025-12-06T06:29:15.211071Z[0m [32m INFO[0m [2mconvenient_bitbake::pipeline[0m[2m:[0m ✓ Extracted 0 tasks from "cpan.bbclass" for recipe "libxml-sax-perl_1.02.bb"
[2m2025-12-06T06:29:15.211150Z[0m [32m INFO[0m [2mconvenient_bitbake::pipeline[0m[2m:[0m ✓ Extracted 0 tasks from "cpan.bbclass" for recipe "libxml-sax-base-perl_1.09.bb"
[2m2025-12-06T06:29:15.213627Z[0m [32m INFO[0m [2mconvenient_bitbake::pipeline[0m[2m:[0m Recipe "less_600.bb": 1 tasks total (1 from main, 0 from includes), 6 helpers total (0 from main, 6 from includes)
[2m2025-12-06T06:29:15.213908Z[0m [32m INFO[0m [2mconvenient_bitbake::pipeline[0m[2m:[0m ✓ Extracted 0 tasks from "autotools.bbclass" for recipe "minicom_2.8.bb"
[2m2025-12-06T06:29:15.213969Z[0m [32m INFO[0m [2mconvenient_bitbake::pipeline[0m[2m:[0m Recipe "mc_4.8.27.bb": 1 tasks total (1 from main, 0 from includes), 6 helpers total (0 from main, 6 from includes)
[2m2025-12-06T06:29:15.214384Z[0m [32m INFO[0m [2mconvenient_bitbake::pipeline[0m[2m:[0m ✓ Extracted 1 tasks from "psmisc.inc" for recipe "psmisc_23.4.bb"
[2m2025-12-06T06:29:15.214431Z[0m [32m INFO[0m [2mconvenient_bitbake::pipeline[0m[2m:[0m Recipe "psmisc_23.4.bb": 1 tasks total (0 from main, 1 from includes), 0 helpers total (0 from main, 0 from includes)
[2m2025-12-06T06:29:15.214599Z[0m [32m INFO[0m [2mconvenient_bitbake::pipeline[0m[2m:[0m ✓ Extracted 1 tasks from "ptest-perl.bbclass" for recipe "libxml-sax-perl_1.02.bb"
[2m2025-12-06T06:29:15.214648Z[0m [32m INFO[0m [2mconvenient_bitbake::pipeline[0m[2m:[0m Recipe "libxml-sax-perl_1.02.bb": 2 tasks total (1 from main, 1 from includes), 3 helpers total (0 from main, 3 from includes)
[2m2025-12-06T06:29:15.215165Z[0m [32m INFO[0m [2mconvenient_bitbake::pipeline[0m[2m:[0m ✓ Extracted 6 tasks from "ptest.bbclass" for recipe "mdadm_4.2.bb"
[2m2025-12-06T06:29:15.216036Z[0m [32m INFO[0m [2mconvenient_bitbake::pipeline[0m[2m:[0m ✓ Extracted 0 tasks from "autotools.bbclass" for recipe "libpam_1.5.2.bb"
[2m2025-12-06T06:29:15.216631Z[0m [32m INFO[0m [2mconvenient_bitbake::pipeline[0m[2m:[0m ✓ Extracted 0 tasks from "update-rc.d.bbclass" for recipe "lighttpd_1.4.67.bb"
[2m2025-12-06T06:29:15.216943Z[0m [32m INFO[0m [2mconvenient_bitbake::pipeline[0m[2m:[0m ✓ Extracted 6 tasks from "ptest.bbclass" for recipe "parted_3.4.bb"
[2m2025-12-06T06:29:15.218189Z[0m [32m INFO[0m [2mconvenient_bitbake::pipeline[0m[2m:[0m ✓ Extracted 1 tasks from "ptest-perl.bbclass" for recipe "libxml-sax-base-perl_1.09.bb"
[2m2025-12-06T06:29:15.218234Z[0m [32m INFO[0m [2mconvenient_bitbake::pipeline[0m[2m:[0m Recipe "libxml-sax-base-perl_1.09.bb": 1 tasks total (0 from main, 1 from includes), 3 helpers total (0 from main, 3 from includes)
[2m2025-12-06T06:29:15.219598Z[0m [32m INFO[0m [2mconvenient_bitbake::pipeline[0m[2m:[0m ✓ Extracted 2 tasks from "sudo.inc" for recipe "sudo_1.9.17p1.bb"
[2m2025-12-06T06:29:15.219631Z[0m [32m INFO[0m [2mconvenient_bitbake::pipeline[0m[2m:[0m Recipe "sudo_1.9.17p1.bb": 3 tasks total (1 from main, 2 from includes), 0 helpers total (0 from main, 0 from includes)
[2m2025-12-06T06:29:15.219827Z[0m [32m INFO[0m [2mconvenient_bitbake::pipeline[0m[2m:[0m Recipe "iputils_20211215.bb": 1 tasks total (0 from main, 1 from includes), 5 helpers total (0 from main, 5 from includes)
[2m2025-12-06T06:29:15.220746Z[0m [32m INFO[0m [2mconvenient_bitbake::pipeline[0m[2m:[0m ✓ Extracted 2 tasks from "sysstat.inc" for recipe "sysstat_12.4.5.bb"
[2m2025-12-06T06:29:15.220780Z[0m [32m INFO[0m [2mconvenient_bitbake::pipeline[0m[2m:[0m Recipe "sysstat_12.4.5.bb": 2 tasks total (0 from main, 2 from includes), 0 helpers total (0 from main, 0 from includes)
[2m2025-12-06T06:29:15.221214Z[0m [32m INFO[0m [2mconvenient_bitbake::pipeline[0m[2m:[0m ✓ Extracted 0 tasks from "autotools.bbclass" for recipe "msmtp_1.8.20.bb"
[2m2025-12-06T06:29:15.222450Z[0m [32m INFO[0m [2mconvenient_bitbake::pipeline[0m[2m:[0m ✓ Extracted 0 tasks from "autotools.bbclass" for recipe "libnsl2_git.bb"
[2m2025-12-06T06:29:15.223391Z[0m [32m INFO[0m [2mconvenient_bitbake::pipeline[0m[2m:[0m ✓ Extracted 0 tasks from "systemd.bbclass" for recipe "cronie_1.6.1.bb"
[2m2025-12-06T06:29:15.223446Z[0m [32m INFO[0m [2mconvenient_bitbake::pipeline[0m[2m:[0m Recipe "cronie_1.6.1.bb": 1 tasks total (1 from main, 0 from includes), 13 helpers total (0 from main, 13 from includes)
[2m2025-12-06T06:29:15.223962Z[0m [32m INFO[0m [2mconvenient_bitbake::pipeline[0m[2m:[0m Recipe "minicom_2.8.bb": 1 tasks total (1 from main, 0 from includes), 6 helpers total (0 from main, 6 from includes)
[2m2025-12-06T06:29:15.226205Z[0m [32m INFO[0m [2mconvenient_bitbake::pipeline[0m[2m:[0m Recipe "bc_1.07.1.bb": 1 tasks total (1 from main, 0 from includes), 6 helpers total (0 from main, 6 from includes)
[2m2025-12-06T06:29:15.226631Z[0m [32m INFO[0m [2mconvenient_bitbake::pipeline[0m[2m:[0m Recipe "cpio_2.14.bb": 1 tasks total (1 from main, 0 from includes), 6 helpers total (0 from main, 6 from includes)
[2m2025-12-06T06:29:15.227655Z[0m [32m INFO[0m [2mconvenient_bitbake::pipeline[0m[2m:[0m ✓ Extracted 0 tasks from "update-rc.d.bbclass" for recipe "sysklogd_2.3.0.bb"
[2m2025-12-06T06:29:15.228231Z[0m [32m INFO[0m [2mconvenient_bitbake::pipeline[0m[2m:[0m ✓ Extracted 0 tasks from "autotools.bbclass" for recipe "rpcsvc-proto.bb"
[2m2025-12-06T06:29:15.227761Z[0m [32m INFO[0m [2mconvenient_bitbake::pipeline[0m[2m:[0m ✓ Extracted 0 tasks from "systemd.bbclass" for recipe "man-db_2.10.2.bb"
[2m2025-12-06T06:29:15.278019Z[0m [32m INFO[0m [2mconvenient_bitbake::pipeline[0m[2m:[0m Recipe "man-db_2.10.2.bb": 1 tasks total (1 from main, 0 from includes), 8 helpers total (0 from main, 8 from includes)
[2m2025-12-06T06:29:15.280844Z[0m [32m INFO[0m [2mconvenient_bitbake::pipeline[0m[2m:[0m ✓ Extracted 0 tasks from "autotools.bbclass" for recipe "rpcbind_1.2.6.bb"
[2m2025-12-06T06:29:15.281063Z[0m [32m INFO[0m [2mconvenient_bitbake::pipeline[0m[2m:[0m Recipe "rpcsvc-proto.bb": 2 tasks total (2 from main, 0 from includes), 6 helpers total (0 from main, 6 from includes)
[2m2025-12-06T06:29:15.282036Z[0m [32m INFO[0m [2mconvenient_bitbake::pipeline[0m[2m:[0m Recipe "libarchive_3.6.2.bb": 1 tasks total (1 from main, 0 from includes), 6 helpers total (0 from main, 6 from includes)
[2m2025-12-06T06:29:15.285085Z[0m [32m INFO[0m [2mconvenient_bitbake::pipeline[0m[2m:[0m ✓ Extracted 0 tasks from "autotools.bbclass" for recipe "screen_4.9.0.bb"
[2m2025-12-06T06:29:15.285274Z[0m [32m INFO[0m [2mconvenient_bitbake::pipeline[0m[2m:[0m ✓ Extracted 0 tasks from "autotools.bbclass" for recipe "procps_3.3.17.bb"
[2m2025-12-06T06:29:15.285281Z[0m [32m INFO[0m [2mconvenient_bitbake::pipeline[0m[2m:[0m Recipe "grep_3.7.bb": 2 tasks total (2 from main, 0 from includes), 6 helpers total (0 from main, 6 from includes)
[2m2025-12-06T06:29:15.286240Z[0m [32m INFO[0m [2mconvenient_bitbake::pipeline[0m[2m:[0m ✓ Extracted 0 tasks from "systemd.bbclass" for recipe "lighttpd_1.4.67.bb"
[2m2025-12-06T06:29:15.286296Z[0m [32m INFO[0m [2mconvenient_bitbake::pipeline[0m[2m:[0m Recipe "lighttpd_1.4.67.bb": 2 tasks total (1 from main, 1 from includes), 8 helpers total (0 from main, 8 from includes)
[2m2025-12-06T06:29:15.287602Z[0m [32m INFO[0m [2mconvenient_bitbake::pipeline[0m[2m:[0m ✓ Extracted 0 tasks from "autotools.bbclass" for recipe "sed_4.8.bb"
[2m2025-12-06T06:29:15.287747Z[0m [32m INFO[0m [2mconvenient_bitbake::pipeline[0m[2m:[0m ✓ Extracted 0 tasks from "systemd.bbclass" for recipe "iptables_1.8.7.bb"
[2m2025-12-06T06:29:15.287841Z[0m [32m INFO[0m [2mconvenient_bitbake::pipeline[0m[2m:[0m Recipe "iptables_1.8.7.bb": 2 tasks total (2 from main, 0 from includes), 8 helpers total (0 from main, 8 from includes)
[2m2025-12-06T06:29:15.288671Z[0m [32m INFO[0m [2mconvenient_bitbake::pipeline[0m[2m:[0m Recipe "screen_4.9.0.bb": 1 tasks total (1 from main, 0 from includes), 6 helpers total (0 from main, 6 from includes)
[2m2025-12-06T06:29:15.288919Z[0m [32m INFO[0m [2mconvenient_bitbake::pipeline[0m[2m:[0m   Progress: 500/884 recipes parsed (56.6%)
[2m2025-12-06T06:29:15.289687Z[0m [32m INFO[0m [2mconvenient_bitbake::pipeline[0m[2m:[0m ✓ Extracted 0 tasks from "autotools.bbclass" for recipe "tar_1.35.bb"
[2m2025-12-06T06:29:15.289865Z[0m [32m INFO[0m [2mconvenient_bitbake::pipeline[0m[2m:[0m ✓ Extracted 1 tasks from "gnomebase.bbclass" for recipe "gcr_3.40.0.bb"
[2m2025-12-06T06:29:15.290079Z[0m [32m INFO[0m [2mconvenient_bitbake::pipeline[0m[2m:[0m ✓ Extracted 6 tasks from "ptest.bbclass" for recipe "slang_2.3.2.bb"
[2m2025-12-06T06:29:15.290138Z[0m [32m INFO[0m [2mconvenient_bitbake::pipeline[0m[2m:[0m Recipe "slang_2.3.2.bb": 7 tasks total (3 from main, 4 from includes), 0 helpers total (0 from main, 0 from includes)
[2m2025-12-06T06:29:15.290330Z[0m [32m INFO[0m [2mconvenient_bitbake::pipeline[0m[2m:[0m Recipe "libnsl2_git.bb": 0 tasks total (0 from main, 0 from includes), 6 helpers total (0 from main, 6 from includes)
[2m2025-12-06T06:29:15.290604Z[0m [32m INFO[0m [2mconvenient_bitbake::pipeline[0m[2m:[0m ✓ Extracted 0 tasks from "autotools.bbclass" for recipe "xinetd_2.3.15.4.bb"
[2m2025-12-06T06:29:15.292236Z[0m [32m INFO[0m [2mconvenient_bitbake::pipeline[0m[2m:[0m ✓ Extracted 1 tasks from "gnomebase.bbclass" for recipe "gsettings-desktop-schemas_42.0.bb"
[2m2025-12-06T06:29:15.292366Z[0m [32m INFO[0m [2mconvenient_bitbake::pipeline[0m[2m:[0m Recipe "parted_3.4.bb": 6 tasks total (2 from main, 4 from includes), 6 helpers total (0 from main, 6 from includes)
[2m2025-12-06T06:29:15.292934Z[0m [32m INFO[0m [2mconvenient_bitbake::pipeline[0m[2m:[0m ✓ Extracted 0 tasks from "systemd.bbclass" for recipe "logrotate_3.20.1.bb"
[2m2025-12-06T06:29:15.292996Z[0m [32m INFO[0m [2mconvenient_bitbake::pipeline[0m[2m:[0m Recipe "logrotate_3.20.1.bb": 1 tasks total (1 from main, 0 from includes), 8 helpers total (0 from main, 8 from includes)
[2m2025-12-06T06:29:15.294721Z[0m [32m INFO[0m [2mconvenient_bitbake::pipeline[0m[2m:[0m ✓ Extracted 1 tasks from "gnomebase.bbclass" for recipe "gtk-doc_1.33.2.bb"
[2m2025-12-06T06:29:15.294766Z[0m [32m INFO[0m [2mconvenient_bitbake::pipeline[0m[2m:[0m Recipe "gtk-doc_1.33.2.bb": 3 tasks total (2 from main, 1 from includes), 1 helpers total (1 from main, 0 from includes)
[2m2025-12-06T06:29:15.295235Z[0m [32m INFO[0m [2mconvenient_bitbake::pipeline[0m[2m:[0m ✓ Extracted 0 tasks from "systemd.bbclass" for recipe "mdadm_4.2.bb"
[2m2025-12-06T06:29:15.295292Z[0m [32m INFO[0m [2mconvenient_bitbake::pipeline[0m[2m:[0m Recipe "mdadm_4.2.bb": 8 tasks total (5 from main, 3 from includes), 2 helpers total (0 from main, 2 from includes)
[2m2025-12-06T06:29:15.295530Z[0m [32m INFO[0m [2mconvenient_bitbake::pipeline[0m[2m:[0m ✓ Extracted 0 tasks from "gsettings.bbclass" for recipe "gsettings-desktop-schemas_42.0.bb"
[2m2025-12-06T06:29:15.296729Z[0m [32m INFO[0m [2mconvenient_bitbake::pipeline[0m[2m:[0m ✓ Extracted 1 tasks from "gnomebase.bbclass" for recipe "epiphany_42.4.bb"
[2m2025-12-06T06:29:15.296813Z[0m [32m INFO[0m [2mconvenient_bitbake::pipeline[0m[2m:[0m ✓ Extracted 0 tasks from "systemd.bbclass" for recipe "libpam_1.5.2.bb"
[2m2025-12-06T06:29:15.297543Z[0m [32m INFO[0m [2mconvenient_bitbake::pipeline[0m[2m:[0m ✓ Extracted 1 tasks from "gnomebase.bbclass" for recipe "gconf_3.2.6.bb"
[2m2025-12-06T06:29:15.297559Z[0m [32m INFO[0m [2mconvenient_bitbake::pipeline[0m[2m:[0m ✓ Extracted 1 tasks from "gnomebase.bbclass" for recipe "json-glib_1.6.6.bb"
[2m2025-12-06T06:29:15.298237Z[0m [32m INFO[0m [2mconvenient_bitbake::pipeline[0m[2m:[0m ✓ Extracted 2 tasks from "shadow.inc" for recipe "shadow_4.11.1.bb"
[2m2025-12-06T06:29:15.298291Z[0m [32m INFO[0m [2mconvenient_bitbake::pipeline[0m[2m:[0m Recipe "shadow_4.11.1.bb": 2 tasks total (0 from main, 2 from includes), 0 helpers total (0 from main, 0 from includes)
[2m2025-12-06T06:29:15.298382Z[0m [32m INFO[0m [2mconvenient_bitbake::pipeline[0m[2m:[0m ✓ Extracted 1 tasks from "gnomebase.bbclass" for recipe "libdazzle_3.44.0.bb"
[2m2025-12-06T06:29:15.299431Z[0m [32m INFO[0m [2mconvenient_bitbake::pipeline[0m[2m:[0m ✓ Extracted 0 tasks from "gtk-icon-cache.bbclass" for recipe "gcr_3.40.0.bb"
[2m2025-12-06T06:29:15.299873Z[0m [32m INFO[0m [2mconvenient_bitbake::pipeline[0m[2m:[0m ✓ Extracted 1 tasks from "gnomebase.bbclass" for recipe "libgudev_237.bb"
[2m2025-12-06T06:29:15.300651Z[0m [32m INFO[0m [2mconvenient_bitbake::pipeline[0m[2m:[0m ✓ Extracted 0 tasks from "gsettings.bbclass" for recipe "epiphany_42.4.bb"
[2m2025-12-06T06:29:15.301706Z[0m [32m INFO[0m [2mconvenient_bitbake::pipeline[0m[2m:[0m ✓ Extracted 0 tasks from "update-rc.d.bbclass" for recipe "rpcbind_1.2.6.bb"
[2m2025-12-06T06:29:15.302038Z[0m [32m INFO[0m [2mconvenient_bitbake::pipeline[0m[2m:[0m ✓ Extracted 1 tasks from "gtk-doc.bbclass" for recipe "gconf_3.2.6.bb"
[2m2025-12-06T06:29:15.302969Z[0m [32m INFO[0m [2mconvenient_bitbake::pipeline[0m[2m:[0m Recipe "gsettings-desktop-schemas_42.0.bb": 1 tasks total (0 from main, 1 from includes), 1 helpers total (0 from main, 1 from includes)
[2m2025-12-06T06:29:15.303091Z[0m [32m INFO[0m [2mconvenient_bitbake::pipeline[0m[2m:[0m ✓ Extracted 1 tasks from "vala.bbclass" for recipe "libdazzle_3.44.0.bb"
[2m2025-12-06T06:29:15.303420Z[0m [32m INFO[0m [2mconvenient_bitbake::pipeline[0m[2m:[0m ✓ Extracted 0 tasks from "setuptools3.bbclass" for recipe "gi-docgen_git.bb"
[2m2025-12-06T06:29:15.303477Z[0m [32m INFO[0m [2mconvenient_bitbake::pipeline[0m[2m:[0m Recipe "gi-docgen_git.bb": 0 tasks total (0 from main, 0 from includes), 3 helpers total (0 from main, 3 from includes)
[2m2025-12-06T06:29:15.304173Z[0m [32m INFO[0m [2mconvenient_bitbake::pipeline[0m[2m:[0m ✓ Extracted 1 tasks from "gnomebase.bbclass" for recipe "libnotify_0.7.9.bb"
[2m2025-12-06T06:29:15.304408Z[0m [32m INFO[0m [2mconvenient_bitbake::pipeline[0m[2m:[0m ✓ Extracted 0 tasks from "autotools.bbclass" for recipe "adwaita-icon-theme_41.0.bb"
[2m2025-12-06T06:29:15.305271Z[0m [32m INFO[0m [2mconvenient_bitbake::pipeline[0m[2m:[0m ✓ Extracted 0 tasks from "autotools.bbclass" for recipe "texinfo_6.8.bb"
[2m2025-12-06T06:29:15.305641Z[0m [32m INFO[0m [2mconvenient_bitbake::pipeline[0m[2m:[0m ✓ Extracted 0 tasks from "autotools.bbclass" for recipe "xz_5.2.6.bb"
[2m2025-12-06T06:29:15.306517Z[0m [32m INFO[0m [2mconvenient_bitbake::pipeline[0m[2m:[0m ✓ Extracted 0 tasks from "autotools.bbclass" for recipe "watchdog_5.16.bb"
[2m2025-12-06T06:29:15.306772Z[0m [32m INFO[0m [2mconvenient_bitbake::pipeline[0m[2m:[0m ✓ Extracted 0 tasks from "update-rc.d.bbclass" for recipe "xinetd_2.3.15.4.bb"
[2m2025-12-06T06:29:15.307350Z[0m [32m INFO[0m [2mconvenient_bitbake::pipeline[0m[2m:[0m ✓ Extracted 6 tasks from "ptest.bbclass" for recipe "libpam_1.5.2.bb"
[2m2025-12-06T06:29:15.309415Z[0m [32m INFO[0m [2mconvenient_bitbake::pipeline[0m[2m:[0m ✓ Extracted 1 tasks from "native.bbclass" for recipe "texinfo-dummy-native.bb"
[2m2025-12-06T06:29:15.309486Z[0m [32m INFO[0m [2mconvenient_bitbake::pipeline[0m[2m:[0m Recipe "texinfo-dummy-native.bb": 3 tasks total (2 from main, 1 from includes), 0 helpers total (0 from main, 0 from includes)
[2m2025-12-06T06:29:15.309945Z[0m [32m INFO[0m [2mconvenient_bitbake::pipeline[0m[2m:[0m ✓ Extracted 0 tasks from "multilib_script.bbclass" for recipe "texinfo_6.8.bb"
[2m2025-12-06T06:29:15.310006Z[0m [32m INFO[0m [2mconvenient_bitbake::pipeline[0m[2m:[0m Recipe "texinfo_6.8.bb": 3 tasks total (3 from main, 0 from includes), 7 helpers total (0 from main, 7 from includes)
[2m2025-12-06T06:29:15.310233Z[0m [32m INFO[0m [2mconvenient_bitbake::pipeline[0m[2m:[0m ✓ Extracted 1 tasks from "gnomebase.bbclass" for recipe "librsvg_2.52.10.bb"
[2m2025-12-06T06:29:15.311225Z[0m [32m INFO[0m [2mconvenient_bitbake::pipeline[0m[2m:[0m ✓ Extracted 0 tasks from "gio-module-cache.bbclass" for recipe "gconf_3.2.6.bb"
[2m2025-12-06T06:29:15.311268Z[0m [32m INFO[0m [2mconvenient_bitbake::pipeline[0m[2m:[0m Recipe "gconf_3.2.6.bb": 2 tasks total (1 from main, 1 from includes), 1 helpers total (0 from main, 1 from includes)
[2m2025-12-06T06:29:15.311542Z[0m [32m INFO[0m [2mconvenient_bitbake::pipeline[0m[2m:[0m ✓ Extracted 1 tasks from "gtk-doc.bbclass" for recipe "gcr_3.40.0.bb"
[2m2025-12-06T06:29:15.312066Z[0m [32m INFO[0m [2mconvenient_bitbake::pipeline[0m[2m:[0m ✓ Extracted 2 tasks from "gtk+3.inc" for recipe "gtk+3_3.24.34.bb"
[2m2025-12-06T06:29:15.312172Z[0m [32m INFO[0m [2mconvenient_bitbake::pipeline[0m[2m:[0m Recipe "gtk+3_3.24.34.bb": 2 tasks total (0 from main, 2 from includes), 1 helpers total (0 from main, 1 from includes)
[2m2025-12-06T06:29:15.313310Z[0m [32m INFO[0m [2mconvenient_bitbake::pipeline[0m[2m:[0m ✓ Extracted 1 tasks from "gnomebase.bbclass" for recipe "libsecret_0.20.5.bb"
[2m2025-12-06T06:29:15.314696Z[0m [32m INFO[0m [2mconvenient_bitbake::pipeline[0m[2m:[0m Recipe "msmtp_1.8.20.bb": 0 tasks total (0 from main, 0 from includes), 6 helpers total (0 from main, 6 from includes)
[2m2025-12-06T06:29:15.315439Z[0m [32m INFO[0m [2mconvenient_bitbake::pipeline[0m[2m:[0m ✓ Extracted 1 tasks from "gtk-doc.bbclass" for recipe "libgudev_237.bb"
[2m2025-12-06T06:29:15.315488Z[0m [32m INFO[0m [2mconvenient_bitbake::pipeline[0m[2m:[0m Recipe "libgudev_237.bb": 2 tasks total (0 from main, 2 from includes), 0 helpers total (0 from main, 0 from includes)
[2m2025-12-06T06:29:15.316294Z[0m [32m INFO[0m [2mconvenient_bitbake::pipeline[0m[2m:[0m Recipe "libpam_1.5.2.bb": 7 tasks total (3 from main, 4 from includes), 8 helpers total (0 from main, 8 from includes)
[2m2025-12-06T06:29:15.317798Z[0m [32m INFO[0m [2mconvenient_bitbake::pipeline[0m[2m:[0m ✓ Extracted 1 tasks from "gtk-doc.bbclass" for recipe "libnotify_0.7.9.bb"
[2m2025-12-06T06:29:15.318227Z[0m [32m INFO[0m [2mconvenient_bitbake::pipeline[0m[2m:[0m ✓ Extracted 1 tasks from "meson.bbclass" for recipe "libhandy_1.5.0.bb"
[2m2025-12-06T06:29:15.318428Z[0m [32m INFO[0m [2mconvenient_bitbake::pipeline[0m[2m:[0m ✓ Extracted 0 tasks from "autotools.bbclass" for recipe "hicolor-icon-theme_0.17.bb"
[2m2025-12-06T06:29:15.318469Z[0m [32m INFO[0m [2mconvenient_bitbake::pipeline[0m[2m:[0m Recipe "hicolor-icon-theme_0.17.bb": 0 tasks total (0 from main, 0 from includes), 6 helpers total (0 from main, 6 from includes)
[2m2025-12-06T06:29:15.318490Z[0m [32m INFO[0m [2mconvenient_bitbake::pipeline[0m[2m:[0m Recipe "libdazzle_3.44.0.bb": 2 tasks total (0 from main, 2 from includes), 0 helpers total (0 from main, 0 from includes)
[2m2025-12-06T06:29:15.318818Z[0m [32m INFO[0m [2mconvenient_bitbake::pipeline[0m[2m:[0m ✓ Extracted 0 tasks from "mime-xdg.bbclass" for recipe "epiphany_42.4.bb"
[2m2025-12-06T06:29:15.318881Z[0m [32m INFO[0m [2mconvenient_bitbake::pipeline[0m[2m:[0m Recipe "epiphany_42.4.bb": 1 tasks total (0 from main, 1 from includes), 3 helpers total (0 from main, 3 from includes)
[2m2025-12-06T06:29:15.318980Z[0m [32m INFO[0m [2mconvenient_bitbake::pipeline[0m[2m:[0m Recipe "procps_3.3.17.bb": 2 tasks total (2 from main, 0 from includes), 6 helpers total (0 from main, 6 from includes)
[2m2025-12-06T06:29:15.319073Z[0m [32m INFO[0m [2mconvenient_bitbake::pipeline[0m[2m:[0m ✓ Extracted 1 tasks from "meson.bbclass" for recipe "gobject-introspection_1.72.0.bb"
[2m2025-12-06T06:29:15.319269Z[0m [32m INFO[0m [2mconvenient_bitbake::pipeline[0m[2m:[0m ✓ Extracted 1 tasks from "vala.bbclass" for recipe "libsecret_0.20.5.bb"
[2m2025-12-06T06:29:15.319328Z[0m [32m INFO[0m [2mconvenient_bitbake::pipeline[0m[2m:[0m ✓ Extracted 1 tasks from "gnomebase.bbclass" for recipe "cantarell-fonts_0.303.1.bb"
[2m2025-12-06T06:29:15.320635Z[0m [32m INFO[0m [2mconvenient_bitbake::pipeline[0m[2m:[0m ✓ Extracted 1 tasks from "vala.bbclass" for recipe "gcr_3.40.0.bb"
[2m2025-12-06T06:29:15.321454Z[0m [32m INFO[0m [2mconvenient_bitbake::pipeline[0m[2m:[0m ✓ Extracted 1 tasks from "gtk-doc.bbclass" for recipe "librsvg_2.52.10.bb"
[2m2025-12-06T06:29:15.321742Z[0m [32m INFO[0m [2mconvenient_bitbake::pipeline[0m[2m:[0m Recipe "json-glib_1.6.6.bb": 1 tasks total (0 from main, 1 from includes), 0 helpers total (0 from main, 0 from includes)
[2m2025-12-06T06:29:15.323340Z[0m [32m INFO[0m [2mconvenient_bitbake::pipeline[0m[2m:[0m ✓ Extracted 0 tasks from "update-rc.d.bbclass" for recipe "watchdog_5.16.bb"
[2m2025-12-06T06:29:15.325646Z[0m [32m INFO[0m [2mconvenient_bitbake::pipeline[0m[2m:[0m Recipe "tar_1.35.bb": 1 tasks total (1 from main, 0 from includes), 6 helpers total (0 from main, 6 from includes)
[2m2025-12-06T06:29:15.325939Z[0m [32m INFO[0m [2mconvenient_bitbake::pipeline[0m[2m:[0m Recipe "libnotify_0.7.9.bb": 2 tasks total (0 from main, 2 from includes), 0 helpers total (0 from main, 0 from includes)
[2m2025-12-06T06:29:15.325969Z[0m [32m INFO[0m [2mconvenient_bitbake::pipeline[0m[2m:[0m ✓ Extracted 0 tasks from "autotools.bbclass" for recipe "fontconfig_2.13.1.bb"
[2m2025-12-06T06:29:15.326037Z[0m [32m INFO[0m [2mconvenient_bitbake::pipeline[0m[2m:[0m ✓ Extracted 0 tasks from "gtk-icon-cache.bbclass" for recipe "adwaita-icon-theme_41.0.bb"
[2m2025-12-06T06:29:15.327085Z[0m [32m INFO[0m [2mconvenient_bitbake::pipeline[0m[2m:[0m ✓ Extracted 0 tasks from "systemd.bbclass" for recipe "rpcbind_1.2.6.bb"
[2m2025-12-06T06:29:15.329266Z[0m [32m INFO[0m [2mconvenient_bitbake::pipeline[0m[2m:[0m Recipe "libsecret_0.20.5.bb": 2 tasks total (0 from main, 2 from includes), 0 helpers total (0 from main, 0 from includes)
[2m2025-12-06T06:29:15.332419Z[0m [32m INFO[0m [2mconvenient_bitbake::pipeline[0m[2m:[0m ✓ Extracted 1 tasks from "gnomebase.bbclass" for recipe "adwaita-icon-theme_41.0.bb"
[2m2025-12-06T06:29:15.332470Z[0m [32m INFO[0m [2mconvenient_bitbake::pipeline[0m[2m:[0m Recipe "adwaita-icon-theme_41.0.bb": 1 tasks total (0 from main, 1 from includes), 8 helpers total (0 from main, 8 from includes)
[2m2025-12-06T06:29:15.332704Z[0m [32m INFO[0m [2mconvenient_bitbake::pipeline[0m[2m:[0m ✓ Extracted 0 tasks from "mime.bbclass" for recipe "gcr_3.40.0.bb"
[2m2025-12-06T06:29:15.334669Z[0m [32m INFO[0m [2mconvenient_bitbake::pipeline[0m[2m:[0m ✓ Extracted 0 tasks from "mime-xdg.bbclass" for recipe "gcr_3.40.0.bb"
[2m2025-12-06T06:29:15.334704Z[0m [32m INFO[0m [2mconvenient_bitbake::pipeline[0m[2m:[0m Recipe "gcr_3.40.0.bb": 3 tasks total (1 from main, 2 from includes), 6 helpers total (0 from main, 6 from includes)
[2m2025-12-06T06:29:15.377588Z[0m [32m INFO[0m [2mconvenient_bitbake::pipeline[0m[2m:[0m ✓ Extracted 0 tasks from "pixbufcache.bbclass" for recipe "librsvg_2.52.10.bb"
[2m2025-12-06T06:29:15.377974Z[0m [32m INFO[0m [2mconvenient_bitbake::pipeline[0m[2m:[0m ✓ Extracted 1 tasks from "meson.bbclass" for recipe "libepoxy_1.5.10.bb"
[2m2025-12-06T06:29:15.379300Z[0m [32m INFO[0m [2mconvenient_bitbake::pipeline[0m[2m:[0m ✓ Extracted 1 tasks from "meson.bbclass" for recipe "gdk-pixbuf_2.42.10.bb"
[2m2025-12-06T06:29:15.379875Z[0m [32m INFO[0m [2mconvenient_bitbake::pipeline[0m[2m:[0m ✓ Extracted 1 tasks from "meson.bbclass" for recipe "igt-gpu-tools_git.bb"
[2m2025-12-06T06:29:15.379887Z[0m [32m INFO[0m [2mconvenient_bitbake::pipeline[0m[2m:[0m ✓ Extracted 0 tasks from "autotools.bbclass" for recipe "cairo_1.16.0.bb"
[2m2025-12-06T06:29:15.381272Z[0m [32m INFO[0m [2mconvenient_bitbake::pipeline[0m[2m:[0m ✓ Extracted 1 tasks from "meson.bbclass" for recipe "cantarell-fonts_0.303.1.bb"
[2m2025-12-06T06:29:15.381379Z[0m [32m INFO[0m [2mconvenient_bitbake::pipeline[0m[2m:[0m Recipe "igt-gpu-tools_git.bb": 2 tasks total (1 from main, 1 from includes), 4 helpers total (1 from main, 3 from includes)
[2m2025-12-06T06:29:15.381930Z[0m [32m INFO[0m [2mconvenient_bitbake::pipeline[0m[2m:[0m ✓ Extracted 1 tasks from "meson.bbclass" for recipe "kmscube_git.bb"
[2m2025-12-06T06:29:15.382256Z[0m [32m INFO[0m [2mconvenient_bitbake::pipeline[0m[2m:[0m ✓ Extracted 0 tasks from "cmake.bbclass" for recipe "glslang_1.3.204.1.bb"
[2m2025-12-06T06:29:15.382905Z[0m [32m INFO[0m [2mconvenient_bitbake::pipeline[0m[2m:[0m ✓ Extracted 0 tasks from "systemd.bbclass" for recipe "sysklogd_2.3.0.bb"
[2m2025-12-06T06:29:15.383053Z[0m [32m INFO[0m [2mconvenient_bitbake::pipeline[0m[2m:[0m ✓ Extracted 0 tasks from "autotools.bbclass" for recipe "time_1.9.bb"
[2m2025-12-06T06:29:15.383116Z[0m [32m INFO[0m [2mconvenient_bitbake::pipeline[0m[2m:[0m Recipe "time_1.9.bb": 0 tasks total (0 from main, 0 from includes), 6 helpers total (0 from main, 6 from includes)
[2m2025-12-06T06:29:15.383229Z[0m [32m INFO[0m [2mconvenient_bitbake::pipeline[0m[2m:[0m ✓ Extracted 0 tasks from "autotools.bbclass" for recipe "which_2.21.bb"
[2m2025-12-06T06:29:15.383720Z[0m [32m INFO[0m [2mconvenient_bitbake::pipeline[0m[2m:[0m Recipe "libepoxy_1.5.10.bb": 1 tasks total (0 from main, 1 from includes), 3 helpers total (0 from main, 3 from includes)
[2m2025-12-06T06:29:15.383947Z[0m [32m INFO[0m [2mconvenient_bitbake::pipeline[0m[2m:[0m ✓ Extracted 1 tasks from "meson.bbclass" for recipe "harfbuzz_4.0.1.bb"
[2m2025-12-06T06:29:15.384319Z[0m [32m INFO[0m [2mconvenient_bitbake::pipeline[0m[2m:[0m ✓ Extracted 1 tasks from "gtk-doc.bbclass" for recipe "gobject-introspection_1.72.0.bb"
[2m2025-12-06T06:29:15.384496Z[0m [32m INFO[0m [2mconvenient_bitbake::pipeline[0m[2m:[0m Recipe "glslang_1.3.204.1.bb": 0 tasks total (0 from main, 0 from includes), 6 helpers total (0 from main, 6 from includes)
[2m2025-12-06T06:29:15.384548Z[0m [32m INFO[0m [2mconvenient_bitbake::pipeline[0m[2m:[0m ✓ Extracted 1 tasks from "vala.bbclass" for recipe "libhandy_1.5.0.bb"
[2m2025-12-06T06:29:15.385315Z[0m [32m INFO[0m [2mconvenient_bitbake::pipeline[0m[2m:[0m ✓ Extracted 0 tasks from "autotools.bbclass" for recipe "libfakekey_git.bb"
[2m2025-12-06T06:29:15.385579Z[0m [32m INFO[0m [2mconvenient_bitbake::pipeline[0m[2m:[0m ✓ Extracted 0 tasks from "cmake.bbclass" for recipe "libjpeg-turbo_2.1.5.1.bb"
[2m2025-12-06T06:29:15.385779Z[0m [32m INFO[0m [2mconvenient_bitbake::pipeline[0m[2m:[0m ✓ Extracted 1 tasks from "meson.bbclass" for recipe "libdrm_2.4.110.bb"
[2m2025-12-06T06:29:15.386212Z[0m [32m INFO[0m [2mconvenient_bitbake::pipeline[0m[2m:[0m Recipe "fontconfig_2.13.1.bb": 1 tasks total (1 from main, 0 from includes), 6 helpers total (0 from main, 6 from includes)
[2m2025-12-06T06:29:15.386715Z[0m [32m INFO[0m [2mconvenient_bitbake::pipeline[0m[2m:[0m ✓ Extracted 0 tasks from "systemd.bbclass" for recipe "xinetd_2.3.15.4.bb"
[2m2025-12-06T06:29:15.386841Z[0m [32m INFO[0m [2mconvenient_bitbake::pipeline[0m[2m:[0m Recipe "kmscube_git.bb": 1 tasks total (0 from main, 1 from includes), 3 helpers total (0 from main, 3 from includes)
[2m2025-12-06T06:29:15.386877Z[0m [32m INFO[0m [2mconvenient_bitbake::pipeline[0m[2m:[0m Recipe "libjpeg-turbo_2.1.5.1.bb": 0 tasks total (0 from main, 0 from includes), 6 helpers total (0 from main, 6 from includes)
[2m2025-12-06T06:29:15.388334Z[0m [32m INFO[0m [2mconvenient_bitbake::pipeline[0m[2m:[0m ✓ Extracted 0 tasks from "autotools.bbclass" for recipe "freetype_2.11.1.bb"
[2m2025-12-06T06:29:15.388705Z[0m [32m INFO[0m [2mconvenient_bitbake::pipeline[0m[2m:[0m Recipe "xinetd_2.3.15.4.bb": 1 tasks total (1 from main, 0 from includes), 11 helpers total (0 from main, 11 from includes)
[2m2025-12-06T06:29:15.389454Z[0m [32m INFO[0m [2mconvenient_bitbake::pipeline[0m[2m:[0m ✓ Extracted 0 tasks from "systemd.bbclass" for recipe "watchdog_5.16.bb"
[2m2025-12-06T06:29:15.390046Z[0m [32m INFO[0m [2mconvenient_bitbake::pipeline[0m[2m:[0m ✓ Extracted 0 tasks from "pixbufcache.bbclass" for recipe "gdk-pixbuf_2.42.10.bb"
[2m2025-12-06T06:29:15.391980Z[0m [32m INFO[0m [2mconvenient_bitbake::pipeline[0m[2m:[0m Recipe "watchdog_5.16.bb": 1 tasks total (1 from main, 0 from includes), 11 helpers total (0 from main, 11 from includes)
[2m2025-12-06T06:29:15.392695Z[0m [32m INFO[0m [2mconvenient_bitbake::pipeline[0m[2m:[0m ✓ Extracted 0 tasks from "useradd.bbclass" for recipe "builder_0.1.bb"
[2m2025-12-06T06:29:15.392755Z[0m [32m INFO[0m [2mconvenient_bitbake::pipeline[0m[2m:[0m Recipe "builder_0.1.bb": 1 tasks total (1 from main, 0 from includes), 2 helpers total (0 from main, 2 from includes)
[2m2025-12-06T06:29:15.392843Z[0m [32m INFO[0m [2mconvenient_bitbake::pipeline[0m[2m:[0m ✓ Extracted 0 tasks from "autotools.bbclass" for recipe "sysklogd_2.3.0.bb"
[2m2025-12-06T06:29:15.392881Z[0m [32m INFO[0m [2mconvenient_bitbake::pipeline[0m[2m:[0m Recipe "sysklogd_2.3.0.bb": 1 tasks total (1 from main, 0 from includes), 11 helpers total (0 from main, 11 from includes)
[2m2025-12-06T06:29:15.393227Z[0m [32m INFO[0m [2mconvenient_bitbake::pipeline[0m[2m:[0m ✓ Extracted 0 tasks from "autotools.bbclass" for recipe "libglu_9.0.2.bb"
[2m2025-12-06T06:29:15.393365Z[0m [32m INFO[0m [2mconvenient_bitbake::pipeline[0m[2m:[0m Recipe "libdrm_2.4.110.bb": 1 tasks total (0 from main, 1 from includes), 3 helpers total (0 from main, 3 from includes)
[2m2025-12-06T06:29:15.393389Z[0m [32m INFO[0m [2mconvenient_bitbake::pipeline[0m[2m:[0m ✓ Extracted 0 tasks from "autotools.bbclass" for recipe "libmatchbox_1.12.bb"
[2m2025-12-06T06:29:15.394167Z[0m [32m INFO[0m [2mconvenient_bitbake::pipeline[0m[2m:[0m ✓ Extracted 1 tasks from "gtk-doc.bbclass" for recipe "harfbuzz_4.0.1.bb"
[2m2025-12-06T06:29:15.394695Z[0m [32m INFO[0m [2mconvenient_bitbake::pipeline[0m[2m:[0m ✓ Extracted 0 tasks from "multilib_header.bbclass" for recipe "freetype_2.11.1.bb"
[2m2025-12-06T06:29:15.394734Z[0m [32m INFO[0m [2mconvenient_bitbake::pipeline[0m[2m:[0m Recipe "freetype_2.11.1.bb": 1 tasks total (1 from main, 0 from includes), 7 helpers total (0 from main, 7 from includes)
[2m2025-12-06T06:29:15.395867Z[0m [32m INFO[0m [2mconvenient_bitbake::pipeline[0m[2m:[0m ✓ Extracted 1 tasks from "gobject-introspection-data.bbclass" for recipe "gobject-introspection_1.72.0.bb"
[2m2025-12-06T06:29:15.396337Z[0m [32m INFO[0m [2mconvenient_bitbake::pipeline[0m[2m:[0m Recipe "xz_5.2.6.bb": 0 tasks total (0 from main, 0 from includes), 6 helpers total (0 from main, 6 from includes)
[2m2025-12-06T06:29:15.396529Z[0m [32m INFO[0m [2mconvenient_bitbake::pipeline[0m[2m:[0m ✓ Extracted 1 tasks from "gtk-doc.bbclass" for recipe "cairo_1.16.0.bb"
[2m2025-12-06T06:29:15.397008Z[0m [32m INFO[0m [2mconvenient_bitbake::pipeline[0m[2m:[0m Recipe "libfakekey_git.bb": 0 tasks total (0 from main, 0 from includes), 6 helpers total (0 from main, 6 from includes)
[2m2025-12-06T06:29:15.399116Z[0m [32m INFO[0m [2mconvenient_bitbake::pipeline[0m[2m:[0m ✓ Extracted 0 tasks from "fontcache.bbclass" for recipe "cantarell-fonts_0.303.1.bb"
[2m2025-12-06T06:29:15.399500Z[0m [32m INFO[0m [2mconvenient_bitbake::pipeline[0m[2m:[0m Recipe "libglu_9.0.2.bb": 0 tasks total (0 from main, 0 from includes), 6 helpers total (0 from main, 6 from includes)
[2m2025-12-06T06:29:15.399599Z[0m [32m INFO[0m [2mconvenient_bitbake::pipeline[0m[2m:[0m ✓ Extracted 0 tasks from "multilib_script.bbclass" for recipe "cairo_1.16.0.bb"
[2m2025-12-06T06:29:15.399633Z[0m [32m INFO[0m [2mconvenient_bitbake::pipeline[0m[2m:[0m Recipe "cairo_1.16.0.bb": 2 tasks total (1 from main, 1 from includes), 7 helpers total (0 from main, 7 from includes)
[2m2025-12-06T06:29:15.400353Z[0m [32m INFO[0m [2mconvenient_bitbake::pipeline[0m[2m:[0m ✓ Extracted 1 tasks from "gtk-doc.bbclass" for recipe "libhandy_1.5.0.bb"
[2m2025-12-06T06:29:15.400395Z[0m [32m INFO[0m [2mconvenient_bitbake::pipeline[0m[2m:[0m Recipe "cantarell-fonts_0.303.1.bb": 2 tasks total (0 from main, 2 from includes), 4 helpers total (0 from main, 4 from includes)
[2m2025-12-06T06:29:15.400705Z[0m [32m INFO[0m [2mconvenient_bitbake::pipeline[0m[2m:[0m ✓ Extracted 0 tasks from "multilib_script.bbclass" for recipe "gobject-introspection_1.72.0.bb"
[2m2025-12-06T06:29:15.400758Z[0m [32m INFO[0m [2mconvenient_bitbake::pipeline[0m[2m:[0m Recipe "gobject-introspection_1.72.0.bb": 4 tasks total (2 from main, 2 from includes), 7 helpers total (3 from main, 4 from includes)
[2m2025-12-06T06:29:15.402332Z[0m [32m INFO[0m [2mconvenient_bitbake::pipeline[0m[2m:[0m ✓ Extracted 0 tasks from "autotools.bbclass" for recipe "matchbox-wm_1.2.2.bb"
[2m2025-12-06T06:29:15.403343Z[0m [32m INFO[0m [2mconvenient_bitbake::pipeline[0m[2m:[0m ✓ Extracted 0 tasks from "autotools.bbclass" for recipe "mesa-demos_8.4.0.bb"
[2m2025-12-06T06:29:15.404601Z[0m [32m INFO[0m [2mconvenient_bitbake::pipeline[0m[2m:[0m Recipe "libhandy_1.5.0.bb": 2 tasks total (0 from main, 2 from includes), 3 helpers total (0 from main, 3 from includes)
[2m2025-12-06T06:29:15.406739Z[0m [32m INFO[0m [2mconvenient_bitbake::pipeline[0m[2m:[0m Recipe "matchbox-wm_1.2.2.bb": 1 tasks total (1 from main, 0 from includes), 6 helpers total (0 from main, 6 from includes)
[2m2025-12-06T06:29:15.407536Z[0m [32m INFO[0m [2mconvenient_bitbake::pipeline[0m[2m:[0m ✓ Extracted 0 tasks from "cmake.bbclass" for recipe "spirv-tools_1.3.204.1.bb"
[2m2025-12-06T06:29:15.407927Z[0m [32m INFO[0m [2mconvenient_bitbake::pipeline[0m[2m:[0m ✓ Extracted 1 tasks from "vala.bbclass" for recipe "librsvg_2.52.10.bb"
[2m2025-12-06T06:29:15.407967Z[0m [32m INFO[0m [2mconvenient_bitbake::pipeline[0m[2m:[0m Recipe "librsvg_2.52.10.bb": 4 tasks total (2 from main, 2 from includes), 3 helpers total (0 from main, 3 from includes)
[2m2025-12-06T06:29:15.408044Z[0m [32m INFO[0m [2mconvenient_bitbake::pipeline[0m[2m:[0m ✓ Extracted 0 tasks from "cmake.bbclass" for recipe "libsdl2_2.0.20.bb"
[2m2025-12-06T06:29:15.408155Z[0m [32m INFO[0m [2mconvenient_bitbake::pipeline[0m[2m:[0m Recipe "which_2.21.bb": 1 tasks total (1 from main, 0 from includes), 6 helpers total (0 from main, 6 from includes)
[2m2025-12-06T06:29:15.408219Z[0m [32m INFO[0m [2mconvenient_bitbake::pipeline[0m[2m:[0m Recipe "libmatchbox_1.12.bb": 0 tasks total (0 from main, 0 from includes), 6 helpers total (0 from main, 6 from includes)
[2m2025-12-06T06:29:15.409543Z[0m [32m INFO[0m [2mconvenient_bitbake::pipeline[0m[2m:[0m ✓ Extracted 0 tasks from "cmake.bbclass" for recipe "shaderc_2022.1.bb"
[2m2025-12-06T06:29:15.409849Z[0m [32m INFO[0m [2mconvenient_bitbake::pipeline[0m[2m:[0m ✓ Extracted 1 tasks from "meson.bbclass" for recipe "libva-utils_2.14.0.bb"
[2m2025-12-06T06:29:15.410306Z[0m [32m INFO[0m [2mconvenient_bitbake::pipeline[0m[2m:[0m ✓ Extracted 1 tasks from "native.bbclass" for recipe "tzcode-native.bb"
[2m2025-12-06T06:29:15.410381Z[0m [32m INFO[0m [2mconvenient_bitbake::pipeline[0m[2m:[0m Recipe "tzcode-native.bb": 2 tasks total (1 from main, 1 from includes), 0 helpers total (0 from main, 0 from includes)
[2m2025-12-06T06:29:15.410405Z[0m [32m INFO[0m [2mconvenient_bitbake::pipeline[0m[2m:[0m ✓ Extracted 0 tasks from "autotools.bbclass" for recipe "menu-cache_1.1.0.bb"
[2m2025-12-06T06:29:15.410440Z[0m [32m INFO[0m [2mconvenient_bitbake::pipeline[0m[2m:[0m ✓ Extracted 0 tasks from "cmake.bbclass" for recipe "spirv-headers_1.3.204.1.bb"
[2m2025-12-06T06:29:15.410541Z[0m [32m INFO[0m [2mconvenient_bitbake::pipeline[0m[2m:[0m Recipe "spirv-headers_1.3.204.1.bb": 0 tasks total (0 from main, 0 from includes), 6 helpers total (0 from main, 6 from includes)
[2m2025-12-06T06:29:15.412249Z[0m [32m INFO[0m [2mconvenient_bitbake::pipeline[0m[2m:[0m Recipe "harfbuzz_4.0.1.bb": 3 tasks total (1 from main, 2 from includes), 3 helpers total (0 from main, 3 from includes)
[2m2025-12-06T06:29:15.412813Z[0m [32m INFO[0m [2mconvenient_bitbake::pipeline[0m[2m:[0m ✓ Extracted 1 tasks from "binconfig-disabled.bbclass" for recipe "libsdl2_2.0.20.bb"
[2m2025-12-06T06:29:15.413288Z[0m [32m INFO[0m [2mconvenient_bitbake::pipeline[0m[2m:[0m Recipe "mesa-demos_8.4.0.bb": 1 tasks total (1 from main, 0 from includes), 6 helpers total (0 from main, 6 from includes)
[2m2025-12-06T06:29:15.413589Z[0m [32m INFO[0m [2mconvenient_bitbake::pipeline[0m[2m:[0m ✓ Extracted 0 tasks from "fontcache.bbclass" for recipe "ttf-bitstream-vera_1.10.bb"
[2m2025-12-06T06:29:15.413628Z[0m [32m INFO[0m [2mconvenient_bitbake::pipeline[0m[2m:[0m Recipe "ttf-bitstream-vera_1.10.bb": 1 tasks total (1 from main, 0 from includes), 1 helpers total (0 from main, 1 from includes)
[2m2025-12-06T06:29:15.414713Z[0m [32m INFO[0m [2mconvenient_bitbake::pipeline[0m[2m:[0m Recipe "libsdl2_2.0.20.bb": 1 tasks total (0 from main, 1 from includes), 7 helpers total (0 from main, 7 from includes)
[2m2025-12-06T06:29:15.415349Z[0m [32m INFO[0m [2mconvenient_bitbake::pipeline[0m[2m:[0m Recipe "spirv-tools_1.3.204.1.bb": 0 tasks total (0 from main, 0 from includes), 6 helpers total (0 from main, 6 from includes)
[2m2025-12-06T06:29:15.415381Z[0m [32m INFO[0m [2mconvenient_bitbake::pipeline[0m[2m:[0m Recipe "libva-utils_2.14.0.bb": 1 tasks total (0 from main, 1 from includes), 3 helpers total (0 from main, 3 from includes)
[2m2025-12-06T06:29:15.416351Z[0m [32m INFO[0m [2mconvenient_bitbake::pipeline[0m[2m:[0m ✓ Extracted 0 tasks from "cmake.bbclass" for recipe "vulkan-tools_1.3.204.1.bb"
[2m2025-12-06T06:29:15.416669Z[0m [32m INFO[0m [2mconvenient_bitbake::pipeline[0m[2m:[0m ✓ Extracted 0 tasks from "autotools.bbclass" for recipe "mtdev_1.1.6.bb"
[2m2025-12-06T06:29:15.416847Z[0m [32m INFO[0m [2mconvenient_bitbake::pipeline[0m[2m:[0m ✓ Extracted 1 tasks from "gnomebase.bbclass" for recipe "pango_1.50.4.bb"
[2m2025-12-06T06:29:15.419049Z[0m [32m INFO[0m [2mconvenient_bitbake::pipeline[0m[2m:[0m Recipe "shaderc_2022.1.bb": 0 tasks total (0 from main, 0 from includes), 6 helpers total (0 from main, 6 from includes)
[2m2025-12-06T06:29:15.419049Z[0m [32m INFO[0m [2mconvenient_bitbake::pipeline[0m[2m:[0m Recipe "mtdev_1.1.6.bb": 0 tasks total (0 from main, 0 from includes), 6 helpers total (0 from main, 6 from includes)
[2m2025-12-06T06:29:15.419738Z[0m [32m INFO[0m [2mconvenient_bitbake::pipeline[0m[2m:[0m ✓ Extracted 0 tasks from "fontcache.bbclass" for recipe "liberation-fonts_2.1.5.bb"
[2m2025-12-06T06:29:15.419787Z[0m [32m INFO[0m [2mconvenient_bitbake::pipeline[0m[2m:[0m Recipe "liberation-fonts_2.1.5.bb": 1 tasks total (1 from main, 0 from includes), 1 helpers total (0 from main, 1 from includes)
[2m2025-12-06T06:29:15.419864Z[0m [32m INFO[0m [2mconvenient_bitbake::pipeline[0m[2m:[0m Recipe "gdk-pixbuf_2.42.10.bb": 3 tasks total (2 from main, 1 from includes), 6 helpers total (0 from main, 6 from includes)
[2m2025-12-06T06:29:15.420263Z[0m [32m INFO[0m [2mconvenient_bitbake::pipeline[0m[2m:[0m ✓ Extracted 0 tasks from "cmake.bbclass" for recipe "piglit_git.bb"
[2m2025-12-06T06:29:15.420608Z[0m [32m INFO[0m [2mconvenient_bitbake::pipeline[0m[2m:[0m ✓ Extracted 1 tasks from "gtk-doc.bbclass" for recipe "menu-cache_1.1.0.bb"
[2m2025-12-06T06:29:15.420658Z[0m [32m INFO[0m [2mconvenient_bitbake::pipeline[0m[2m:[0m Recipe "menu-cache_1.1.0.bb": 1 tasks total (0 from main, 1 from includes), 6 helpers total (0 from main, 6 from includes)
[2m2025-12-06T06:29:15.420832Z[0m [32m INFO[0m [2mconvenient_bitbake::pipeline[0m[2m:[0m ✓ Extracted 0 tasks from "useradd.bbclass" for recipe "rpcbind_1.2.6.bb"
[2m2025-12-06T06:29:15.420880Z[0m [32m INFO[0m [2mconvenient_bitbake::pipeline[0m[2m:[0m Recipe "rpcbind_1.2.6.bb": 1 tasks total (1 from main, 0 from includes), 13 helpers total (0 from main, 13 from includes)
[2m2025-12-06T06:29:15.421049Z[0m [32m INFO[0m [2mconvenient_bitbake::pipeline[0m[2m:[0m Recipe "vulkan-tools_1.3.204.1.bb": 0 tasks total (0 from main, 0 from includes), 6 helpers total (0 from main, 6 from includes)
[2m2025-12-06T06:29:15.422551Z[0m [32m INFO[0m [2mconvenient_bitbake::pipeline[0m[2m:[0m ✓ Extracted 1 tasks from "mesa.inc" for recipe "mesa_22.0.3.bb"
[2m2025-12-06T06:29:15.422599Z[0m [32m INFO[0m [2mconvenient_bitbake::pipeline[0m[2m:[0m Recipe "mesa_22.0.3.bb": 1 tasks total (0 from main, 1 from includes), 0 helpers total (0 from main, 0 from includes)
[2m2025-12-06T06:29:15.422912Z[0m [32m INFO[0m [2mconvenient_bitbake::pipeline[0m[2m:[0m ✓ Extracted 0 tasks from "cmake.bbclass" for recipe "vulkan-headers_1.3.204.1.bb"
[2m2025-12-06T06:29:15.422958Z[0m [32m INFO[0m [2mconvenient_bitbake::pipeline[0m[2m:[0m Recipe "vulkan-headers_1.3.204.1.bb": 0 tasks total (0 from main, 0 from includes), 6 helpers total (0 from main, 6 from includes)
[2m2025-12-06T06:29:15.422994Z[0m [32m INFO[0m [2mconvenient_bitbake::pipeline[0m[2m:[0m ✓ Extracted 1 tasks from "meson.bbclass" for recipe "libinput_1.19.4.bb"
[2m2025-12-06T06:29:15.424160Z[0m [32m INFO[0m [2mconvenient_bitbake::pipeline[0m[2m:[0m ✓ Extracted 1 tasks from "meson.bbclass" for recipe "waffle_1.7.2.bb"
[2m2025-12-06T06:29:15.424583Z[0m [32m INFO[0m [2mconvenient_bitbake::pipeline[0m[2m:[0m ✓ Extracted 1 tasks from "meson.bbclass" for recipe "wayland-utils_1.0.0.bb"
[2m2025-12-06T06:29:15.425347Z[0m [32m INFO[0m [2mconvenient_bitbake::pipeline[0m[2m:[0m ✓ Extracted 0 tasks from "cmake.bbclass" for recipe "vulkan-loader_1.3.204.1.bb"
[2m2025-12-06T06:29:15.425348Z[0m [32m INFO[0m [2mconvenient_bitbake::pipeline[0m[2m:[0m ✓ Extracted 0 tasks from "cmake.bbclass" for recipe "vulkan-samples_git.bb"
[2m2025-12-06T06:29:15.425728Z[0m [32m INFO[0m [2mconvenient_bitbake::pipeline[0m[2m:[0m ✓ Extracted 1 tasks from "meson.bbclass" for recipe "wayland-protocols_1.25.bb"
[2m2025-12-06T06:29:15.427318Z[0m [32m INFO[0m [2mconvenient_bitbake::pipeline[0m[2m:[0m ✓ Extracted 0 tasks from "autotools.bbclass" for recipe "startup-notification_0.12.bb"
[2m2025-12-06T06:29:15.427327Z[0m [32m INFO[0m [2mconvenient_bitbake::pipeline[0m[2m:[0m ✓ Extracted 1 tasks from "mesa.inc" for recipe "mesa-gl_22.0.3.bb"
[2m2025-12-06T06:29:15.427408Z[0m [32m INFO[0m [2mconvenient_bitbake::pipeline[0m[2m:[0m Recipe "mesa-gl_22.0.3.bb": 1 tasks total (0 from main, 1 from includes), 0 helpers total (0 from main, 0 from includes)
[2m2025-12-06T06:29:15.427514Z[0m [32m INFO[0m [2mconvenient_bitbake::pipeline[0m[2m:[0m ✓ Extracted 1 tasks from "meson.bbclass" for recipe "virglrenderer_0.9.1.bb"
[2m2025-12-06T06:29:15.427963Z[0m [32m INFO[0m [2mconvenient_bitbake::pipeline[0m[2m:[0m ✓ Extracted 0 tasks from "autotools.bbclass" for recipe "xinput-calibrator_git.bb"
[2m2025-12-06T06:29:15.428178Z[0m [32m INFO[0m [2mconvenient_bitbake::pipeline[0m[2m:[0m ✓ Extracted 0 tasks from "autotools.bbclass" for recipe "xcursor-transparent-theme_git.bb"
[2m2025-12-06T06:29:15.428883Z[0m [32m INFO[0m [2mconvenient_bitbake::pipeline[0m[2m:[0m ✓ Extracted 1 tasks from "meson.bbclass" for recipe "wayland_1.20.0.bb"
[2m2025-12-06T06:29:15.429477Z[0m [32m INFO[0m [2mconvenient_bitbake::pipeline[0m[2m:[0m ✓ Extracted 0 tasks from "update-rc.d.bbclass" for recipe "weston-init.bb"
[2m2025-12-06T06:29:15.433175Z[0m [32m INFO[0m [2mconvenient_bitbake::pipeline[0m[2m:[0m Recipe "wayland-utils_1.0.0.bb": 1 tasks total (0 from main, 1 from includes), 3 helpers total (0 from main, 3 from includes)
[2m2025-12-06T06:29:15.433643Z[0m [32m INFO[0m [2mconvenient_bitbake::pipeline[0m[2m:[0m ✓ Extracted 1 tasks from "meson.bbclass" for recipe "weston_10.0.2.bb"
[2m2025-12-06T06:29:15.477744Z[0m [32m INFO[0m [2mconvenient_bitbake::pipeline[0m[2m:[0m   Progress: 600/884 recipes parsed (67.9%)
[2m2025-12-06T06:29:15.479627Z[0m [32m INFO[0m [2mconvenient_bitbake::pipeline[0m[2m:[0m Recipe "piglit_git.bb": 1 tasks total (1 from main, 0 from includes), 6 helpers total (0 from main, 6 from includes)
[2m2025-12-06T06:29:15.479651Z[0m [32m INFO[0m [2mconvenient_bitbake::pipeline[0m[2m:[0m Recipe "vulkan-loader_1.3.204.1.bb": 0 tasks total (0 from main, 0 from includes), 6 helpers total (0 from main, 6 from includes)
[2m2025-12-06T06:29:15.480347Z[0m [32m INFO[0m [2mconvenient_bitbake::pipeline[0m[2m:[0m ✓ Extracted 0 tasks from "multilib_script.bbclass" for recipe "x11perf_1.6.1.bb"
[2m2025-12-06T06:29:15.480391Z[0m [32m INFO[0m [2mconvenient_bitbake::pipeline[0m[2m:[0m Recipe "x11perf_1.6.1.bb": 0 tasks total (0 from main, 0 from includes), 1 helpers total (0 from main, 1 from includes)
[2m2025-12-06T06:29:15.480511Z[0m [32m INFO[0m [2mconvenient_bitbake::pipeline[0m[2m:[0m Recipe "vulkan-samples_git.bb": 0 tasks total (0 from main, 0 from includes), 6 helpers total (0 from main, 6 from includes)
[2m2025-12-06T06:29:15.482631Z[0m [32m INFO[0m [2mconvenient_bitbake::pipeline[0m[2m:[0m ✓ Extracted 6 tasks from "ptest.bbclass" for recipe "sed_4.8.bb"
[2m2025-12-06T06:29:15.482660Z[0m [32m INFO[0m [2mconvenient_bitbake::pipeline[0m[2m:[0m ✓ Extracted 6 tasks from "ptest.bbclass" for recipe "libinput_1.19.4.bb"
[2m2025-12-06T06:29:15.482706Z[0m [32m INFO[0m [2mconvenient_bitbake::pipeline[0m[2m:[0m Recipe "sed_4.8.bb": 7 tasks total (3 from main, 4 from includes), 6 helpers total (0 from main, 6 from includes)
[2m2025-12-06T06:29:15.482967Z[0m [32m INFO[0m [2mconvenient_bitbake::pipeline[0m[2m:[0m Recipe "libinput_1.19.4.bb": 8 tasks total (1 from main, 7 from includes), 3 helpers total (0 from main, 3 from includes)
[2m2025-12-06T06:29:15.483623Z[0m [32m INFO[0m [2mconvenient_bitbake::pipeline[0m[2m:[0m Recipe "xcursor-transparent-theme_git.bb": 0 tasks total (0 from main, 0 from includes), 6 helpers total (0 from main, 6 from includes)
[2m2025-12-06T06:29:15.484142Z[0m [32m INFO[0m [2mconvenient_bitbake::pipeline[0m[2m:[0m Recipe "waffle_1.7.2.bb": 2 tasks total (1 from main, 1 from includes), 3 helpers total (0 from main, 3 from includes)
[2m2025-12-06T06:29:15.484154Z[0m [32m INFO[0m [2mconvenient_bitbake::pipeline[0m[2m:[0m Recipe "startup-notification_0.12.bb": 0 tasks total (0 from main, 0 from includes), 6 helpers total (0 from main, 6 from includes)
[2m2025-12-06T06:29:15.485424Z[0m [32m INFO[0m [2mconvenient_bitbake::pipeline[0m[2m:[0m ✓ Extracted 0 tasks from "update-rc.d.bbclass" for recipe "xserver-nodm-init_3.0.bb"
[2m2025-12-06T06:29:15.485512Z[0m [32m INFO[0m [2mconvenient_bitbake::pipeline[0m[2m:[0m ✓ Extracted 6 tasks from "ptest.bbclass" for recipe "wayland_1.20.0.bb"
[2m2025-12-06T06:29:15.485557Z[0m [32m INFO[0m [2mconvenient_bitbake::pipeline[0m[2m:[0m Recipe "wayland_1.20.0.bb": 7 tasks total (1 from main, 6 from includes), 3 helpers total (0 from main, 3 from includes)
[2m2025-12-06T06:29:15.485916Z[0m [32m INFO[0m [2mconvenient_bitbake::pipeline[0m[2m:[0m ✓ Extracted 1 tasks from "xorg-font-common.inc" for recipe "encodings_1.0.6.bb"
[2m2025-12-06T06:29:15.486403Z[0m [32m INFO[0m [2mconvenient_bitbake::pipeline[0m[2m:[0m Recipe "xinput-calibrator_git.bb": 1 tasks total (1 from main, 0 from includes), 6 helpers total (0 from main, 6 from includes)
[2m2025-12-06T06:29:15.486713Z[0m [32m INFO[0m [2mconvenient_bitbake::pipeline[0m[2m:[0m Recipe "pango_1.50.4.bb": 2 tasks total (1 from main, 1 from includes), 0 helpers total (0 from main, 0 from includes)
[2m2025-12-06T06:29:15.487142Z[0m [32m INFO[0m [2mconvenient_bitbake::pipeline[0m[2m:[0m ✓ Extracted 1 tasks from "xorg-font-common.inc" for recipe "font-alias_1.0.4.bb"
[2m2025-12-06T06:29:15.487230Z[0m [32m INFO[0m [2mconvenient_bitbake::pipeline[0m[2m:[0m ✓ Extracted 0 tasks from "useradd.bbclass" for recipe "weston_10.0.2.bb"
[2m2025-12-06T06:29:15.488276Z[0m [32m INFO[0m [2mconvenient_bitbake::pipeline[0m[2m:[0m Recipe "virglrenderer_0.9.1.bb": 1 tasks total (0 from main, 1 from includes), 3 helpers total (0 from main, 3 from includes)
[2m2025-12-06T06:29:15.489384Z[0m [32m INFO[0m [2mconvenient_bitbake::pipeline[0m[2m:[0m ✓ Extracted 1 tasks from "xorg-font-common.inc" for recipe "font-util_1.3.3.bb"
[2m2025-12-06T06:29:15.489426Z[0m [32m INFO[0m [2mconvenient_bitbake::pipeline[0m[2m:[0m Recipe "font-util_1.3.3.bb": 1 tasks total (0 from main, 1 from includes), 0 helpers total (0 from main, 0 from includes)
[2m2025-12-06T06:29:15.491867Z[0m [32m INFO[0m [2mconvenient_bitbake::pipeline[0m[2m:[0m Recipe "wayland-protocols_1.25.bb": 1 tasks total (0 from main, 1 from includes), 3 helpers total (0 from main, 3 from includes)
[2m2025-12-06T06:29:15.492418Z[0m [32m INFO[0m [2mconvenient_bitbake::pipeline[0m[2m:[0m Recipe "encodings_1.0.6.bb": 1 tasks total (0 from main, 1 from includes), 0 helpers total (0 from main, 0 from includes)
[2m2025-12-06T06:29:15.494424Z[0m [32m INFO[0m [2mconvenient_bitbake::pipeline[0m[2m:[0m ✓ Extracted 1 tasks from "meson.bbclass" for recipe "libxcvt_0.1.1.bb"
[2m2025-12-06T06:29:15.494459Z[0m [32m INFO[0m [2mconvenient_bitbake::pipeline[0m[2m:[0m Recipe "libxcvt_0.1.1.bb": 1 tasks total (0 from main, 1 from includes), 3 helpers total (0 from main, 3 from includes)
[2m2025-12-06T06:29:15.494491Z[0m [32m INFO[0m [2mconvenient_bitbake::pipeline[0m[2m:[0m Recipe "font-alias_1.0.4.bb": 1 tasks total (0 from main, 1 from includes), 0 helpers total (0 from main, 0 from includes)
[2m2025-12-06T06:29:15.494680Z[0m [32m INFO[0m [2mconvenient_bitbake::pipeline[0m[2m:[0m Recipe "weston_10.0.2.bb": 2 tasks total (1 from main, 1 from includes), 5 helpers total (0 from main, 5 from includes)
[2m2025-12-06T06:29:15.495882Z[0m [32m INFO[0m [2mconvenient_bitbake::pipeline[0m[2m:[0m ✓ Extracted 0 tasks from "autotools.bbclass" for recipe "libpthread-stubs_0.4.bb"
[2m2025-12-06T06:29:15.495918Z[0m [32m INFO[0m [2mconvenient_bitbake::pipeline[0m[2m:[0m Recipe "libpthread-stubs_0.4.bb": 0 tasks total (0 from main, 0 from includes), 6 helpers total (0 from main, 6 from includes)
[2m2025-12-06T06:29:15.497337Z[0m [32m INFO[0m [2mconvenient_bitbake::pipeline[0m[2m:[0m ✓ Extracted 0 tasks from "systemd.bbclass" for recipe "weston-init.bb"
[2m2025-12-06T06:29:15.500865Z[0m [32m INFO[0m [2mconvenient_bitbake::pipeline[0m[2m:[0m ✓ Extracted 0 tasks from "systemd.bbclass" for recipe "xserver-nodm-init_3.0.bb"
[2m2025-12-06T06:29:15.502872Z[0m [32m INFO[0m [2mconvenient_bitbake::pipeline[0m[2m:[0m ✓ Extracted 1 tasks from "meson.bbclass" for recipe "pixman_0.40.0.bb"
[2m2025-12-06T06:29:15.502938Z[0m [32m INFO[0m [2mconvenient_bitbake::pipeline[0m[2m:[0m ✓ Extracted 1 tasks from "meson.bbclass" for recipe "libxkbcommon_1.4.1.bb"
[2m2025-12-06T06:29:15.504440Z[0m [32m INFO[0m [2mconvenient_bitbake::pipeline[0m[2m:[0m Recipe "libxkbcommon_1.4.1.bb": 1 tasks total (0 from main, 1 from includes), 3 helpers total (0 from main, 3 from includes)
[2m2025-12-06T06:29:15.504604Z[0m [32m INFO[0m [2mconvenient_bitbake::pipeline[0m[2m:[0m ✓ Extracted 0 tasks from "useradd.bbclass" for recipe "weston-init.bb"
[2m2025-12-06T06:29:15.504934Z[0m [32m INFO[0m [2mconvenient_bitbake::pipeline[0m[2m:[0m Recipe "pixman_0.40.0.bb": 1 tasks total (0 from main, 1 from includes), 3 helpers total (0 from main, 3 from includes)
[2m2025-12-06T06:29:15.505039Z[0m [32m INFO[0m [2mconvenient_bitbake::pipeline[0m[2m:[0m Recipe "xserver-nodm-init_3.0.bb": 1 tasks total (1 from main, 0 from includes), 5 helpers total (0 from main, 5 from includes)
[2m2025-12-06T06:29:15.506507Z[0m [32m INFO[0m [2mconvenient_bitbake::pipeline[0m[2m:[0m Recipe "weston-init.bb": 1 tasks total (1 from main, 0 from includes), 7 helpers total (0 from main, 7 from includes)
[2m2025-12-06T06:29:15.507295Z[0m [32m INFO[0m [2mconvenient_bitbake::pipeline[0m[2m:[0m ✓ Extracted 0 tasks from "autotools.bbclass" for recipe "libxcb_1.14.bb"
[2m2025-12-06T06:29:15.508293Z[0m [32m INFO[0m [2mconvenient_bitbake::pipeline[0m[2m:[0m ✓ Extracted 2 tasks from "linux-yocto.inc" for recipe "linux-yocto-rt_5.10.bb"
[2m2025-12-06T06:29:15.508333Z[0m [32m INFO[0m [2mconvenient_bitbake::pipeline[0m[2m:[0m Recipe "linux-yocto-rt_5.10.bb": 2 tasks total (0 from main, 2 from includes), 0 helpers total (0 from main, 0 from includes)
[2m2025-12-06T06:29:15.513174Z[0m [32m INFO[0m [2mconvenient_bitbake::pipeline[0m[2m:[0m ✓ Extracted 1 tasks from "deploy.bbclass" for recipe "linux-dummy.bb"
[2m2025-12-06T06:29:15.513321Z[0m [32m INFO[0m [2mconvenient_bitbake::pipeline[0m[2m:[0m ✓ Extracted 1 tasks from "meson.bbclass" for recipe "xkeyboard-config_2.35.1.bb"
[2m2025-12-06T06:29:15.513642Z[0m [32m INFO[0m [2mconvenient_bitbake::pipeline[0m[2m:[0m ✓ Extracted 2 tasks from "linux-yocto.inc" for recipe "linux-yocto_5.15.bb"
[2m2025-12-06T06:29:15.513681Z[0m [32m INFO[0m [2mconvenient_bitbake::pipeline[0m[2m:[0m ✓ Extracted 1 tasks from "meson.bbclass" for recipe "dtc_1.6.1.bb"
[2m2025-12-06T06:29:15.514569Z[0m [32m INFO[0m [2mconvenient_bitbake::pipeline[0m[2m:[0m ✓ Extracted 1 tasks from "module.bbclass" for recipe "lttng-modules_2.13.14.bb"
[2m2025-12-06T06:29:15.515130Z[0m [32m INFO[0m [2mconvenient_bitbake::pipeline[0m[2m:[0m ✓ Extracted 2 tasks from "linux-libc-headers.inc" for recipe "linux-libc-headers_5.16.bb"
[2m2025-12-06T06:29:15.515210Z[0m [32m INFO[0m [2mconvenient_bitbake::pipeline[0m[2m:[0m Recipe "linux-libc-headers_5.16.bb": 2 tasks total (0 from main, 2 from includes), 0 helpers total (0 from main, 0 from includes)
[2m2025-12-06T06:29:15.515437Z[0m [32m INFO[0m [2mconvenient_bitbake::pipeline[0m[2m:[0m ✓ Extracted 2 tasks from "linux-yocto.inc" for recipe "linux-yocto-tiny_5.15.bb"
[2m2025-12-06T06:29:15.515525Z[0m [32m INFO[0m [2mconvenient_bitbake::pipeline[0m[2m:[0m Recipe "linux-yocto-tiny_5.15.bb": 2 tasks total (0 from main, 2 from includes), 0 helpers total (0 from main, 0 from includes)
[2m2025-12-06T06:29:15.515474Z[0m [32m INFO[0m [2mconvenient_bitbake::pipeline[0m[2m:[0m ✓ Extracted 1 tasks from "meson.bbclass" for recipe "xorgproto_2021.5.bb"
[2m2025-12-06T06:29:15.515590Z[0m [32m INFO[0m [2mconvenient_bitbake::pipeline[0m[2m:[0m ✓ Extracted 1 tasks from "module.bbclass" for recipe "cryptodev-module_1.12.bb"
[2m2025-12-06T06:29:15.515667Z[0m [32m INFO[0m [2mconvenient_bitbake::pipeline[0m[2m:[0m Recipe "cryptodev-module_1.12.bb": 1 tasks total (0 from main, 1 from includes), 2 helpers total (0 from main, 2 from includes)
[2m2025-12-06T06:29:15.515613Z[0m [32m INFO[0m [2mconvenient_bitbake::pipeline[0m[2m:[0m Recipe "xorgproto_2021.5.bb": 1 tasks total (0 from main, 1 from includes), 3 helpers total (0 from main, 3 from includes)
[2m2025-12-06T06:29:15.515810Z[0m [32m INFO[0m [2mconvenient_bitbake::pipeline[0m[2m:[0m ✓ Extracted 2 tasks from "linux-yocto.inc" for recipe "linux-yocto-rt_5.15.bb"
[2m2025-12-06T06:29:15.515879Z[0m [32m INFO[0m [2mconvenient_bitbake::pipeline[0m[2m:[0m Recipe "linux-yocto-rt_5.15.bb": 2 tasks total (0 from main, 2 from includes), 0 helpers total (0 from main, 0 from includes)
[2m2025-12-06T06:29:15.516259Z[0m [32m INFO[0m [2mconvenient_bitbake::pipeline[0m[2m:[0m Recipe "dtc_1.6.1.bb": 1 tasks total (0 from main, 1 from includes), 3 helpers total (0 from main, 3 from includes)
[2m2025-12-06T06:29:15.516543Z[0m [32m INFO[0m [2mconvenient_bitbake::pipeline[0m[2m:[0m Recipe "linux-dummy.bb": 8 tasks total (7 from main, 1 from includes), 0 helpers total (0 from main, 0 from includes)
[2m2025-12-06T06:29:15.516639Z[0m [32m INFO[0m [2mconvenient_bitbake::pipeline[0m[2m:[0m ✓ Extracted 2 tasks from "linux-yocto.inc" for recipe "linux-yocto_5.10.bb"
[2m2025-12-06T06:29:15.516819Z[0m [32m INFO[0m [2mconvenient_bitbake::pipeline[0m[2m:[0m Recipe "libxcb_1.14.bb": 1 tasks total (1 from main, 0 from includes), 6 helpers total (0 from main, 6 from includes)
[2m2025-12-06T06:29:15.517291Z[0m [32m INFO[0m [2mconvenient_bitbake::pipeline[0m[2m:[0m Recipe "lttng-modules_2.13.14.bb": 3 tasks total (2 from main, 1 from includes), 2 helpers total (0 from main, 2 from includes)
[2m2025-12-06T06:29:15.518446Z[0m [32m INFO[0m [2mconvenient_bitbake::pipeline[0m[2m:[0m ✓ Extracted 0 tasks from "autotools.bbclass" for recipe "xcb-proto_1.14.1.bb"
[2m2025-12-06T06:29:15.521033Z[0m [32m INFO[0m [2mconvenient_bitbake::pipeline[0m[2m:[0m ✓ Extracted 0 tasks from "autotools.bbclass" for recipe "lttng-ust_2.13.6.bb"
[2m2025-12-06T06:29:15.521352Z[0m [32m INFO[0m [2mconvenient_bitbake::pipeline[0m[2m:[0m ✓ Extracted 1 tasks from "meson.bbclass" for recipe "xwayland_22.1.8.bb"
[2m2025-12-06T06:29:15.522189Z[0m [32m INFO[0m [2mconvenient_bitbake::pipeline[0m[2m:[0m ✓ Extracted 2 tasks from "linux-yocto.inc" for recipe "linux-yocto-tiny_5.10.bb"
[2m2025-12-06T06:29:15.522279Z[0m [32m INFO[0m [2mconvenient_bitbake::pipeline[0m[2m:[0m Recipe "linux-yocto-tiny_5.10.bb": 2 tasks total (0 from main, 2 from includes), 0 helpers total (0 from main, 0 from includes)
[2m2025-12-06T06:29:15.522536Z[0m [32m INFO[0m [2mconvenient_bitbake::pipeline[0m[2m:[0m ✓ Extracted 0 tasks from "autotools.bbclass" for recipe "kexec-tools_2.0.23.bb"
[2m2025-12-06T06:29:15.523139Z[0m [32m INFO[0m [2mconvenient_bitbake::pipeline[0m[2m:[0m ✓ Extracted 0 tasks from "autotools.bbclass" for recipe "xrestop_0.4.bb"
[2m2025-12-06T06:29:15.524622Z[0m [32m INFO[0m [2mconvenient_bitbake::pipeline[0m[2m:[0m Recipe "xcb-proto_1.14.1.bb": 0 tasks total (0 from main, 0 from includes), 6 helpers total (0 from main, 6 from includes)
[2m2025-12-06T06:29:15.526940Z[0m [32m INFO[0m [2mconvenient_bitbake::pipeline[0m[2m:[0m ✓ Extracted 2 tasks from "systemtap_git.bb" for recipe "systemtap-native_git.bb"
[2m2025-12-06T06:29:15.527390Z[0m [32m INFO[0m [2mconvenient_bitbake::pipeline[0m[2m:[0m ✓ Extracted 0 tasks from "autotools.bbclass" for recipe "kmod_29.bb"
[2m2025-12-06T06:29:15.529754Z[0m [32m INFO[0m [2mconvenient_bitbake::pipeline[0m[2m:[0m ✓ Extracted 0 tasks from "autotools.bbclass" for recipe "powertop_2.14.bb"
[2m2025-12-06T06:29:15.530462Z[0m [32m INFO[0m [2mconvenient_bitbake::pipeline[0m[2m:[0m ✓ Extracted 0 tasks from "bin_package.bbclass" for recipe "wireless-regdb_2024.10.07.bb"
[2m2025-12-06T06:29:15.530736Z[0m [32m INFO[0m [2mconvenient_bitbake::pipeline[0m[2m:[0m Recipe "xwayland_22.1.8.bb": 2 tasks total (1 from main, 1 from includes), 3 helpers total (0 from main, 3 from includes)
[2m2025-12-06T06:29:15.533960Z[0m [32m INFO[0m [2mconvenient_bitbake::pipeline[0m[2m:[0m   Progress: 700/884 recipes parsed (79.2%)
[2m2025-12-06T06:29:15.534309Z[0m [32m INFO[0m [2mconvenient_bitbake::pipeline[0m[2m:[0m Recipe "xkeyboard-config_2.35.1.bb": 2 tasks total (1 from main, 1 from includes), 3 helpers total (0 from main, 3 from includes)
[2m2025-12-06T06:29:15.535112Z[0m [32m INFO[0m [2mconvenient_bitbake::pipeline[0m[2m:[0m Recipe "xrestop_0.4.bb": 0 tasks total (0 from main, 0 from includes), 6 helpers total (0 from main, 6 from includes)
[2m2025-12-06T06:29:15.535347Z[0m [32m INFO[0m [2mconvenient_bitbake::pipeline[0m[2m:[0m ✓ Extracted 1 tasks from "alsa-utils.inc" for recipe "alsa-utils_1.2.6.bb"
[2m2025-12-06T06:29:15.535367Z[0m [32m INFO[0m [2mconvenient_bitbake::pipeline[0m[2m:[0m ✓ Extracted 0 tasks from "autotools.bbclass" for recipe "babeltrace_1.5.11.bb"
[2m2025-12-06T06:29:15.535423Z[0m [32m INFO[0m [2mconvenient_bitbake::pipeline[0m[2m:[0m ✓ Extracted 0 tasks from "update-rc.d.bbclass" for recipe "modutils-initscripts.bb"
[2m2025-12-06T06:29:15.535517Z[0m [32m INFO[0m [2mconvenient_bitbake::pipeline[0m[2m:[0m Recipe "alsa-utils_1.2.6.bb": 1 tasks total (0 from main, 1 from includes), 0 helpers total (0 from main, 0 from includes)
[2m2025-12-06T06:29:15.535606Z[0m [32m INFO[0m [2mconvenient_bitbake::pipeline[0m[2m:[0m Recipe "modutils-initscripts.bb": 2 tasks total (2 from main, 0 from includes), 3 helpers total (0 from main, 3 from includes)
[2m2025-12-06T06:29:15.535827Z[0m [32m INFO[0m [2mconvenient_bitbake::pipeline[0m[2m:[0m ✓ Extracted 0 tasks from "autotools.bbclass" for recipe "alsa-lib_1.2.6.1.bb"
[2m2025-12-06T06:29:15.537018Z[0m [32m INFO[0m [2mconvenient_bitbake::pipeline[0m[2m:[0m Recipe "alsa-lib_1.2.6.1.bb": 0 tasks total (0 from main, 0 from includes), 6 helpers total (0 from main, 6 from includes)
[2m2025-12-06T06:29:15.539503Z[0m [32m INFO[0m [2mconvenient_bitbake::pipeline[0m[2m:[0m Recipe "wireless-regdb_2024.10.07.bb": 1 tasks total (1 from main, 0 from includes), 1 helpers total (0 from main, 1 from includes)
[2m2025-12-06T06:29:15.539556Z[0m [32m INFO[0m [2mconvenient_bitbake::pipeline[0m[2m:[0m ✓ Extracted 0 tasks from "autotools.bbclass" for recipe "lttng-tools_2.13.9.bb"
[2m2025-12-06T06:29:15.539894Z[0m [32m INFO[0m [2mconvenient_bitbake::pipeline[0m[2m:[0m ✓ Extracted 0 tasks from "update-rc.d.bbclass" for recipe "kexec-tools_2.0.23.bb"
[2m2025-12-06T06:29:15.540491Z[0m [32m INFO[0m [2mconvenient_bitbake::pipeline[0m[2m:[0m ✓ Extracted 1 tasks from "gtk-doc.bbclass" for recipe "kmod_29.bb"
[2m2025-12-06T06:29:15.542216Z[0m [32m INFO[0m [2mconvenient_bitbake::pipeline[0m[2m:[0m ✓ Extracted 0 tasks from "autotools.bbclass" for recipe "babeltrace2_2.0.5.bb"
[2m2025-12-06T06:29:15.543633Z[0m [32m INFO[0m [2mconvenient_bitbake::pipeline[0m[2m:[0m ✓ Extracted 1 tasks from "native.bbclass" for recipe "kern-tools-native_git.bb"
[2m2025-12-06T06:29:15.543680Z[0m [32m INFO[0m [2mconvenient_bitbake::pipeline[0m[2m:[0m Recipe "kern-tools-native_git.bb": 4 tasks total (3 from main, 1 from includes), 0 helpers total (0 from main, 0 from includes)
[2m2025-12-06T06:29:15.544344Z[0m [32m INFO[0m [2mconvenient_bitbake::pipeline[0m[2m:[0m ✓ Extracted 1 tasks from "meson.bbclass" for recipe "gst-devtools_1.20.7.bb"
[2m2025-12-06T06:29:15.544489Z[0m [32m INFO[0m [2mconvenient_bitbake::pipeline[0m[2m:[0m ✓ Extracted 0 tasks from "autotools.bbclass" for recipe "systemtap_git.bb"
[2m2025-12-06T06:29:15.546144Z[0m [32m INFO[0m [2mconvenient_bitbake::pipeline[0m[2m:[0m ✓ Extracted 0 tasks from "autotools.bbclass" for recipe "flac_1.3.4.bb"
[2m2025-12-06T06:29:15.546780Z[0m [32m INFO[0m [2mconvenient_bitbake::pipeline[0m[2m:[0m ✓ Extracted 1 tasks from "native.bbclass" for recipe "systemtap-native_git.bb"
[2m2025-12-06T06:29:15.546953Z[0m [32m INFO[0m [2mconvenient_bitbake::pipeline[0m[2m:[0m ✓ Extracted 1 tasks from "meson.bbclass" for recipe "gstreamer1.0-python_1.20.7.bb"
[2m2025-12-06T06:29:15.547426Z[0m [32m INFO[0m [2mconvenient_bitbake::pipeline[0m[2m:[0m Recipe "flac_1.3.4.bb": 0 tasks total (0 from main, 0 from includes), 6 helpers total (0 from main, 6 from includes)
[2m2025-12-06T06:29:15.577336Z[0m [32m INFO[0m [2mconvenient_bitbake::pipeline[0m[2m:[0m Recipe "systemtap-native_git.bb": 3 tasks total (0 from main, 3 from includes), 0 helpers total (0 from main, 0 from includes)
[2m2025-12-06T06:29:15.579794Z[0m [32m INFO[0m [2mconvenient_bitbake::pipeline[0m[2m:[0m ✓ Extracted 1 tasks from "meson.bbclass" for recipe "gstreamer1.0-rtsp-server_1.20.7.bb"
[2m2025-12-06T06:29:15.582393Z[0m [32m INFO[0m [2mconvenient_bitbake::pipeline[0m[2m:[0m ✓ Extracted 0 tasks from "autotools.bbclass" for recipe "alsa-plugins_1.2.6.bb"
[2m2025-12-06T06:29:15.582822Z[0m [32m INFO[0m [2mconvenient_bitbake::pipeline[0m[2m:[0m Recipe "lttng-ust_2.13.6.bb": 1 tasks total (1 from main, 0 from includes), 6 helpers total (0 from main, 6 from includes)
[2m2025-12-06T06:29:15.583735Z[0m [32m INFO[0m [2mconvenient_bitbake::pipeline[0m[2m:[0m ✓ Extracted 1 tasks from "xserver-xorg.inc" for recipe "xserver-xorg_21.1.8.bb"
[2m2025-12-06T06:29:15.583776Z[0m [32m INFO[0m [2mconvenient_bitbake::pipeline[0m[2m:[0m Recipe "xserver-xorg_21.1.8.bb": 1 tasks total (0 from main, 1 from includes), 0 helpers total (0 from main, 0 from includes)
[2m2025-12-06T06:29:15.583954Z[0m [32m INFO[0m [2mconvenient_bitbake::pipeline[0m[2m:[0m ✓ Extracted 1 tasks from "meson.bbclass" for recipe "gstreamer1.0-vaapi_1.20.7.bb"
[2m2025-12-06T06:29:15.583996Z[0m [32m INFO[0m [2mconvenient_bitbake::pipeline[0m[2m:[0m Recipe "alsa-plugins_1.2.6.bb": 1 tasks total (1 from main, 0 from includes), 6 helpers total (0 from main, 6 from includes)
[2m2025-12-06T06:29:15.585744Z[0m [32m INFO[0m [2mconvenient_bitbake::pipeline[0m[2m:[0m ✓ Extracted 1 tasks from "meson.bbclass" for recipe "gst-examples_1.18.6.bb"
[2m2025-12-06T06:29:15.586164Z[0m [32m INFO[0m [2mconvenient_bitbake::pipeline[0m[2m:[0m ✓ Extracted 1 tasks from "meson.bbclass" for recipe "gstreamer1.0-omx_1.20.7.bb"
[2m2025-12-06T06:29:15.587967Z[0m [32m INFO[0m [2mconvenient_bitbake::pipeline[0m[2m:[0m ✓ Extracted 6 tasks from "ptest.bbclass" for recipe "lttng-tools_2.13.9.bb"
[2m2025-12-06T06:29:15.589076Z[0m [32m INFO[0m [2mconvenient_bitbake::pipeline[0m[2m:[0m Recipe "gstreamer1.0-omx_1.20.7.bb": 1 tasks total (0 from main, 1 from includes), 4 helpers total (1 from main, 3 from includes)
[2m2025-12-06T06:29:15.589276Z[0m [32m INFO[0m [2mconvenient_bitbake::pipeline[0m[2m:[0m ✓ Extracted 0 tasks from "autotools.bbclass" for recipe "libogg_1.3.5.bb"
[2m2025-12-06T06:29:15.590154Z[0m [32m INFO[0m [2mconvenient_bitbake::pipeline[0m[2m:[0m ✓ Extracted 1 tasks from "meson.bbclass" for recipe "gstreamer1.0-libav_1.20.7.bb"
[2m2025-12-06T06:29:15.590409Z[0m [32m INFO[0m [2mconvenient_bitbake::pipeline[0m[2m:[0m Recipe "libogg_1.3.5.bb": 0 tasks total (0 from main, 0 from includes), 6 helpers total (0 from main, 6 from includes)
[2m2025-12-06T06:29:15.591218Z[0m [32m INFO[0m [2mconvenient_bitbake::pipeline[0m[2m:[0m Recipe "gst-devtools_1.20.7.bb": 2 tasks total (1 from main, 1 from includes), 3 helpers total (0 from main, 3 from includes)
[2m2025-12-06T06:29:15.591391Z[0m [32m INFO[0m [2mconvenient_bitbake::pipeline[0m[2m:[0m Recipe "gstreamer1.0-vaapi_1.20.7.bb": 1 tasks total (0 from main, 1 from includes), 3 helpers total (0 from main, 3 from includes)
[2m2025-12-06T06:29:15.591528Z[0m [32m INFO[0m [2mconvenient_bitbake::pipeline[0m[2m:[0m ✓ Extracted 1 tasks from "alsa-utils.inc" for recipe "alsa-utils-scripts_1.2.6.bb"
[2m2025-12-06T06:29:15.591869Z[0m [32m INFO[0m [2mconvenient_bitbake::pipeline[0m[2m:[0m Recipe "gst-examples_1.18.6.bb": 2 tasks total (1 from main, 1 from includes), 3 helpers total (0 from main, 3 from includes)
[2m2025-12-06T06:29:15.592783Z[0m [32m INFO[0m [2mconvenient_bitbake::pipeline[0m[2m:[0m Recipe "gstreamer1.0-libav_1.20.7.bb": 1 tasks total (0 from main, 1 from includes), 3 helpers total (0 from main, 3 from includes)
[2m2025-12-06T06:29:15.594303Z[0m [32m INFO[0m [2mconvenient_bitbake::pipeline[0m[2m:[0m ✓ Extracted 6 tasks from "ptest.bbclass" for recipe "babeltrace2_2.0.5.bb"
[2m2025-12-06T06:29:15.594492Z[0m [32m INFO[0m [2mconvenient_bitbake::pipeline[0m[2m:[0m ✓ Extracted 0 tasks from "systemd.bbclass" for recipe "kexec-tools_2.0.23.bb"
[2m2025-12-06T06:29:15.594563Z[0m [32m INFO[0m [2mconvenient_bitbake::pipeline[0m[2m:[0m Recipe "kexec-tools_2.0.23.bb": 2 tasks total (2 from main, 0 from includes), 11 helpers total (0 from main, 11 from includes)
[2m2025-12-06T06:29:15.594522Z[0m [32m INFO[0m [2mconvenient_bitbake::pipeline[0m[2m:[0m ✓ Extracted 0 tasks from "autotools.bbclass" for recipe "libsamplerate0_0.2.2.bb"
[2m2025-12-06T06:29:15.595904Z[0m [32m INFO[0m [2mconvenient_bitbake::pipeline[0m[2m:[0m ✓ Extracted 1 tasks from "meson.bbclass" for recipe "gstreamer1.0_1.20.7.bb"
[2m2025-12-06T06:29:15.596012Z[0m [32m INFO[0m [2mconvenient_bitbake::pipeline[0m[2m:[0m ✓ Extracted 0 tasks from "autotools.bbclass" for recipe "liba52_0.7.4.bb"
[2m2025-12-06T06:29:15.596064Z[0m [32m INFO[0m [2mconvenient_bitbake::pipeline[0m[2m:[0m Recipe "liba52_0.7.4.bb": 0 tasks total (0 from main, 0 from includes), 6 helpers total (0 from main, 6 from includes)
[2m2025-12-06T06:29:15.596471Z[0m [32m INFO[0m [2mconvenient_bitbake::pipeline[0m[2m:[0m Recipe "libsamplerate0_0.2.2.bb": 0 tasks total (0 from main, 0 from includes), 6 helpers total (0 from main, 6 from includes)
[2m2025-12-06T06:29:15.597915Z[0m [32m INFO[0m [2mconvenient_bitbake::pipeline[0m[2m:[0m ✓ Extracted 0 tasks from "autotools.bbclass" for recipe "libpng_1.6.39.bb"
[2m2025-12-06T06:29:15.599748Z[0m [32m INFO[0m [2mconvenient_bitbake::pipeline[0m[2m:[0m ✓ Extracted 6 tasks from "ptest.bbclass" for recipe "babeltrace_1.5.11.bb"
[2m2025-12-06T06:29:15.599786Z[0m [32m INFO[0m [2mconvenient_bitbake::pipeline[0m[2m:[0m ✓ Extracted 1 tasks from "binconfig-disabled.bbclass" for recipe "libpng_1.6.39.bb"
[2m2025-12-06T06:29:15.599797Z[0m [32m INFO[0m [2mconvenient_bitbake::pipeline[0m[2m:[0m Recipe "babeltrace_1.5.11.bb": 7 tasks total (3 from main, 4 from includes), 6 helpers total (0 from main, 6 from includes)
[2m2025-12-06T06:29:15.600539Z[0m [32m INFO[0m [2mconvenient_bitbake::pipeline[0m[2m:[0m Recipe "gstreamer1.0-python_1.20.7.bb": 1 tasks total (0 from main, 1 from includes), 3 helpers total (0 from main, 3 from includes)
[2m2025-12-06T06:29:15.602405Z[0m [32m INFO[0m [2mconvenient_bitbake::pipeline[0m[2m:[0m Recipe "babeltrace2_2.0.5.bb": 6 tasks total (2 from main, 4 from includes), 6 helpers total (0 from main, 6 from includes)
[2m2025-12-06T06:29:15.602760Z[0m [32m INFO[0m [2mconvenient_bitbake::pipeline[0m[2m:[0m ✓ Extracted 0 tasks from "autotools.bbclass" for recipe "libomxil_0.9.3.bb"
[2m2025-12-06T06:29:15.602821Z[0m [32m INFO[0m [2mconvenient_bitbake::pipeline[0m[2m:[0m Recipe "libomxil_0.9.3.bb": 0 tasks total (0 from main, 0 from includes), 6 helpers total (0 from main, 6 from includes)
[2m2025-12-06T06:29:15.605416Z[0m [32m INFO[0m [2mconvenient_bitbake::pipeline[0m[2m:[0m ✓ Extracted 0 tasks from "autotools.bbclass" for recipe "lame_3.100.bb"
[2m2025-12-06T06:29:15.605828Z[0m [32m INFO[0m [2mconvenient_bitbake::pipeline[0m[2m:[0m ✓ Extracted 0 tasks from "autotools.bbclass" for recipe "mpg123_1.29.3.bb"
[2m2025-12-06T06:29:15.606296Z[0m [32m INFO[0m [2mconvenient_bitbake::pipeline[0m[2m:[0m ✓ Extracted 0 tasks from "autotools.bbclass" for recipe "libtheora_1.1.1.bb"
[2m2025-12-06T06:29:15.606528Z[0m [32m INFO[0m [2mconvenient_bitbake::pipeline[0m[2m:[0m Recipe "lame_3.100.bb": 0 tasks total (0 from main, 0 from includes), 6 helpers total (0 from main, 6 from includes)
[2m2025-12-06T06:29:15.606988Z[0m [32m INFO[0m [2mconvenient_bitbake::pipeline[0m[2m:[0m Recipe "mpg123_1.29.3.bb": 0 tasks total (0 from main, 0 from includes), 6 helpers total (0 from main, 6 from includes)
[2m2025-12-06T06:29:15.607405Z[0m [32m INFO[0m [2mconvenient_bitbake::pipeline[0m[2m:[0m Recipe "libtheora_1.1.1.bb": 0 tasks total (0 from main, 0 from includes), 6 helpers total (0 from main, 6 from includes)
[2m2025-12-06T06:29:15.608097Z[0m [32m INFO[0m [2mconvenient_bitbake::pipeline[0m[2m:[0m ✓ Extracted 0 tasks from "autotools.bbclass" for recipe "speex_1.2.0.bb"
[2m2025-12-06T06:29:15.609378Z[0m [32m INFO[0m [2mconvenient_bitbake::pipeline[0m[2m:[0m Recipe "gstreamer1.0_1.20.7.bb": 1 tasks total (0 from main, 1 from includes), 3 helpers total (0 from main, 3 from includes)
[2m2025-12-06T06:29:15.609718Z[0m [32m INFO[0m [2mconvenient_bitbake::pipeline[0m[2m:[0m Recipe "gstreamer1.0-rtsp-server_1.20.7.bb": 1 tasks total (0 from main, 1 from includes), 3 helpers total (0 from main, 3 from includes)
[2m2025-12-06T06:29:15.609926Z[0m [32m INFO[0m [2mconvenient_bitbake::pipeline[0m[2m:[0m ✓ Extracted 0 tasks from "useradd.bbclass" for recipe "lttng-tools_2.13.9.bb"
[2m2025-12-06T06:29:15.610236Z[0m [32m INFO[0m [2mconvenient_bitbake::pipeline[0m[2m:[0m ✓ Extracted 0 tasks from "autotools.bbclass" for recipe "libvorbis_1.3.7.bb"
[2m2025-12-06T06:29:15.611014Z[0m [32m INFO[0m [2mconvenient_bitbake::pipeline[0m[2m:[0m ✓ Extracted 0 tasks from "systemd.bbclass" for recipe "systemtap_git.bb"
[2m2025-12-06T06:29:15.611137Z[0m [32m INFO[0m [2mconvenient_bitbake::pipeline[0m[2m:[0m ✓ Extracted 0 tasks from "autotools.bbclass" for recipe "libwebp_1.2.4.bb"
[2m2025-12-06T06:29:15.611650Z[0m [32m INFO[0m [2mconvenient_bitbake::pipeline[0m[2m:[0m Recipe "speex_1.2.0.bb": 0 tasks total (0 from main, 0 from includes), 6 helpers total (0 from main, 6 from includes)
[2m2025-12-06T06:29:15.612046Z[0m [32m INFO[0m [2mconvenient_bitbake::pipeline[0m[2m:[0m Recipe "kmod_29.bb": 2 tasks total (1 from main, 1 from includes), 6 helpers total (0 from main, 6 from includes)
[2m2025-12-06T06:29:15.612464Z[0m [32m INFO[0m [2mconvenient_bitbake::pipeline[0m[2m:[0m ✓ Extracted 6 tasks from "ptest.bbclass" for recipe "libpng_1.6.39.bb"
[2m2025-12-06T06:29:15.612521Z[0m [32m INFO[0m [2mconvenient_bitbake::pipeline[0m[2m:[0m Recipe "libpng_1.6.39.bb": 7 tasks total (1 from main, 6 from includes), 7 helpers total (0 from main, 7 from includes)
[2m2025-12-06T06:29:15.615859Z[0m [32m INFO[0m [2mconvenient_bitbake::pipeline[0m[2m:[0m Recipe "libvorbis_1.3.7.bb": 0 tasks total (0 from main, 0 from includes), 6 helpers total (0 from main, 6 from includes)
[2m2025-12-06T06:29:15.616552Z[0m [32m INFO[0m [2mconvenient_bitbake::pipeline[0m[2m:[0m Recipe "systemtap_git.bb": 2 tasks total (2 from main, 0 from includes), 8 helpers total (0 from main, 8 from includes)
[2m2025-12-06T06:29:15.617723Z[0m [32m INFO[0m [2mconvenient_bitbake::pipeline[0m[2m:[0m ✓ Extracted 1 tasks from "kernel.bbclass" for recipe "linux-yocto-dev.bb"
[2m2025-12-06T06:29:15.617863Z[0m [32m INFO[0m [2mconvenient_bitbake::pipeline[0m[2m:[0m ✓ Extracted 0 tasks from "autotools.bbclass" for recipe "matchbox-desktop_2.2.bb"
[2m2025-12-06T06:29:15.618289Z[0m [32m INFO[0m [2mconvenient_bitbake::pipeline[0m[2m:[0m ✓ Extracted 0 tasks from "autotools.bbclass" for recipe "l3afpad_git.bb"
[2m2025-12-06T06:29:15.619119Z[0m [32m INFO[0m [2mconvenient_bitbake::pipeline[0m[2m:[0m ✓ Extracted 3 tasks from "rxvt-unicode.inc" for recipe "rxvt-unicode_9.30.bb"
[2m2025-12-06T06:29:15.619165Z[0m [32m INFO[0m [2mconvenient_bitbake::pipeline[0m[2m:[0m Recipe "rxvt-unicode_9.30.bb": 3 tasks total (0 from main, 3 from includes), 0 helpers total (0 from main, 0 from includes)
[2m2025-12-06T06:29:15.619256Z[0m [32m INFO[0m [2mconvenient_bitbake::pipeline[0m[2m:[0m ✓ Extracted 0 tasks from "autotools.bbclass" for recipe "mpeg2dec_0.5.1.bb"
[2m2025-12-06T06:29:15.620620Z[0m [32m INFO[0m [2mconvenient_bitbake::pipeline[0m[2m:[0m Recipe "mpeg2dec_0.5.1.bb": 0 tasks total (0 from main, 0 from includes), 6 helpers total (0 from main, 6 from includes)
[2m2025-12-06T06:29:15.620766Z[0m [32m INFO[0m [2mconvenient_bitbake::pipeline[0m[2m:[0m ✓ Extracted 0 tasks from "autotools.bbclass" for recipe "ffmpeg_5.0.3.bb"
[2m2025-12-06T06:29:15.621955Z[0m [32m INFO[0m [2mconvenient_bitbake::pipeline[0m[2m:[0m Recipe "libwebp_1.2.4.bb": 0 tasks total (0 from main, 0 from includes), 6 helpers total (0 from main, 6 from includes)
[2m2025-12-06T06:29:15.622552Z[0m [32m INFO[0m [2mconvenient_bitbake::pipeline[0m[2m:[0m Recipe "matchbox-desktop_2.2.bb": 1 tasks total (1 from main, 0 from includes), 6 helpers total (0 from main, 6 from includes)
[2m2025-12-06T06:29:15.623370Z[0m [32m INFO[0m [2mconvenient_bitbake::pipeline[0m[2m:[0m Recipe "ffmpeg_5.0.3.bb": 1 tasks total (1 from main, 0 from includes), 6 helpers total (0 from main, 6 from includes)
[2m2025-12-06T06:29:15.623434Z[0m [32m INFO[0m [2mconvenient_bitbake::pipeline[0m[2m:[0m ✓ Extracted 0 tasks from "cmake.bbclass" for recipe "puzzles_git.bb"
[2m2025-12-06T06:29:15.624736Z[0m [32m INFO[0m [2mconvenient_bitbake::pipeline[0m[2m:[0m ✓ Extracted 0 tasks from "autotools.bbclass" for recipe "matchbox-config-gtk_0.2.bb"
[2m2025-12-06T06:29:15.624957Z[0m [32m INFO[0m [2mconvenient_bitbake::pipeline[0m[2m:[0m ✓ Extracted 0 tasks from "cmake.bbclass" for recipe "libptytty_2.0.bb"
[2m2025-12-06T06:29:15.624994Z[0m [32m INFO[0m [2mconvenient_bitbake::pipeline[0m[2m:[0m Recipe "libptytty_2.0.bb": 0 tasks total (0 from main, 0 from includes), 6 helpers total (0 from main, 6 from includes)
[2m2025-12-06T06:29:15.626004Z[0m [32m INFO[0m [2mconvenient_bitbake::pipeline[0m[2m:[0m ✓ Extracted 0 tasks from "autotools.bbclass" for recipe "libsndfile1_1.0.31.bb"
[2m2025-12-06T06:29:15.626751Z[0m [32m INFO[0m [2mconvenient_bitbake::pipeline[0m[2m:[0m ✓ Extracted 0 tasks from "autotools.bbclass" for recipe "matchbox-panel-2_2.11.bb"
[2m2025-12-06T06:29:15.627523Z[0m [32m INFO[0m [2mconvenient_bitbake::pipeline[0m[2m:[0m ✓ Extracted 2 tasks from "linux-yocto.inc" for recipe "linux-yocto-dev.bb"
[2m2025-12-06T06:29:15.628638Z[0m [32m INFO[0m [2mconvenient_bitbake::pipeline[0m[2m:[0m ✓ Extracted 0 tasks from "autotools.bbclass" for recipe "settings-daemon_0.0.2.bb"
[2m2025-12-06T06:29:15.629200Z[0m [32m INFO[0m [2mconvenient_bitbake::pipeline[0m[2m:[0m ✓ Extracted 0 tasks from "autotools.bbclass" for recipe "argp-standalone_1.3.bb"
[2m2025-12-06T06:29:15.677865Z[0m [32m INFO[0m [2mconvenient_bitbake::pipeline[0m[2m:[0m ✓ Extracted 0 tasks from "autotools.bbclass" for recipe "matchbox-terminal_0.2.bb"
[2m2025-12-06T06:29:15.678046Z[0m [32m INFO[0m [2mconvenient_bitbake::pipeline[0m[2m:[0m Recipe "argp-standalone_1.3.bb": 1 tasks total (1 from main, 0 from includes), 6 helpers total (0 from main, 6 from includes)
[2m2025-12-06T06:29:15.678259Z[0m [32m INFO[0m [2mconvenient_bitbake::pipeline[0m[2m:[0m ✗ Include file not found: recipes-kernel/linux/linux-yocto-dev-revisions.inc (recipe: "linux-yocto-dev.bb")
[2m2025-12-06T06:29:15.678369Z[0m [32m INFO[0m [2mconvenient_bitbake::pipeline[0m[2m:[0m Recipe "linux-yocto-dev.bb": 3 tasks total (0 from main, 3 from includes), 1 helpers total (0 from main, 1 from includes)
[2m2025-12-06T06:29:15.679265Z[0m [32m INFO[0m [2mconvenient_bitbake::pipeline[0m[2m:[0m ✓ Extracted 1 tasks from "meson.bbclass" for recipe "wpebackend-fdo_1.14.2.bb"
[2m2025-12-06T06:29:15.679579Z[0m [32m INFO[0m [2mconvenient_bitbake::pipeline[0m[2m:[0m ✓ Extracted 0 tasks from "autotools.bbclass" for recipe "speexdsp_1.2.0.bb"
[2m2025-12-06T06:29:15.679826Z[0m [32m INFO[0m [2mconvenient_bitbake::pipeline[0m[2m:[0m Recipe "powertop_2.14.bb": 0 tasks total (0 from main, 0 from includes), 6 helpers total (0 from main, 6 from includes)
[2m2025-12-06T06:29:15.680560Z[0m [32m INFO[0m [2mconvenient_bitbake::pipeline[0m[2m:[0m ✓ Extracted 0 tasks from "autotools.bbclass" for recipe "sbc_1.5.bb"
[2m2025-12-06T06:29:15.681599Z[0m [32m INFO[0m [2mconvenient_bitbake::pipeline[0m[2m:[0m ✓ Extracted 1 tasks from "gnomebase.bbclass" for recipe "at-spi2-atk_2.38.0.bb"
[2m2025-12-06T06:29:15.682317Z[0m [32m INFO[0m [2mconvenient_bitbake::pipeline[0m[2m:[0m Recipe "speexdsp_1.2.0.bb": 0 tasks total (0 from main, 0 from includes), 6 helpers total (0 from main, 6 from includes)
[2m2025-12-06T06:29:15.682635Z[0m [32m INFO[0m [2mconvenient_bitbake::pipeline[0m[2m:[0m Recipe "puzzles_git.bb": 1 tasks total (1 from main, 0 from includes), 6 helpers total (0 from main, 6 from includes)
[2m2025-12-06T06:29:15.682767Z[0m [32m INFO[0m [2mconvenient_bitbake::pipeline[0m[2m:[0m Recipe "sbc_1.5.bb": 0 tasks total (0 from main, 0 from includes), 6 helpers total (0 from main, 6 from includes)
[2m2025-12-06T06:29:15.683387Z[0m [32m INFO[0m [2mconvenient_bitbake::pipeline[0m[2m:[0m ✓ Extracted 0 tasks from "autotools.bbclass" for recipe "sato-screenshot_0.3.bb"
[2m2025-12-06T06:29:15.683616Z[0m [32m INFO[0m [2mconvenient_bitbake::pipeline[0m[2m:[0m ✓ Extracted 6 tasks from "ptest.bbclass" for recipe "rt-tests_git.bb"
[2m2025-12-06T06:29:15.683669Z[0m [32m INFO[0m [2mconvenient_bitbake::pipeline[0m[2m:[0m Recipe "rt-tests_git.bb": 7 tasks total (2 from main, 5 from includes), 0 helpers total (0 from main, 0 from includes)
[2m2025-12-06T06:29:15.683750Z[0m [32m INFO[0m [2mconvenient_bitbake::pipeline[0m[2m:[0m ✓ Extracted 0 tasks from "mime-xdg.bbclass" for recipe "l3afpad_git.bb"
[2m2025-12-06T06:29:15.683793Z[0m [32m INFO[0m [2mconvenient_bitbake::pipeline[0m[2m:[0m Recipe "at-spi2-atk_2.38.0.bb": 1 tasks total (0 from main, 1 from includes), 0 helpers total (0 from main, 0 from includes)
[2m2025-12-06T06:29:15.683833Z[0m [32m INFO[0m [2mconvenient_bitbake::pipeline[0m[2m:[0m Recipe "l3afpad_git.bb": 0 tasks total (0 from main, 0 from includes), 8 helpers total (0 from main, 8 from includes)
[2m2025-12-06T06:29:15.684907Z[0m [32m INFO[0m [2mconvenient_bitbake::pipeline[0m[2m:[0m Recipe "matchbox-terminal_0.2.bb": 0 tasks total (0 from main, 0 from includes), 6 helpers total (0 from main, 6 from includes)
[2m2025-12-06T06:29:15.685032Z[0m [32m INFO[0m [2mconvenient_bitbake::pipeline[0m[2m:[0m ✓ Extracted 0 tasks from "multilib_header.bbclass" for recipe "libsndfile1_1.0.31.bb"
[2m2025-12-06T06:29:15.685073Z[0m [32m INFO[0m [2mconvenient_bitbake::pipeline[0m[2m:[0m Recipe "libsndfile1_1.0.31.bb": 1 tasks total (1 from main, 0 from includes), 7 helpers total (0 from main, 7 from includes)
[2m2025-12-06T06:29:15.685264Z[0m [32m INFO[0m [2mconvenient_bitbake::pipeline[0m[2m:[0m ✓ Extracted 0 tasks from "autotools.bbclass" for recipe "matchbox-keyboard_0.1.1.bb"
[2m2025-12-06T06:29:15.685395Z[0m [32m INFO[0m [2mconvenient_bitbake::pipeline[0m[2m:[0m ✓ Extracted 1 tasks from "attr.inc" for recipe "attr_2.5.1.bb"
[2m2025-12-06T06:29:15.685431Z[0m [32m INFO[0m [2mconvenient_bitbake::pipeline[0m[2m:[0m Recipe "attr_2.5.1.bb": 1 tasks total (0 from main, 1 from includes), 0 helpers total (0 from main, 0 from includes)
[2m2025-12-06T06:29:15.686204Z[0m [32m INFO[0m [2mconvenient_bitbake::pipeline[0m[2m:[0m Recipe "matchbox-panel-2_2.11.bb": 0 tasks total (0 from main, 0 from includes), 6 helpers total (0 from main, 6 from includes)
[2m2025-12-06T06:29:15.687691Z[0m [32m INFO[0m [2mconvenient_bitbake::pipeline[0m[2m:[0m ✓ Extracted 0 tasks from "systemd.bbclass" for recipe "lttng-tools_2.13.9.bb"
[2m2025-12-06T06:29:15.687745Z[0m [32m INFO[0m [2mconvenient_bitbake::pipeline[0m[2m:[0m Recipe "lttng-tools_2.13.9.bb": 7 tasks total (2 from main, 5 from includes), 10 helpers total (0 from main, 10 from includes)
[2m2025-12-06T06:29:15.688537Z[0m [32m INFO[0m [2mconvenient_bitbake::pipeline[0m[2m:[0m ✓ Extracted 1 tasks from "gnomebase.bbclass" for recipe "atk_2.38.0.bb"
[2m2025-12-06T06:29:15.688884Z[0m [32m INFO[0m [2mconvenient_bitbake::pipeline[0m[2m:[0m ✓ Extracted 2 tasks from "pulseaudio.inc" for recipe "pulseaudio_15.0.bb"
[2m2025-12-06T06:29:15.688932Z[0m [32m INFO[0m [2mconvenient_bitbake::pipeline[0m[2m:[0m Recipe "pulseaudio_15.0.bb": 2 tasks total (0 from main, 2 from includes), 1 helpers total (0 from main, 1 from includes)
[2m2025-12-06T06:29:15.689572Z[0m [32m INFO[0m [2mconvenient_bitbake::pipeline[0m[2m:[0m Recipe "wpebackend-fdo_1.14.2.bb": 1 tasks total (0 from main, 1 from includes), 3 helpers total (0 from main, 3 from includes)
[2m2025-12-06T06:29:15.689641Z[0m [32m INFO[0m [2mconvenient_bitbake::pipeline[0m[2m:[0m ✓ Extracted 0 tasks from "gconf.bbclass" for recipe "settings-daemon_0.0.2.bb"
[2m2025-12-06T06:29:15.690215Z[0m [32m INFO[0m [2mconvenient_bitbake::pipeline[0m[2m:[0m ✓ Extracted 0 tasks from "autotools.bbclass" for recipe "apr-util_1.6.3.bb"
[2m2025-12-06T06:29:15.691788Z[0m [32m INFO[0m [2mconvenient_bitbake::pipeline[0m[2m:[0m ✓ Extracted 1 tasks from "binconfig-disabled.bbclass" for recipe "aspell_0.60.8.bb"
[2m2025-12-06T06:29:15.691832Z[0m [32m INFO[0m [2mconvenient_bitbake::pipeline[0m[2m:[0m Recipe "aspell_0.60.8.bb": 1 tasks total (0 from main, 1 from includes), 1 helpers total (0 from main, 1 from includes)
[2m2025-12-06T06:29:15.692632Z[0m [32m INFO[0m [2mconvenient_bitbake::pipeline[0m[2m:[0m ✓ Extracted 0 tasks from "cmake.bbclass" for recipe "libwpe_1.12.3.bb"
[2m2025-12-06T06:29:15.694241Z[0m [32m INFO[0m [2mconvenient_bitbake::pipeline[0m[2m:[0m ✓ Extracted 0 tasks from "setuptools3.bbclass" for recipe "diffoscope_208.bb"
[2m2025-12-06T06:29:15.694246Z[0m [32m INFO[0m [2mconvenient_bitbake::pipeline[0m[2m:[0m ✓ Extracted 0 tasks from "autotools.bbclass" for recipe "pcmanfm_1.3.2.bb"
[2m2025-12-06T06:29:15.694279Z[0m [32m INFO[0m [2mconvenient_bitbake::pipeline[0m[2m:[0m Recipe "diffoscope_208.bb": 0 tasks total (0 from main, 0 from includes), 3 helpers total (0 from main, 3 from includes)
[2m2025-12-06T06:29:15.694508Z[0m [32m INFO[0m [2mconvenient_bitbake::pipeline[0m[2m:[0m Recipe "settings-daemon_0.0.2.bb": 1 tasks total (1 from main, 0 from includes), 8 helpers total (0 from main, 8 from includes)
[2m2025-12-06T06:29:15.694944Z[0m [32m INFO[0m [2mconvenient_bitbake::pipeline[0m[2m:[0m ✓ Extracted 0 tasks from "gtk-immodules-cache.bbclass" for recipe "matchbox-keyboard_0.1.1.bb"
[2m2025-12-06T06:29:15.695384Z[0m [32m INFO[0m [2mconvenient_bitbake::pipeline[0m[2m:[0m ✓ Extracted 0 tasks from "setuptools3.bbclass" for recipe "bmap-tools_git.bb"
[2m2025-12-06T06:29:15.695471Z[0m [32m INFO[0m [2mconvenient_bitbake::pipeline[0m[2m:[0m Recipe "bmap-tools_git.bb": 0 tasks total (0 from main, 0 from includes), 3 helpers total (0 from main, 3 from includes)
[2m2025-12-06T06:29:15.695729Z[0m [32m INFO[0m [2mconvenient_bitbake::pipeline[0m[2m:[0m ✓ Extracted 0 tasks from "binconfig.bbclass" for recipe "apr-util_1.6.3.bb"
[2m2025-12-06T06:29:15.696024Z[0m [32m INFO[0m [2mconvenient_bitbake::pipeline[0m[2m:[0m ✓ Extracted 0 tasks from "autotools.bbclass" for recipe "bash-completion_2.11.bb"
[2m2025-12-06T06:29:15.696057Z[0m [32m INFO[0m [2mconvenient_bitbake::pipeline[0m[2m:[0m Recipe "sato-screenshot_0.3.bb": 1 tasks total (1 from main, 0 from includes), 6 helpers total (0 from main, 6 from includes)
[2m2025-12-06T06:29:15.696088Z[0m [32m INFO[0m [2mconvenient_bitbake::pipeline[0m[2m:[0m Recipe "bash-completion_2.11.bb": 1 tasks total (1 from main, 0 from includes), 6 helpers total (0 from main, 6 from includes)
[2m2025-12-06T06:29:15.696191Z[0m [32m INFO[0m [2mconvenient_bitbake::pipeline[0m[2m:[0m ✓ Extracted 0 tasks from "autotools.bbclass" for recipe "tiff_4.3.0.bb"
[2m2025-12-06T06:29:15.696580Z[0m [32m INFO[0m [2mconvenient_bitbake::pipeline[0m[2m:[0m Recipe "matchbox-config-gtk_0.2.bb": 0 tasks total (0 from main, 0 from includes), 6 helpers total (0 from main, 6 from includes)
[2m2025-12-06T06:29:15.697135Z[0m [32m INFO[0m [2mconvenient_bitbake::pipeline[0m[2m:[0m ✓ Extracted 0 tasks from "binconfig.bbclass" for recipe "apr_1.7.5.bb"
[2m2025-12-06T06:29:15.698524Z[0m [32m INFO[0m [2mconvenient_bitbake::pipeline[0m[2m:[0m ✓ Extracted 0 tasks from "multilib_script.bbclass" for recipe "apr-util_1.6.3.bb"
[2m2025-12-06T06:29:15.698774Z[0m [32m INFO[0m [2mconvenient_bitbake::pipeline[0m[2m:[0m ✓ Extracted 1 tasks from "gtk-doc.bbclass" for recipe "atk_2.38.0.bb"
[2m2025-12-06T06:29:15.698817Z[0m [32m INFO[0m [2mconvenient_bitbake::pipeline[0m[2m:[0m ✓ Extracted 0 tasks from "autotools.bbclass" for recipe "db_5.3.28.bb"
[2m2025-12-06T06:29:15.698972Z[0m [32m INFO[0m [2mconvenient_bitbake::pipeline[0m[2m:[0m ✓ Extracted 0 tasks from "multilib_header.bbclass" for recipe "apr_1.7.5.bb"
[2m2025-12-06T06:29:15.699693Z[0m [32m INFO[0m [2mconvenient_bitbake::pipeline[0m[2m:[0m ✓ Extracted 0 tasks from "multilib_header.bbclass" for recipe "tiff_4.3.0.bb"
[2m2025-12-06T06:29:15.699731Z[0m [32m INFO[0m [2mconvenient_bitbake::pipeline[0m[2m:[0m Recipe "tiff_4.3.0.bb": 1 tasks total (1 from main, 0 from includes), 7 helpers total (0 from main, 7 from includes)
[2m2025-12-06T06:29:15.700980Z[0m [32m INFO[0m [2mconvenient_bitbake::pipeline[0m[2m:[0m Recipe "db_5.3.28.bb": 2 tasks total (2 from main, 0 from includes), 6 helpers total (0 from main, 6 from includes)
[2m2025-12-06T06:29:15.702227Z[0m [32m INFO[0m [2mconvenient_bitbake::pipeline[0m[2m:[0m Recipe "libwpe_1.12.3.bb": 0 tasks total (0 from main, 0 from includes), 6 helpers total (0 from main, 6 from includes)
[2m2025-12-06T06:29:15.702211Z[0m [32m INFO[0m [2mconvenient_bitbake::pipeline[0m[2m:[0m ✓ Extracted 0 tasks from "autotools.bbclass" for recipe "consolekit_0.4.6.bb"
[2m2025-12-06T06:29:15.702252Z[0m [32m INFO[0m [2mconvenient_bitbake::pipeline[0m[2m:[0m ✓ Extracted 1 tasks from "meson.bbclass" for recipe "at-spi2-core_2.42.0.bb"
[2m2025-12-06T06:29:15.702993Z[0m [32m INFO[0m [2mconvenient_bitbake::pipeline[0m[2m:[0m ✓ Extracted 0 tasks from "autotools.bbclass" for recipe "libtasn1_4.20.0.bb"
[2m2025-12-06T06:29:15.704273Z[0m [32m INFO[0m [2mconvenient_bitbake::pipeline[0m[2m:[0m ✓ Extracted 0 tasks from "autotools.bbclass" for recipe "gnupg_2.3.7.bb"
[2m2025-12-06T06:29:15.704489Z[0m [32m INFO[0m [2mconvenient_bitbake::pipeline[0m[2m:[0m ✓ Extracted 0 tasks from "autotools.bbclass" for recipe "itstool_2.0.7.bb"
[2m2025-12-06T06:29:15.704494Z[0m [32m INFO[0m [2mconvenient_bitbake::pipeline[0m[2m:[0m ✓ Extracted 0 tasks from "cmake.bbclass" for recipe "webkitgtk_2.36.8.bb"
[2m2025-12-06T06:29:15.704966Z[0m [32m INFO[0m [2mconvenient_bitbake::pipeline[0m[2m:[0m ✓ Extracted 0 tasks from "autotools.bbclass" for recipe "acl_2.3.1.bb"
[2m2025-12-06T06:29:15.707396Z[0m [32m INFO[0m [2mconvenient_bitbake::pipeline[0m[2m:[0m Recipe "itstool_2.0.7.bb": 0 tasks total (0 from main, 0 from includes), 6 helpers total (0 from main, 6 from includes)
[2m2025-12-06T06:29:15.708963Z[0m [32m INFO[0m [2mconvenient_bitbake::pipeline[0m[2m:[0m ✓ Extracted 0 tasks from "autotools.bbclass" for recipe "enchant2_2.3.2.bb"
[2m2025-12-06T06:29:15.709773Z[0m [32m INFO[0m [2mconvenient_bitbake::pipeline[0m[2m:[0m ✓ Extracted 0 tasks from "autotools.bbclass" for recipe "iso-codes_4.15.0.bb"
[2m2025-12-06T06:29:15.709826Z[0m [32m INFO[0m [2mconvenient_bitbake::pipeline[0m[2m:[0m Recipe "iso-codes_4.15.0.bb": 0 tasks total (0 from main, 0 from includes), 6 helpers total (0 from main, 6 from includes)
[2m2025-12-06T06:29:15.709872Z[0m [32m INFO[0m [2mconvenient_bitbake::pipeline[0m[2m:[0m ✓ Extracted 6 tasks from "ptest.bbclass" for recipe "apr-util_1.6.3.bb"
[2m2025-12-06T06:29:15.709934Z[0m [32m INFO[0m [2mconvenient_bitbake::pipeline[0m[2m:[0m Recipe "apr-util_1.6.3.bb": 7 tasks total (3 from main, 4 from includes), 9 helpers total (0 from main, 9 from includes)
[2m2025-12-06T06:29:15.710632Z[0m [32m INFO[0m [2mconvenient_bitbake::pipeline[0m[2m:[0m Recipe "enchant2_2.3.2.bb": 0 tasks total (0 from main, 0 from includes), 6 helpers total (0 from main, 6 from includes)
[2m2025-12-06T06:29:15.710706Z[0m [32m INFO[0m [2mconvenient_bitbake::pipeline[0m[2m:[0m ✓ Extracted 1 tasks from "meson.bbclass" for recipe "fribidi_1.0.13.bb"
[2m2025-12-06T06:29:15.710985Z[0m [32m INFO[0m [2mconvenient_bitbake::pipeline[0m[2m:[0m ✓ Extracted 0 tasks from "autotools.bbclass" for recipe "libatomic-ops_7.6.14.bb"
[2m2025-12-06T06:29:15.711897Z[0m [32m INFO[0m [2mconvenient_bitbake::pipeline[0m[2m:[0m ✓ Extracted 0 tasks from "autotools.bbclass" for recipe "debianutils_5.7.bb"
[2m2025-12-06T06:29:15.712305Z[0m [32m INFO[0m [2mconvenient_bitbake::pipeline[0m[2m:[0m ✓ Extracted 0 tasks from "autotools.bbclass" for recipe "gdbm_1.23.bb"
[2m2025-12-06T06:29:15.712368Z[0m [32m INFO[0m [2mconvenient_bitbake::pipeline[0m[2m:[0m Recipe "matchbox-keyboard_0.1.1.bb": 1 tasks total (1 from main, 0 from includes), 8 helpers total (0 from main, 8 from includes)
[2m2025-12-06T06:29:15.712489Z[0m [32m INFO[0m [2mconvenient_bitbake::pipeline[0m[2m:[0m Recipe "libatomic-ops_7.6.14.bb": 0 tasks total (0 from main, 0 from includes), 6 helpers total (0 from main, 6 from includes)
[2m2025-12-06T06:29:15.712557Z[0m [32m INFO[0m [2mconvenient_bitbake::pipeline[0m[2m:[0m   Progress: 800/884 recipes parsed (90.5%)
[2m2025-12-06T06:29:15.713073Z[0m [32m INFO[0m [2mconvenient_bitbake::pipeline[0m[2m:[0m ✓ Extracted 0 tasks from "autotools.bbclass" for recipe "gnome-desktop-testing_2021.1.bb"
[2m2025-12-06T06:29:15.713123Z[0m [32m INFO[0m [2mconvenient_bitbake::pipeline[0m[2m:[0m Recipe "consolekit_0.4.6.bb": 1 tasks total (1 from main, 0 from includes), 6 helpers total (0 from main, 6 from includes)
[2m2025-12-06T06:29:15.713279Z[0m [32m INFO[0m [2mconvenient_bitbake::pipeline[0m[2m:[0m ✓ Extracted 1 tasks from "gtk-doc.bbclass" for recipe "at-spi2-core_2.42.0.bb"
[2m2025-12-06T06:29:15.713891Z[0m [32m INFO[0m [2mconvenient_bitbake::pipeline[0m[2m:[0m Recipe "fribidi_1.0.13.bb": 1 tasks total (0 from main, 1 from includes), 3 helpers total (0 from main, 3 from includes)
[2m2025-12-06T06:29:15.714203Z[0m [32m INFO[0m [2mconvenient_bitbake::pipeline[0m[2m:[0m ✓ Extracted 1 tasks from "gnomebase.bbclass" for recipe "libcroco_0.6.13.bb"
[2m2025-12-06T06:29:15.714272Z[0m [32m INFO[0m [2mconvenient_bitbake::pipeline[0m[2m:[0m Recipe "gnome-desktop-testing_2021.1.bb": 0 tasks total (0 from main, 0 from includes), 6 helpers total (0 from main, 6 from includes)
[2m2025-12-06T06:29:15.714783Z[0m [32m INFO[0m [2mconvenient_bitbake::pipeline[0m[2m:[0m ✓ Extracted 6 tasks from "ptest.bbclass" for recipe "apr_1.7.5.bb"
[2m2025-12-06T06:29:15.716635Z[0m [32m INFO[0m [2mconvenient_bitbake::pipeline[0m[2m:[0m ✓ Extracted 1 tasks from "gtk-doc.bbclass" for recipe "libtasn1_4.20.0.bb"
[2m2025-12-06T06:29:15.716651Z[0m [32m INFO[0m [2mconvenient_bitbake::pipeline[0m[2m:[0m Recipe "atk_2.38.0.bb": 2 tasks total (0 from main, 2 from includes), 0 helpers total (0 from main, 0 from includes)
[2m2025-12-06T06:29:15.716688Z[0m [32m INFO[0m [2mconvenient_bitbake::pipeline[0m[2m:[0m Recipe "libtasn1_4.20.0.bb": 1 tasks total (0 from main, 1 from includes), 6 helpers total (0 from main, 6 from includes)
[2m2025-12-06T06:29:15.717128Z[0m [32m INFO[0m [2mconvenient_bitbake::pipeline[0m[2m:[0m ✓ Extracted 6 tasks from "ptest.bbclass" for recipe "acl_2.3.1.bb"
[2m2025-12-06T06:29:15.717175Z[0m [32m INFO[0m [2mconvenient_bitbake::pipeline[0m[2m:[0m Recipe "acl_2.3.1.bb": 6 tasks total (2 from main, 4 from includes), 6 helpers total (0 from main, 6 from includes)
[2m2025-12-06T06:29:15.717446Z[0m [32m INFO[0m [2mconvenient_bitbake::pipeline[0m[2m:[0m ✓ Extracted 0 tasks from "multilib_script.bbclass" for recipe "apr_1.7.5.bb"
[2m2025-12-06T06:29:15.717498Z[0m [32m INFO[0m [2mconvenient_bitbake::pipeline[0m[2m:[0m Recipe "apr_1.7.5.bb": 8 tasks total (5 from main, 3 from includes), 5 helpers total (1 from main, 4 from includes)
[2m2025-12-06T06:29:15.717568Z[0m [32m INFO[0m [2mconvenient_bitbake::pipeline[0m[2m:[0m ✓ Extracted 0 tasks from "autotools.bbclass" for recipe "libassuan_2.5.6.bb"
[2m2025-12-06T06:29:15.717956Z[0m [32m INFO[0m [2mconvenient_bitbake::pipeline[0m[2m:[0m ✓ Extracted 3 tasks from "boost.inc" for recipe "boost_1.78.0.bb"
[2m2025-12-06T06:29:15.718002Z[0m [32m INFO[0m [2mconvenient_bitbake::pipeline[0m[2m:[0m Recipe "boost_1.78.0.bb": 3 tasks total (0 from main, 3 from includes), 0 helpers total (0 from main, 0 from includes)
[2m2025-12-06T06:29:15.719715Z[0m [32m INFO[0m [2mconvenient_bitbake::pipeline[0m[2m:[0m ✓ Extracted 1 tasks from "gtk-doc.bbclass" for recipe "libcroco_0.6.13.bb"
[2m2025-12-06T06:29:15.719932Z[0m [32m INFO[0m [2mconvenient_bitbake::pipeline[0m[2m:[0m ✓ Extracted 0 tasks from "autotools.bbclass" for recipe "gpgme_1.17.1.bb"
[2m2025-12-06T06:29:15.721138Z[0m [32m INFO[0m [2mconvenient_bitbake::pipeline[0m[2m:[0m Recipe "gnupg_2.3.7.bb": 2 tasks total (2 from main, 0 from includes), 7 helpers total (1 from main, 6 from includes)
[2m2025-12-06T06:29:15.721988Z[0m [32m INFO[0m [2mconvenient_bitbake::pipeline[0m[2m:[0m ✓ Extracted 1 tasks from "binconfig-disabled.bbclass" for recipe "libassuan_2.5.6.bb"
[2m2025-12-06T06:29:15.722043Z[0m [32m INFO[0m [2mconvenient_bitbake::pipeline[0m[2m:[0m ✓ Extracted 0 tasks from "autotools.bbclass" for recipe "libcap-ng_0.8.2.bb"
[2m2025-12-06T06:29:15.722163Z[0m [32m INFO[0m [2mconvenient_bitbake::pipeline[0m[2m:[0m Recipe "libcap-ng_0.8.2.bb": 1 tasks total (1 from main, 0 from includes), 6 helpers total (0 from main, 6 from includes)
[2m2025-12-06T06:29:15.722395Z[0m [32m INFO[0m [2mconvenient_bitbake::pipeline[0m[2m:[0m ✓ Extracted 1 tasks from "binconfig-disabled.bbclass" for recipe "libcroco_0.6.13.bb"
[2m2025-12-06T06:29:15.722501Z[0m [32m INFO[0m [2mconvenient_bitbake::pipeline[0m[2m:[0m Recipe "libcroco_0.6.13.bb": 3 tasks total (0 from main, 3 from includes), 1 helpers total (0 from main, 1 from includes)
[2m2025-12-06T06:29:15.722943Z[0m [32m INFO[0m [2mconvenient_bitbake::pipeline[0m[2m:[0m ✓ Extracted 0 tasks from "autotools.bbclass" for recipe "gnutls_3.7.4.bb"
[2m2025-12-06T06:29:15.724241Z[0m [32m INFO[0m [2mconvenient_bitbake::pipeline[0m[2m:[0m ✓ Extracted 0 tasks from "mime-xdg.bbclass" for recipe "pcmanfm_1.3.2.bb"
[2m2025-12-06T06:29:15.724269Z[0m [32m INFO[0m [2mconvenient_bitbake::pipeline[0m[2m:[0m ✓ Extracted 0 tasks from "autotools.bbclass" for recipe "libcap-ng-python_0.8.2.bb"
[2m2025-12-06T06:29:15.724380Z[0m [32m INFO[0m [2mconvenient_bitbake::pipeline[0m[2m:[0m Recipe "pcmanfm_1.3.2.bb": 1 tasks total (1 from main, 0 from includes), 8 helpers total (0 from main, 8 from includes)
[2m2025-12-06T06:29:15.724939Z[0m [32m INFO[0m [2mconvenient_bitbake::pipeline[0m[2m:[0m ✓ Extracted 0 tasks from "autotools.bbclass" for recipe "curl_7.82.0.bb"
[2m2025-12-06T06:29:15.725247Z[0m [32m INFO[0m [2mconvenient_bitbake::pipeline[0m[2m:[0m ✓ Extracted 0 tasks from "autotools.bbclass" for recipe "libffi_3.4.4.bb"
[2m2025-12-06T06:29:15.725500Z[0m [32m INFO[0m [2mconvenient_bitbake::pipeline[0m[2m:[0m ✓ Extracted 1 tasks from "binconfig-disabled.bbclass" for recipe "gpgme_1.17.1.bb"
[2m2025-12-06T06:29:15.725624Z[0m [32m INFO[0m [2mconvenient_bitbake::pipeline[0m[2m:[0m ✓ Extracted 0 tasks from "multilib_header.bbclass" for recipe "libassuan_2.5.6.bb"
[2m2025-12-06T06:29:15.725663Z[0m [32m INFO[0m [2mconvenient_bitbake::pipeline[0m[2m:[0m Recipe "libassuan_2.5.6.bb": 2 tasks total (2 from main, 0 from includes), 8 helpers total (0 from main, 8 from includes)
[2m2025-12-06T06:29:15.726724Z[0m [32m INFO[0m [2mconvenient_bitbake::pipeline[0m[2m:[0m ✓ Extracted 0 tasks from "autotools.bbclass" for recipe "icu_70.1.bb"
[2m2025-12-06T06:29:15.726953Z[0m [32m INFO[0m [2mconvenient_bitbake::pipeline[0m[2m:[0m Recipe "libcap-ng-python_0.8.2.bb": 1 tasks total (1 from main, 0 from includes), 6 helpers total (0 from main, 6 from includes)
[2m2025-12-06T06:29:15.727061Z[0m [32m INFO[0m [2mconvenient_bitbake::pipeline[0m[2m:[0m ✓ Extracted 1 tasks from "native.bbclass" for recipe "boost-build-native_4.4.1.bb"
[2m2025-12-06T06:29:15.727163Z[0m [32m INFO[0m [2mconvenient_bitbake::pipeline[0m[2m:[0m Recipe "boost-build-native_4.4.1.bb": 3 tasks total (2 from main, 1 from includes), 0 helpers total (0 from main, 0 from includes)
[2m2025-12-06T06:29:15.727308Z[0m [32m INFO[0m [2mconvenient_bitbake::pipeline[0m[2m:[0m ✓ Extracted 0 tasks from "cmake.bbclass" for recipe "libgit2_1.4.5.bb"
[2m2025-12-06T06:29:15.727352Z[0m [32m INFO[0m [2mconvenient_bitbake::pipeline[0m[2m:[0m Recipe "libgit2_1.4.5.bb": 0 tasks total (0 from main, 0 from includes), 6 helpers total (0 from main, 6 from includes)
[2m2025-12-06T06:29:15.728049Z[0m [32m INFO[0m [2mconvenient_bitbake::pipeline[0m[2m:[0m ✓ Extracted 6 tasks from "ptest.bbclass" for recipe "gdbm_1.23.bb"
[2m2025-12-06T06:29:15.728155Z[0m [32m INFO[0m [2mconvenient_bitbake::pipeline[0m[2m:[0m Recipe "gdbm_1.23.bb": 7 tasks total (2 from main, 5 from includes), 6 helpers total (0 from main, 6 from includes)
[2m2025-12-06T06:29:15.730560Z[0m [32m INFO[0m [2mconvenient_bitbake::pipeline[0m[2m:[0m ✓ Extracted 0 tasks from "autotools.bbclass" for recipe "libmicrohttpd_0.9.76.bb"
[2m2025-12-06T06:29:15.730803Z[0m [32m INFO[0m [2mconvenient_bitbake::pipeline[0m[2m:[0m ✓ Extracted 0 tasks from "autotools.bbclass" for recipe "libfm-extra_1.3.2.bb"
[2m2025-12-06T06:29:15.730851Z[0m [32m INFO[0m [2mconvenient_bitbake::pipeline[0m[2m:[0m ✓ Extracted 0 tasks from "autotools.bbclass" for recipe "libexif_0.6.24.bb"
[2m2025-12-06T06:29:15.777525Z[0m [32m INFO[0m [2mconvenient_bitbake::pipeline[0m[2m:[0m ✓ Extracted 0 tasks from "autotools.bbclass" for recipe "libevdev_1.12.1.bb"
[2m2025-12-06T06:29:15.778208Z[0m [32m INFO[0m [2mconvenient_bitbake::pipeline[0m[2m:[0m ✓ Extracted 0 tasks from "autotools.bbclass" for recipe "libbsd_0.11.5.bb"
[2m2025-12-06T06:29:15.778551Z[0m [32m INFO[0m [2mconvenient_bitbake::pipeline[0m[2m:[0m ✓ Extracted 0 tasks from "autotools.bbclass" for recipe "libgcrypt_1.9.4.bb"
[2m2025-12-06T06:29:15.778823Z[0m [32m INFO[0m [2mconvenient_bitbake::pipeline[0m[2m:[0m ✓ Extracted 0 tasks from "binconfig.bbclass" for recipe "curl_7.82.0.bb"
[2m2025-12-06T06:29:15.779237Z[0m [32m INFO[0m [2mconvenient_bitbake::pipeline[0m[2m:[0m Recipe "libexif_0.6.24.bb": 0 tasks total (0 from main, 0 from includes), 6 helpers total (0 from main, 6 from includes)
[2m2025-12-06T06:29:15.779287Z[0m [32m INFO[0m [2mconvenient_bitbake::pipeline[0m[2m:[0m ✓ Extracted 0 tasks from "autotools.bbclass" for recipe "libcheck_0.15.2.bb"
[2m2025-12-06T06:29:15.779748Z[0m [32m INFO[0m [2mconvenient_bitbake::pipeline[0m[2m:[0m Recipe "libevdev_1.12.1.bb": 0 tasks total (0 from main, 0 from includes), 6 helpers total (0 from main, 6 from includes)
[2m2025-12-06T06:29:15.780183Z[0m [32m INFO[0m [2mconvenient_bitbake::pipeline[0m[2m:[0m Recipe "libbsd_0.11.5.bb": 0 tasks total (0 from main, 0 from includes), 6 helpers total (0 from main, 6 from includes)
[2m2025-12-06T06:29:15.780244Z[0m [32m INFO[0m [2mconvenient_bitbake::pipeline[0m[2m:[0m ✓ Extracted 0 tasks from "cmake.bbclass" for recipe "libical_3.0.16.bb"
[2m2025-12-06T06:29:15.780966Z[0m [32m INFO[0m [2mconvenient_bitbake::pipeline[0m[2m:[0m ✓ Extracted 0 tasks from "multilib_header.bbclass" for recipe "libffi_3.4.4.bb"
[2m2025-12-06T06:29:15.781008Z[0m [32m INFO[0m [2mconvenient_bitbake::pipeline[0m[2m:[0m Recipe "libffi_3.4.4.bb": 1 tasks total (1 from main, 0 from includes), 7 helpers total (0 from main, 7 from includes)
[2m2025-12-06T06:29:15.781291Z[0m [32m INFO[0m [2mconvenient_bitbake::pipeline[0m[2m:[0m ✓ Extracted 0 tasks from "autotools.bbclass" for recipe "libmd_1.0.4.bb"
[2m2025-12-06T06:29:15.781350Z[0m [32m INFO[0m [2mconvenient_bitbake::pipeline[0m[2m:[0m Recipe "libmd_1.0.4.bb": 0 tasks total (0 from main, 0 from includes), 6 helpers total (0 from main, 6 from includes)
[2m2025-12-06T06:29:15.781420Z[0m [32m INFO[0m [2mconvenient_bitbake::pipeline[0m[2m:[0m ✓ Extracted 0 tasks from "multilib_header.bbclass" for recipe "curl_7.82.0.bb"
[2m2025-12-06T06:29:15.781581Z[0m [32m INFO[0m [2mconvenient_bitbake::pipeline[0m[2m:[0m ✓ Extracted 0 tasks from "autotools.bbclass" for recipe "libgpg-error_1.44.bb"
[2m2025-12-06T06:29:15.781896Z[0m [32m INFO[0m [2mconvenient_bitbake::pipeline[0m[2m:[0m ✓ Extracted 0 tasks from "autotools.bbclass" for recipe "libksba_1.6.4.bb"
[2m2025-12-06T06:29:15.782633Z[0m [32m INFO[0m [2mconvenient_bitbake::pipeline[0m[2m:[0m ✓ Extracted 0 tasks from "binconfig.bbclass" for recipe "icu_70.1.bb"
[2m2025-12-06T06:29:15.782975Z[0m [32m INFO[0m [2mconvenient_bitbake::pipeline[0m[2m:[0m Recipe "libcheck_0.15.2.bb": 0 tasks total (0 from main, 0 from includes), 6 helpers total (0 from main, 6 from includes)
[2m2025-12-06T06:29:15.783244Z[0m [32m INFO[0m [2mconvenient_bitbake::pipeline[0m[2m:[0m ✓ Extracted 1 tasks from "binconfig-disabled.bbclass" for recipe "libgpg-error_1.44.bb"
[2m2025-12-06T06:29:15.783515Z[0m [32m INFO[0m [2mconvenient_bitbake::pipeline[0m[2m:[0m ✓ Extracted 1 tasks from "binconfig-disabled.bbclass" for recipe "libksba_1.6.4.bb"
[2m2025-12-06T06:29:15.783983Z[0m [32m INFO[0m [2mconvenient_bitbake::pipeline[0m[2m:[0m ✓ Extracted 1 tasks from "gtk-doc.bbclass" for recipe "webkitgtk_2.36.8.bb"
[2m2025-12-06T06:29:15.784028Z[0m [32m INFO[0m [2mconvenient_bitbake::pipeline[0m[2m:[0m Recipe "webkitgtk_2.36.8.bb": 1 tasks total (0 from main, 1 from includes), 8 helpers total (2 from main, 6 from includes)
[2m2025-12-06T06:29:15.784089Z[0m [32m INFO[0m [2mconvenient_bitbake::pipeline[0m[2m:[0m ✓ Extracted 1 tasks from "gtk-doc.bbclass" for recipe "libfm-extra_1.3.2.bb"
[2m2025-12-06T06:29:15.784641Z[0m [32m INFO[0m [2mconvenient_bitbake::pipeline[0m[2m:[0m ✓ Extracted 1 tasks from "meson.bbclass" for recipe "libsoup-2.4_2.74.2.bb"
[2m2025-12-06T06:29:15.785768Z[0m [32m INFO[0m [2mconvenient_bitbake::pipeline[0m[2m:[0m ✓ Extracted 1 tasks from "libunwind.inc" for recipe "libunwind_1.6.2.bb"
[2m2025-12-06T06:29:15.785824Z[0m [32m INFO[0m [2mconvenient_bitbake::pipeline[0m[2m:[0m Recipe "libunwind_1.6.2.bb": 1 tasks total (0 from main, 1 from includes), 0 helpers total (0 from main, 0 from includes)
[2m2025-12-06T06:29:15.786490Z[0m [32m INFO[0m [2mconvenient_bitbake::pipeline[0m[2m:[0m ✓ Extracted 0 tasks from "multilib_script.bbclass" for recipe "icu_70.1.bb"
[2m2025-12-06T06:29:15.786565Z[0m [32m INFO[0m [2mconvenient_bitbake::pipeline[0m[2m:[0m Recipe "icu_70.1.bb": 1 tasks total (1 from main, 0 from includes), 9 helpers total (0 from main, 9 from includes)
[2m2025-12-06T06:29:15.787020Z[0m [32m INFO[0m [2mconvenient_bitbake::pipeline[0m[2m:[0m Recipe "libksba_1.6.4.bb": 2 tasks total (1 from main, 1 from includes), 7 helpers total (0 from main, 7 from includes)
[2m2025-12-06T06:29:15.787114Z[0m [32m INFO[0m [2mconvenient_bitbake::pipeline[0m[2m:[0m Recipe "libmicrohttpd_0.9.76.bb": 1 tasks total (1 from main, 0 from includes), 6 helpers total (0 from main, 6 from includes)
[2m2025-12-06T06:29:15.787602Z[0m [32m INFO[0m [2mconvenient_bitbake::pipeline[0m[2m:[0m ✓ Extracted 1 tasks from "binconfig-disabled.bbclass" for recipe "libgcrypt_1.9.4.bb"
[2m2025-12-06T06:29:15.788870Z[0m [32m INFO[0m [2mconvenient_bitbake::pipeline[0m[2m:[0m Recipe "libgcrypt_1.9.4.bb": 2 tasks total (2 from main, 0 from includes), 7 helpers total (0 from main, 7 from includes)
[2m2025-12-06T06:29:15.789908Z[0m [32m INFO[0m [2mconvenient_bitbake::pipeline[0m[2m:[0m ✓ Extracted 0 tasks from "multilib_header.bbclass" for recipe "libgpg-error_1.44.bb"
[2m2025-12-06T06:29:15.792132Z[0m [32m INFO[0m [2mconvenient_bitbake::pipeline[0m[2m:[0m ✓ Extracted 0 tasks from "autotools.bbclass" for recipe "libpsl_0.21.1.bb"
[2m2025-12-06T06:29:15.792325Z[0m [32m INFO[0m [2mconvenient_bitbake::pipeline[0m[2m:[0m ✓ Extracted 0 tasks from "autotools.bbclass" for recipe "libevent_2.1.12.bb"
[2m2025-12-06T06:29:15.792564Z[0m [32m INFO[0m [2mconvenient_bitbake::pipeline[0m[2m:[0m ✓ Extracted 0 tasks from "multilib_script.bbclass" for recipe "libgpg-error_1.44.bb"
[2m2025-12-06T06:29:15.792731Z[0m [32m INFO[0m [2mconvenient_bitbake::pipeline[0m[2m:[0m Recipe "libgpg-error_1.44.bb": 1 tasks total (1 from main, 0 from includes), 9 helpers total (0 from main, 9 from includes)
[2m2025-12-06T06:29:15.793180Z[0m [32m INFO[0m [2mconvenient_bitbake::pipeline[0m[2m:[0m ✓ Extracted 1 tasks from "gtk-doc.bbclass" for recipe "gnutls_3.7.4.bb"
[2m2025-12-06T06:29:15.793225Z[0m [32m INFO[0m [2mconvenient_bitbake::pipeline[0m[2m:[0m Recipe "gnutls_3.7.4.bb": 2 tasks total (1 from main, 1 from includes), 6 helpers total (0 from main, 6 from includes)
[2m2025-12-06T06:29:15.793390Z[0m [32m INFO[0m [2mconvenient_bitbake::pipeline[0m[2m:[0m ✓ Extracted 0 tasks from "multilib_header.bbclass" for recipe "gpgme_1.17.1.bb"
[2m2025-12-06T06:29:15.793496Z[0m [32m INFO[0m [2mconvenient_bitbake::pipeline[0m[2m:[0m ✓ Extracted 6 tasks from "ptest.bbclass" for recipe "libseccomp_2.5.3.bb"
[2m2025-12-06T06:29:15.793539Z[0m [32m INFO[0m [2mconvenient_bitbake::pipeline[0m[2m:[0m Recipe "gpgme_1.17.1.bb": 2 tasks total (2 from main, 0 from includes), 8 helpers total (0 from main, 8 from includes)
[2m2025-12-06T06:29:15.794140Z[0m [32m INFO[0m [2mconvenient_bitbake::pipeline[0m[2m:[0m ✓ Extracted 0 tasks from "autotools.bbclass" for recipe "libssh2_1.10.0.bb"
[2m2025-12-06T06:29:15.794159Z[0m [32m INFO[0m [2mconvenient_bitbake::pipeline[0m[2m:[0m ✓ Extracted 0 tasks from "autotools.bbclass" for recipe "libfm_1.3.2.bb"
[2m2025-12-06T06:29:15.795765Z[0m [32m INFO[0m [2mconvenient_bitbake::pipeline[0m[2m:[0m ✓ Extracted 1 tasks from "vala.bbclass" for recipe "libical_3.0.16.bb"
[2m2025-12-06T06:29:15.795845Z[0m [32m INFO[0m [2mconvenient_bitbake::pipeline[0m[2m:[0m Recipe "libical_3.0.16.bb": 2 tasks total (1 from main, 1 from includes), 6 helpers total (0 from main, 6 from includes)
[2m2025-12-06T06:29:15.795802Z[0m [32m INFO[0m [2mconvenient_bitbake::pipeline[0m[2m:[0m ✓ Extracted 0 tasks from "autotools.bbclass" for recipe "libdaemon_0.14.bb"
[2m2025-12-06T06:29:15.796305Z[0m [32m INFO[0m [2mconvenient_bitbake::pipeline[0m[2m:[0m ✓ Extracted 0 tasks from "autotools.bbclass" for recipe "libnl_3.5.0.bb"
[2m2025-12-06T06:29:15.796540Z[0m [32m INFO[0m [2mconvenient_bitbake::pipeline[0m[2m:[0m Recipe "libfm-extra_1.3.2.bb": 1 tasks total (0 from main, 1 from includes), 6 helpers total (0 from main, 6 from includes)
[2m2025-12-06T06:29:15.796707Z[0m [32m INFO[0m [2mconvenient_bitbake::pipeline[0m[2m:[0m Recipe "libseccomp_2.5.3.bb": 6 tasks total (2 from main, 4 from includes), 0 helpers total (0 from main, 0 from includes)
[2m2025-12-06T06:29:15.796899Z[0m [32m INFO[0m [2mconvenient_bitbake::pipeline[0m[2m:[0m ✓ Extracted 0 tasks from "autotools.bbclass" for recipe "libpcre_8.45.bb"
[2m2025-12-06T06:29:15.796921Z[0m [32m INFO[0m [2mconvenient_bitbake::pipeline[0m[2m:[0m ✓ Extracted 1 tasks from "meson.bbclass" for recipe "libsoup_3.0.7.bb"
[2m2025-12-06T06:29:15.797201Z[0m [32m INFO[0m [2mconvenient_bitbake::pipeline[0m[2m:[0m Recipe "libdaemon_0.14.bb": 0 tasks total (0 from main, 0 from includes), 6 helpers total (0 from main, 6 from includes)
[2m2025-12-06T06:29:15.797685Z[0m [32m INFO[0m [2mconvenient_bitbake::pipeline[0m[2m:[0m ✓ Extracted 0 tasks from "autotools.bbclass" for recipe "libpcre2_10.40.bb"
[2m2025-12-06T06:29:15.797831Z[0m [32m INFO[0m [2mconvenient_bitbake::pipeline[0m[2m:[0m ✓ Extracted 1 tasks from "gtk-doc.bbclass" for recipe "libsoup-2.4_2.74.2.bb"
[2m2025-12-06T06:29:15.797889Z[0m [32m INFO[0m [2mconvenient_bitbake::pipeline[0m[2m:[0m Recipe "libsoup-2.4_2.74.2.bb": 2 tasks total (0 from main, 2 from includes), 3 helpers total (0 from main, 3 from includes)
[2m2025-12-06T06:29:15.797840Z[0m [32m INFO[0m [2mconvenient_bitbake::pipeline[0m[2m:[0m ✓ Extracted 6 tasks from "ptest.bbclass" for recipe "libevent_2.1.12.bb"
[2m2025-12-06T06:29:15.798008Z[0m [32m INFO[0m [2mconvenient_bitbake::pipeline[0m[2m:[0m ✓ Extracted 0 tasks from "autotools.bbclass" for recipe "libunistring_1.0.bb"
[2m2025-12-06T06:29:15.798295Z[0m [32m INFO[0m [2mconvenient_bitbake::pipeline[0m[2m:[0m ✓ Extracted 0 tasks from "multilib_script.bbclass" for recipe "curl_7.82.0.bb"
[2m2025-12-06T06:29:15.798339Z[0m [32m INFO[0m [2mconvenient_bitbake::pipeline[0m[2m:[0m Recipe "curl_7.82.0.bb": 0 tasks total (0 from main, 0 from includes), 10 helpers total (0 from main, 10 from includes)
[2m2025-12-06T06:29:15.799637Z[0m [32m INFO[0m [2mconvenient_bitbake::pipeline[0m[2m:[0m ✓ Extracted 1 tasks from "binconfig-disabled.bbclass" for recipe "libpcre2_10.40.bb"
[2m2025-12-06T06:29:15.799673Z[0m [32m INFO[0m [2mconvenient_bitbake::pipeline[0m[2m:[0m Recipe "libpcre2_10.40.bb": 1 tasks total (0 from main, 1 from includes), 7 helpers total (0 from main, 7 from includes)
[2m2025-12-06T06:29:15.800634Z[0m [32m INFO[0m [2mconvenient_bitbake::pipeline[0m[2m:[0m ✓ Extracted 1 tasks from "binconfig-disabled.bbclass" for recipe "libpcre_8.45.bb"
[2m2025-12-06T06:29:15.800836Z[0m [32m INFO[0m [2mconvenient_bitbake::pipeline[0m[2m:[0m Recipe "libunistring_1.0.bb": 0 tasks total (0 from main, 0 from includes), 6 helpers total (0 from main, 6 from includes)
[2m2025-12-06T06:29:15.801437Z[0m [32m INFO[0m [2mconvenient_bitbake::pipeline[0m[2m:[0m Recipe "debianutils_5.7.bb": 2 tasks total (2 from main, 0 from includes), 6 helpers total (0 from main, 6 from includes)
[2m2025-12-06T06:29:15.802471Z[0m [32m INFO[0m [2mconvenient_bitbake::pipeline[0m[2m:[0m ✓ Extracted 6 tasks from "ptest.bbclass" for recipe "libnl_3.5.0.bb"
[2m2025-12-06T06:29:15.802525Z[0m [32m INFO[0m [2mconvenient_bitbake::pipeline[0m[2m:[0m Recipe "libnl_3.5.0.bb": 6 tasks total (2 from main, 4 from includes), 6 helpers total (0 from main, 6 from includes)
[2m2025-12-06T06:29:15.802674Z[0m [32m INFO[0m [2mconvenient_bitbake::pipeline[0m[2m:[0m ✓ Extracted 0 tasks from "autotools.bbclass" for recipe "liburcu_0.13.2.bb"
[2m2025-12-06T06:29:15.803053Z[0m [32m INFO[0m [2mconvenient_bitbake::pipeline[0m[2m:[0m ✓ Extracted 0 tasks from "systemd.bbclass" for recipe "at-spi2-core_2.42.0.bb"
[2m2025-12-06T06:29:15.803672Z[0m [32m INFO[0m [2mconvenient_bitbake::pipeline[0m[2m:[0m ✓ Extracted 0 tasks from "autotools.bbclass" for recipe "lzo_2.10.bb"
[2m2025-12-06T06:29:15.804394Z[0m [32m INFO[0m [2mconvenient_bitbake::pipeline[0m[2m:[0m ✓ Extracted 0 tasks from "autotools.bbclass" for recipe "nss-myhostname_0.3.bb"
[2m2025-12-06T06:29:15.804931Z[0m [32m INFO[0m [2mconvenient_bitbake::pipeline[0m[2m:[0m ✓ Extracted 0 tasks from "multilib_header.bbclass" for recipe "liburcu_0.13.2.bb"
[2m2025-12-06T06:29:15.805010Z[0m [32m INFO[0m [2mconvenient_bitbake::pipeline[0m[2m:[0m Recipe "liburcu_0.13.2.bb": 1 tasks total (1 from main, 0 from includes), 7 helpers total (0 from main, 7 from includes)
[2m2025-12-06T06:29:15.805163Z[0m [32m INFO[0m [2mconvenient_bitbake::pipeline[0m[2m:[0m ✓ Extracted 1 tasks from "gtk-doc.bbclass" for recipe "libfm_1.3.2.bb"
[2m2025-12-06T06:29:15.805364Z[0m [32m INFO[0m [2mconvenient_bitbake::pipeline[0m[2m:[0m ✓ Extracted 0 tasks from "autotools.bbclass" for recipe "re2c_3.0.bb"
[2m2025-12-06T06:29:15.805417Z[0m [32m INFO[0m [2mconvenient_bitbake::pipeline[0m[2m:[0m Recipe "re2c_3.0.bb": 0 tasks total (0 from main, 0 from includes), 6 helpers total (0 from main, 6 from includes)
[2m2025-12-06T06:29:15.805502Z[0m [32m INFO[0m [2mconvenient_bitbake::pipeline[0m[2m:[0m ✓ Extracted 0 tasks from "multilib_header.bbclass" for recipe "libevent_2.1.12.bb"
[2m2025-12-06T06:29:15.805561Z[0m [32m INFO[0m [2mconvenient_bitbake::pipeline[0m[2m:[0m Recipe "libevent_2.1.12.bb": 7 tasks total (2 from main, 5 from includes), 7 helpers total (0 from main, 7 from includes)
[2m2025-12-06T06:29:15.805614Z[0m [32m INFO[0m [2mconvenient_bitbake::pipeline[0m[2m:[0m ✓ Extracted 1 tasks from "meson.bbclass" for recipe "p11-kit_0.24.1.bb"
[2m2025-12-06T06:29:15.806325Z[0m [32m INFO[0m [2mconvenient_bitbake::pipeline[0m[2m:[0m ✓ Extracted 1 tasks from "scons.bbclass" for recipe "serf_1.3.10.bb"
[2m2025-12-06T06:29:15.806416Z[0m [32m INFO[0m [2mconvenient_bitbake::pipeline[0m[2m:[0m Recipe "serf_1.3.10.bb": 2 tasks total (1 from main, 1 from includes), 2 helpers total (0 from main, 2 from includes)
[2m2025-12-06T06:29:15.806992Z[0m [32m INFO[0m [2mconvenient_bitbake::pipeline[0m[2m:[0m ✓ Extracted 0 tasks from "autotools.bbclass" for recipe "npth_1.6.bb"
[2m2025-12-06T06:29:15.808083Z[0m [32m INFO[0m [2mconvenient_bitbake::pipeline[0m[2m:[0m Recipe "nss-myhostname_0.3.bb": 0 tasks total (0 from main, 0 from includes), 6 helpers total (0 from main, 6 from includes)
[2m2025-12-06T06:29:15.808957Z[0m [32m INFO[0m [2mconvenient_bitbake::pipeline[0m[2m:[0m ✓ Extracted 1 tasks from "binconfig-disabled.bbclass" for recipe "npth_1.6.bb"
[2m2025-12-06T06:29:15.810196Z[0m [32m INFO[0m [2mconvenient_bitbake::pipeline[0m[2m:[0m ✓ Extracted 0 tasks from "autotools.bbclass" for recipe "rng-tools_6.15.bb"
[2m2025-12-06T06:29:15.810331Z[0m [32m INFO[0m [2mconvenient_bitbake::pipeline[0m[2m:[0m ✓ Extracted 6 tasks from "ptest.bbclass" for recipe "lzo_2.10.bb"
[2m2025-12-06T06:29:15.810387Z[0m [32m INFO[0m [2mconvenient_bitbake::pipeline[0m[2m:[0m Recipe "lzo_2.10.bb": 6 tasks total (1 from main, 5 from includes), 6 helpers total (0 from main, 6 from includes)
[2m2025-12-06T06:29:15.810597Z[0m [32m INFO[0m [2mconvenient_bitbake::pipeline[0m[2m:[0m ✓ Extracted 0 tasks from "cmake.bbclass" for recipe "taglib_1.12.bb"
[2m2025-12-06T06:29:15.811415Z[0m [32m INFO[0m [2mconvenient_bitbake::pipeline[0m[2m:[0m ✓ Extracted 1 tasks from "gtk-doc.bbclass" for recipe "libpsl_0.21.1.bb"
[2m2025-12-06T06:29:15.811445Z[0m [32m INFO[0m [2mconvenient_bitbake::pipeline[0m[2m:[0m ✓ Extracted 0 tasks from "autotools.bbclass" for recipe "lzop_1.04.bb"
[2m2025-12-06T06:29:15.811564Z[0m [32m INFO[0m [2mconvenient_bitbake::pipeline[0m[2m:[0m Recipe "lzop_1.04.bb": 1 tasks total (1 from main, 0 from includes), 6 helpers total (0 from main, 6 from includes)
[2m2025-12-06T06:29:15.811672Z[0m [32m INFO[0m [2mconvenient_bitbake::pipeline[0m[2m:[0m ✓ Extracted 0 tasks from "multilib_header.bbclass" for recipe "npth_1.6.bb"
[2m2025-12-06T06:29:15.811730Z[0m [32m INFO[0m [2mconvenient_bitbake::pipeline[0m[2m:[0m Recipe "npth_1.6.bb": 1 tasks total (1 from main, 0 from includes), 8 helpers total (0 from main, 8 from includes)
[2m2025-12-06T06:29:15.811877Z[0m [32m INFO[0m [2mconvenient_bitbake::pipeline[0m[2m:[0m ✓ Extracted 6 tasks from "ptest.bbclass" for recipe "numactl_git.bb"
[2m2025-12-06T06:29:15.811953Z[0m [32m INFO[0m [2mconvenient_bitbake::pipeline[0m[2m:[0m Recipe "numactl_git.bb": 7 tasks total (3 from main, 4 from includes), 0 helpers total (0 from main, 0 from includes)
[2m2025-12-06T06:29:15.812318Z[0m [32m INFO[0m [2mconvenient_bitbake::pipeline[0m[2m:[0m ✓ Extracted 0 tasks from "cmake.bbclass" for recipe "nghttp2_1.47.0.bb"
[2m2025-12-06T06:29:15.813499Z[0m [32m INFO[0m [2mconvenient_bitbake::pipeline[0m[2m:[0m Recipe "at-spi2-core_2.42.0.bb": 2 tasks total (0 from main, 2 from includes), 5 helpers total (0 from main, 5 from includes)
[2m2025-12-06T06:29:15.813656Z[0m [32m INFO[0m [2mconvenient_bitbake::pipeline[0m[2m:[0m ✓ Extracted 0 tasks from "cmake.bbclass" for recipe "libproxy_0.4.17.bb"
[2m2025-12-06T06:29:15.813664Z[0m [32m INFO[0m [2mconvenient_bitbake::pipeline[0m[2m:[0m ✓ Extracted 0 tasks from "autotools.bbclass" for recipe "libyaml_0.2.5.bb"
[2m2025-12-06T06:29:15.813734Z[0m [32m INFO[0m [2mconvenient_bitbake::pipeline[0m[2m:[0m Recipe "libyaml_0.2.5.bb": 0 tasks total (0 from main, 0 from includes), 6 helpers total (0 from main, 6 from includes)
[2m2025-12-06T06:29:15.813766Z[0m [32m INFO[0m [2mconvenient_bitbake::pipeline[0m[2m:[0m ✓ Extracted 0 tasks from "autotools.bbclass" for recipe "pinentry_1.2.0.bb"
[2m2025-12-06T06:29:15.813966Z[0m [32m INFO[0m [2mconvenient_bitbake::pipeline[0m[2m:[0m ✓ Extracted 0 tasks from "autotools.bbclass" for recipe "libxslt_1.1.35.bb"
[2m2025-12-06T06:29:15.814211Z[0m [32m INFO[0m [2mconvenient_bitbake::pipeline[0m[2m:[0m ✓ Extracted 1 tasks from "binconfig-disabled.bbclass" for recipe "taglib_1.12.bb"
[2m2025-12-06T06:29:15.814247Z[0m [32m INFO[0m [2mconvenient_bitbake::pipeline[0m[2m:[0m Recipe "taglib_1.12.bb": 2 tasks total (1 from main, 1 from includes), 7 helpers total (0 from main, 7 from includes)
[2m2025-12-06T06:29:15.814325Z[0m [32m INFO[0m [2mconvenient_bitbake::pipeline[0m[2m:[0m ✓ Extracted 0 tasks from "autotools.bbclass" for recipe "nettle_3.7.3.bb"
[2m2025-12-06T06:29:15.814882Z[0m [32m INFO[0m [2mconvenient_bitbake::pipeline[0m[2m:[0m Recipe "pinentry_1.2.0.bb": 0 tasks total (0 from main, 0 from includes), 6 helpers total (0 from main, 6 from includes)
[2m2025-12-06T06:29:15.815025Z[0m [32m INFO[0m [2mconvenient_bitbake::pipeline[0m[2m:[0m ✓ Extracted 6 tasks from "ptest.bbclass" for recipe "libpcre_8.45.bb"
[2m2025-12-06T06:29:15.815071Z[0m [32m INFO[0m [2mconvenient_bitbake::pipeline[0m[2m:[0m Recipe "libpcre_8.45.bb": 7 tasks total (1 from main, 6 from includes), 7 helpers total (0 from main, 7 from includes)
[2m2025-12-06T06:29:15.815585Z[0m [32m INFO[0m [2mconvenient_bitbake::pipeline[0m[2m:[0m ✓ Extracted 1 tasks from "meson.bbclass" for recipe "shared-mime-info_git.bb"
[2m2025-12-06T06:29:15.816914Z[0m [32m INFO[0m [2mconvenient_bitbake::pipeline[0m[2m:[0m ✓ Extracted 1 tasks from "binconfig-disabled.bbclass" for recipe "libxslt_1.1.35.bb"
[2m2025-12-06T06:29:15.816956Z[0m [32m INFO[0m [2mconvenient_bitbake::pipeline[0m[2m:[0m ✓ Extracted 1 tasks from "gtk-doc.bbclass" for recipe "libsoup_3.0.7.bb"
[2m2025-12-06T06:29:15.816998Z[0m [32m INFO[0m [2mconvenient_bitbake::pipeline[0m[2m:[0m Recipe "libsoup_3.0.7.bb": 2 tasks total (0 from main, 2 from includes), 3 helpers total (0 from main, 3 from includes)
[2m2025-12-06T06:29:15.817808Z[0m [32m INFO[0m [2mconvenient_bitbake::pipeline[0m[2m:[0m Recipe "libpsl_0.21.1.bb": 1 tasks total (0 from main, 1 from includes), 6 helpers total (0 from main, 6 from includes)
[2m2025-12-06T06:29:15.817842Z[0m [32m INFO[0m [2mconvenient_bitbake::pipeline[0m[2m:[0m ✓ Extracted 0 tasks from "autotools.bbclass" for recipe "popt_1.18.bb"
[2m2025-12-06T06:29:15.817845Z[0m [32m INFO[0m [2mconvenient_bitbake::pipeline[0m[2m:[0m ✓ Extracted 6 tasks from "ptest.bbclass" for recipe "libssh2_1.10.0.bb"
[2m2025-12-06T06:29:15.818007Z[0m [32m INFO[0m [2mconvenient_bitbake::pipeline[0m[2m:[0m Recipe "libssh2_1.10.0.bb": 6 tasks total (2 from main, 4 from includes), 6 helpers total (0 from main, 6 from includes)
[2m2025-12-06T06:29:15.819016Z[0m [32m INFO[0m [2mconvenient_bitbake::pipeline[0m[2m:[0m ✓ Extracted 0 tasks from "update-rc.d.bbclass" for recipe "rng-tools_6.15.bb"
[2m2025-12-06T06:29:15.819445Z[0m [32m INFO[0m [2mconvenient_bitbake::pipeline[0m[2m:[0m ✓ Extracted 1 tasks from "gnomebase.bbclass" for recipe "vte_0.66.2.bb"
[2m2025-12-06T06:29:15.819612Z[0m [32m INFO[0m [2mconvenient_bitbake::pipeline[0m[2m:[0m ✓ Extracted 0 tasks from "autotools.bbclass" for recipe "libusb1_1.0.26.bb"
[2m2025-12-06T06:29:15.819659Z[0m [32m INFO[0m [2mconvenient_bitbake::pipeline[0m[2m:[0m Recipe "libproxy_0.4.17.bb": 0 tasks total (0 from main, 0 from includes), 6 helpers total (0 from main, 6 from includes)
[2m2025-12-06T06:29:15.819742Z[0m [32m INFO[0m [2mconvenient_bitbake::pipeline[0m[2m:[0m ✓ Extracted 0 tasks from "multilib_header.bbclass" for recipe "libxslt_1.1.35.bb"
[2m2025-12-06T06:29:15.819751Z[0m [32m INFO[0m [2mconvenient_bitbake::pipeline[0m[2m:[0m ✓ Extracted 2 tasks from "vim.inc" for recipe "vim-tiny_9.1.bb"
[2m2025-12-06T06:29:15.819805Z[0m [32m INFO[0m [2mconvenient_bitbake::pipeline[0m[2m:[0m Recipe "libxslt_1.1.35.bb": 2 tasks total (2 from main, 0 from includes), 8 helpers total (0 from main, 8 from includes)
[2m2025-12-06T06:29:15.819814Z[0m [32m INFO[0m [2mconvenient_bitbake::pipeline[0m[2m:[0m Recipe "vim-tiny_9.1.bb": 2 tasks total (1 from main, 1 from includes), 0 helpers total (0 from main, 0 from includes)
[2m2025-12-06T06:29:15.820232Z[0m [32m INFO[0m [2mconvenient_bitbake::pipeline[0m[2m:[0m ✓ Extracted 0 tasks from "autotools.bbclass" for recipe "mpfr_4.1.1.bb"
[2m2025-12-06T06:29:15.820457Z[0m [32m INFO[0m [2mconvenient_bitbake::pipeline[0m[2m:[0m Recipe "nghttp2_1.47.0.bb": 0 tasks total (0 from main, 0 from includes), 6 helpers total (0 from main, 6 from includes)
[2m2025-12-06T06:29:15.821604Z[0m [32m INFO[0m [2mconvenient_bitbake::pipeline[0m[2m:[0m ✓ Extracted 0 tasks from "useradd.bbclass" for recipe "xuser-account_0.1.bb"
[2m2025-12-06T06:29:15.821638Z[0m [32m INFO[0m [2mconvenient_bitbake::pipeline[0m[2m:[0m Recipe "xuser-account_0.1.bb": 3 tasks total (3 from main, 0 from includes), 2 helpers total (0 from main, 2 from includes)
[2m2025-12-06T06:29:15.822068Z[0m [32m INFO[0m [2mconvenient_bitbake::pipeline[0m[2m:[0m ✓ Extracted 2 tasks from "vim.inc" for recipe "vim_9.1.bb"
[2m2025-12-06T06:29:15.822069Z[0m [32m INFO[0m [2mconvenient_bitbake::pipeline[0m[2m:[0m Recipe "mpfr_4.1.1.bb": 0 tasks total (0 from main, 0 from includes), 6 helpers total (0 from main, 6 from includes)
[2m2025-12-06T06:29:15.822215Z[0m [32m INFO[0m [2mconvenient_bitbake::pipeline[0m[2m:[0m Recipe "vim_9.1.bb": 2 tasks total (0 from main, 2 from includes), 0 helpers total (0 from main, 0 from includes)
[2m2025-12-06T06:29:15.823063Z[0m [32m INFO[0m [2mconvenient_bitbake::pipeline[0m[2m:[0m ✓ Extracted 1 tasks from "gtk-doc.bbclass" for recipe "p11-kit_0.24.1.bb"
[2m2025-12-06T06:29:15.823215Z[0m [32m INFO[0m [2mconvenient_bitbake::pipeline[0m[2m:[0m ✓ Extracted 0 tasks from "mime.bbclass" for recipe "libfm_1.3.2.bb"
[2m2025-12-06T06:29:15.823432Z[0m [32m INFO[0m [2mconvenient_bitbake::pipeline[0m[2m:[0m ✓ Extracted 6 tasks from "ptest.bbclass" for recipe "nettle_3.7.3.bb"
[2m2025-12-06T06:29:15.824275Z[0m [32m INFO[0m [2mconvenient_bitbake::pipeline[0m[2m:[0m ✓ Extracted 0 tasks from "mime.bbclass" for recipe "shared-mime-info_git.bb"
[2m2025-12-06T06:29:15.824346Z[0m [32m INFO[0m [2mconvenient_bitbake::pipeline[0m[2m:[0m Recipe "shared-mime-info_git.bb": 1 tasks total (0 from main, 1 from includes), 5 helpers total (0 from main, 5 from includes)
[2m2025-12-06T06:29:15.824963Z[0m [32m INFO[0m [2mconvenient_bitbake::pipeline[0m[2m:[0m ✓ Extracted 6 tasks from "ptest.bbclass" for recipe "libusb1_1.0.26.bb"
[2m2025-12-06T06:29:15.825010Z[0m [32m INFO[0m [2mconvenient_bitbake::pipeline[0m[2m:[0m Recipe "libusb1_1.0.26.bb": 7 tasks total (3 from main, 4 from includes), 6 helpers total (0 from main, 6 from includes)
[2m2025-12-06T06:29:15.825120Z[0m [32m INFO[0m [2mconvenient_bitbake::pipeline[0m[2m:[0m ✓ Extracted 6 tasks from "ptest.bbclass" for recipe "popt_1.18.bb"
[2m2025-12-06T06:29:15.825167Z[0m [32m INFO[0m [2mconvenient_bitbake::pipeline[0m[2m:[0m Recipe "popt_1.18.bb": 6 tasks total (2 from main, 4 from includes), 6 helpers total (0 from main, 6 from includes)
[2m2025-12-06T06:29:15.825118Z[0m [32m INFO[0m [2mconvenient_bitbake::pipeline[0m[2m:[0m ✓ Extracted 0 tasks from "multilib_header.bbclass" for recipe "nettle_3.7.3.bb"
[2m2025-12-06T06:29:15.825217Z[0m [32m INFO[0m [2mconvenient_bitbake::pipeline[0m[2m:[0m Recipe "nettle_3.7.3.bb": 7 tasks total (3 from main, 4 from includes), 7 helpers total (0 from main, 7 from includes)
[2m2025-12-06T06:29:15.825309Z[0m [32m INFO[0m [2mconvenient_bitbake::pipeline[0m[2m:[0m ✓ Extracted 1 tasks from "gtk-doc.bbclass" for recipe "vte_0.66.2.bb"
[2m2025-12-06T06:29:15.825997Z[0m [32m INFO[0m [2mconvenient_bitbake::pipeline[0m[2m:[0m Recipe "p11-kit_0.24.1.bb": 2 tasks total (0 from main, 2 from includes), 3 helpers total (0 from main, 3 from includes)
[2m2025-12-06T06:29:15.826018Z[0m [32m INFO[0m [2mconvenient_bitbake::pipeline[0m[2m:[0m ✓ Extracted 0 tasks from "mime-xdg.bbclass" for recipe "libfm_1.3.2.bb"
[2m2025-12-06T06:29:15.826083Z[0m [32m INFO[0m [2mconvenient_bitbake::pipeline[0m[2m:[0m Recipe "libfm_1.3.2.bb": 2 tasks total (1 from main, 1 from includes), 10 helpers total (0 from main, 10 from includes)
[2m2025-12-06T06:29:15.826670Z[0m [32m INFO[0m [2mconvenient_bitbake::pipeline[0m[2m:[0m ✓ Extracted 0 tasks from "systemd.bbclass" for recipe "rng-tools_6.15.bb"
[2m2025-12-06T06:29:15.827718Z[0m [32m INFO[0m [2mconvenient_bitbake::pipeline[0m[2m:[0m Recipe "rng-tools_6.15.bb": 2 tasks total (2 from main, 0 from includes), 11 helpers total (0 from main, 11 from includes)
[2m2025-12-06T06:29:15.829641Z[0m [32m INFO[0m [2mconvenient_bitbake::pipeline[0m[2m:[0m Recipe "vte_0.66.2.bb": 3 tasks total (1 from main, 2 from includes), 0 helpers total (0 from main, 0 from includes)
[2m2025-12-06T06:29:15.881134Z[0m [32m INFO[0m [2mconvenient_bitbake::pipeline[0m[2m:[0m Recipe "linux-yocto_5.10.bb": 2 tasks total (0 from main, 2 from includes), 0 helpers total (0 from main, 0 from includes)
[2m2025-12-06T06:29:15.885514Z[0m [32m INFO[0m [2mconvenient_bitbake::pipeline[0m[2m:[0m Recipe "linux-yocto_5.15.bb": 2 tasks total (0 from main, 2 from includes), 0 helpers total (0 from main, 0 from includes)
[2m2025-12-06T06:29:15.887444Z[0m [32m INFO[0m [2mconvenient_bitbake::pipeline[0m[2m:[0m   ✓ Parsed 884 recipes successfully
[2m2025-12-06T06:29:15.887494Z[0m [32m INFO[0m [2mconvenient_bitbake::build_orchestrator[0m[2m:[0m ✓ Step 2 completed in 1.746270608s (884 recipes parsed)
[2m2025-12-06T06:29:15.887509Z[0m [32m INFO[0m [2mconvenient_bitbake::layer_context[0m[2m:[0m Setting MACHINE: qemuarm64
[2m2025-12-06T06:29:15.887524Z[0m [32m INFO[0m [2mconvenient_bitbake::layer_context[0m[2m:[0m Setting DISTRO: poky
[2m2025-12-06T06:29:15.888375Z[0m [32m INFO[0m [2mconvenient_bitbake::layer_context[0m[2m:[0m Adding layer: unknown (priority: 0)
[2m2025-12-06T06:29:15.889878Z[0m [32m INFO[0m [2mconvenient_bitbake::layer_context[0m[2m:[0m Adding layer: core (priority: 5)
[2m2025-12-06T06:29:15.890403Z[0m [32m INFO[0m [2mconvenient_bitbake::layer_context[0m[2m:[0m Adding layer: unknown (priority: 0)
[2m2025-12-06T06:29:15.890444Z[0m [32m INFO[0m [2mconvenient_bitbake::build_orchestrator[0m[2m:[0m Loading machine and distro configurations
[2m2025-12-06T06:29:15.890671Z[0m [32m INFO[0m [2mconvenient_bitbake::layer_context[0m[2m:[0m Found machine config: "build-real-kas/repos/git/poky/meta/conf/machine/qemuarm64.conf"
[2m2025-12-06T06:29:15.890719Z[0m [32m INFO[0m [2mconvenient_bitbake::layer_context[0m[2m:[0m Loading machine configuration for: qemuarm64
[2m2025-12-06T06:29:15.890738Z[0m [32m INFO[0m [2mconvenient_bitbake::layer_context[0m[2m:[0m Loading configuration file: "build-real-kas/repos/git/poky/meta/conf/machine/qemuarm64.conf"
[2m2025-12-06T06:29:15.920183Z[0m [32m INFO[0m [2mconvenient_bitbake::layer_context[0m[2m:[0m Found distro config: "build-real-kas/repos/git/poky/meta-poky/conf/distro/poky.conf"
[2m2025-12-06T06:29:15.920227Z[0m [32m INFO[0m [2mconvenient_bitbake::layer_context[0m[2m:[0m Loading distro configuration for: poky
[2m2025-12-06T06:29:15.920241Z[0m [32m INFO[0m [2mconvenient_bitbake::layer_context[0m[2m:[0m Loading configuration file: "build-real-kas/repos/git/poky/meta-poky/conf/distro/poky.conf"
[2m2025-12-06T06:29:16.124440Z[0m [32m INFO[0m [2mconvenient_bitbake::build_orchestrator[0m[2m:[0m Building recipe dependency graph
[2m2025-12-06T06:29:16.124484Z[0m [32m INFO[0m [2mconvenient_bitbake::build_orchestrator[0m[2m:[0m Class search paths configured: 3
[2m2025-12-06T06:29:16.124505Z[0m [32m INFO[0m [2mconvenient_bitbake::build_orchestrator[0m[2m:[0m   [0] "build-real-kas/repos/git/poky/meta-poky/classes"
[2m2025-12-06T06:29:16.124516Z[0m [32m INFO[0m [2mconvenient_bitbake::build_orchestrator[0m[2m:[0m   [1] "build-real-kas/repos/git/poky/meta/classes"
[2m2025-12-06T06:29:16.124531Z[0m [32m INFO[0m [2mconvenient_bitbake::build_orchestrator[0m[2m:[0m   [2] "build-real-kas/repos/git/poky/meta-yocto-bsp/classes"
[2m2025-12-06T06:29:16.124542Z[0m [32m INFO[0m [2mconvenient_bitbake::pipeline[0m[2m:[0m Stage 3: Building recipe dependency graph
[2m2025-12-06T06:29:22.069667Z[0m [32m INFO[0m [2mconvenient_bitbake::pipeline[0m[2m:[0m   After extract_from_file: busybox has 22 tasks
[2m2025-12-06T06:29:22.069724Z[0m [32m INFO[0m [2mconvenient_bitbake::pipeline[0m[2m:[0m   After extract_from_file: libxcrypt has 17 tasks
[2m2025-12-06T06:29:22.069738Z[0m [32m INFO[0m [2mconvenient_bitbake::pipeline[0m[2m:[0m Adding tasks from extracted implementations
[2m2025-12-06T06:29:22.075182Z[0m [32m INFO[0m [2mconvenient_bitbake::pipeline[0m[2m:[0m   Added 317 tasks from implementations
[2m2025-12-06T06:29:22.075230Z[0m [32m INFO[0m [2mconvenient_bitbake::pipeline[0m[2m:[0m   Recipe 'example' DEPENDS: ["${PATCHDEPENDENCY}", "${POPULATESYSROOTDEPS}"]
[2m2025-12-06T06:29:22.075251Z[0m [32m INFO[0m [2mconvenient_bitbake::pipeline[0m[2m:[0m   Recipe 'acpid' DEPENDS: ["${PATCHDEPENDENCY}", "${POPULATESYSROOTDEPS}"]
[2m2025-12-06T06:29:22.075263Z[0m [32m INFO[0m [2mconvenient_bitbake::pipeline[0m[2m:[0m   Recipe 'alsa-state' DEPENDS: ["${PATCHDEPENDENCY}", "${POPULATESYSROOTDEPS}"]
[2m2025-12-06T06:29:22.075276Z[0m [32m INFO[0m [2mconvenient_bitbake::pipeline[0m[2m:[0m   Recipe 'apmd' DEPENDS: ["${PATCHDEPENDENCY}", "${POPULATESYSROOTDEPS}", "libtool-cross"]
[2m2025-12-06T06:29:22.075350Z[0m [32m INFO[0m [2mconvenient_bitbake::pipeline[0m[2m:[0m   Recipe 'efibootmgr' DEPENDS: ["${PATCHDEPENDENCY}", "${POPULATESYSROOTDEPS}", "efivar", "popt"]
[2m2025-12-06T06:29:22.075369Z[0m [32m INFO[0m [2mconvenient_bitbake::pipeline[0m[2m:[0m   Recipe 'efivar' DEPENDS: ["${PATCHDEPENDENCY}", "${POPULATESYSROOTDEPS}"]
[2m2025-12-06T06:29:22.075387Z[0m [32m INFO[0m [2mconvenient_bitbake::pipeline[0m[2m:[0m   Recipe 'formfactor' DEPENDS: ["${PATCHDEPENDENCY}", "${POPULATESYSROOTDEPS}"]
[2m2025-12-06T06:29:22.075398Z[0m [32m INFO[0m [2mconvenient_bitbake::pipeline[0m[2m:[0m   Recipe 'gnu-efi' DEPENDS: ["${PATCHDEPENDENCY}", "${POPULATESYSROOTDEPS}"]
[2m2025-12-06T06:29:22.075411Z[0m [32m INFO[0m [2mconvenient_bitbake::pipeline[0m[2m:[0m   Recipe 'grub-bootconf' DEPENDS: ["${PATCHDEPENDENCY}", "${POPULATESYSROOTDEPS}"]
[2m2025-12-06T06:29:22.075422Z[0m [32m INFO[0m [2mconvenient_bitbake::pipeline[0m[2m:[0m   Recipe 'grub-efi' DEPENDS: ["${PATCHDEPENDENCY}", "${POPULATESYSROOTDEPS}", "bison-native", "flex-native", "gettext-native", "grub-native"]
[2m2025-12-06T06:29:22.075438Z[0m [32m INFO[0m [2mconvenient_bitbake::pipeline[0m[2m:[0m   Recipe 'grub' DEPENDS: ["${PATCHDEPENDENCY}", "${POPULATESYSROOTDEPS}", "bison-native", "flex-native", "gettext-native"]
[2m2025-12-06T06:29:22.075454Z[0m [32m INFO[0m [2mconvenient_bitbake::pipeline[0m[2m:[0m   Recipe 'keymaps' DEPENDS: ["${PATCHDEPENDENCY}", "${POPULATESYSROOTDEPS}"]
[2m2025-12-06T06:29:22.075474Z[0m [32m INFO[0m [2mconvenient_bitbake::pipeline[0m[2m:[0m   Recipe 'libacpi' DEPENDS: ["${PATCHDEPENDENCY}", "${POPULATESYSROOTDEPS}"]
[2m2025-12-06T06:29:22.075499Z[0m [32m INFO[0m [2mconvenient_bitbake::pipeline[0m[2m:[0m   Recipe 'lrzsz' DEPENDS: ["${PATCHDEPENDENCY}", "${POPULATESYSROOTDEPS}"]
[2m2025-12-06T06:29:22.075511Z[0m [32m INFO[0m [2mconvenient_bitbake::pipeline[0m[2m:[0m   Recipe 'opensbi' DEPENDS: ["${@riscv_get_do_compile_depends(d)}", "${PATCHDEPENDENCY}", "${POPULATESYSROOTDEPS}"]
[2m2025-12-06T06:29:22.075524Z[0m [32m INFO[0m [2mconvenient_bitbake::pipeline[0m[2m:[0m   Recipe 'pciutils' DEPENDS: ["${PATCHDEPENDENCY}", "${POPULATESYSROOTDEPS}", "kmod", "zlib"]
[2m2025-12-06T06:29:22.075536Z[0m [32m INFO[0m [2mconvenient_bitbake::pipeline[0m[2m:[0m   Recipe 'pm-utils' DEPENDS: ["${PATCHDEPENDENCY}", "${POPULATESYSROOTDEPS}"]
[2m2025-12-06T06:29:22.075547Z[0m [32m INFO[0m [2mconvenient_bitbake::pipeline[0m[2m:[0m   Recipe 'setserial' DEPENDS: ["${PATCHDEPENDENCY}", "${POPULATESYSROOTDEPS}", "groff-native"]
[2m2025-12-06T06:29:22.075579Z[0m [32m INFO[0m [2mconvenient_bitbake::pipeline[0m[2m:[0m   Recipe 'libubootenv' DEPENDS: ["${PATCHDEPENDENCY}", "${POPULATESYSROOTDEPS}", "zlib"]
[2m2025-12-06T06:29:22.075601Z[0m [32m INFO[0m [2mconvenient_bitbake::pipeline[0m[2m:[0m   Recipe 'u-boot-tools' DEPENDS: ["${PATCHDEPENDENCY}", "${POPULATESYSROOTDEPS}", "bison-native", "flex-native", "openssl"]
[2m2025-12-06T06:29:22.075614Z[0m [32m INFO[0m [2mconvenient_bitbake::pipeline[0m[2m:[0m   Recipe 'u-boot' DEPENDS: ["${@bb.utils.contains", "${PATCHDEPENDENCY}", "${POPULATESYSROOTDEPS}", "'',", "'scr',", "'u-boot-mkimage-native',", "bc-native", "bison-native", "d)}", "dtc-native", "flex-native", "kern-tools-native", "ncurses-native", "openssl-native", "python3-setuptools-native", "swig-native"]
[2m2025-12-06T06:29:22.075634Z[0m [32m INFO[0m [2mconvenient_bitbake::pipeline[0m[2m:[0m   Recipe 'usbinit' DEPENDS: ["${PATCHDEPENDENCY}", "${POPULATESYSROOTDEPS}"]
[2m2025-12-06T06:29:22.075659Z[0m [32m INFO[0m [2mconvenient_bitbake::pipeline[0m[2m:[0m   Recipe 'usbutils' DEPENDS: ["${PATCHDEPENDENCY}", "${POPULATESYSROOTDEPS}", "libusb1", "udev", "virtual/libiconv"]
[2m2025-12-06T06:29:22.075677Z[0m [32m INFO[0m [2mconvenient_bitbake::pipeline[0m[2m:[0m   Recipe 'v86d' DEPENDS: ["${PATCHDEPENDENCY}", "${POPULATESYSROOTDEPS}"]
[2m2025-12-06T06:29:22.075688Z[0m [32m INFO[0m [2mconvenient_bitbake::pipeline[0m[2m:[0m   Recipe 'avahi' DEPENDS: ["${PATCHDEPENDENCY}", "${POPULATESYSROOTDEPS}", "${USERADDSETSCENEDEPS}", "dbus", "expat", "glib-2.0", "libcap", "libdaemon"]
[2m2025-12-06T06:29:22.075701Z[0m [32m INFO[0m [2mconvenient_bitbake::pipeline[0m[2m:[0m   Recipe 'bind' DEPENDS: ["${PATCHDEPENDENCY}", "${POPULATESYSROOTDEPS}", "${USERADDSETSCENEDEPS}", "libcap", "libuv", "openssl", "readline", "zlib"]
[2m2025-12-06T06:29:22.075714Z[0m [32m INFO[0m [2mconvenient_bitbake::pipeline[0m[2m:[0m   Recipe 'bluez5' DEPENDS: ["${PATCHDEPENDENCY}", "${POPULATESYSROOTDEPS}", "dbus", "glib-2.0", "libical", "readline", "udev"]
[2m2025-12-06T06:29:22.075731Z[0m [32m INFO[0m [2mconvenient_bitbake::pipeline[0m[2m:[0m   Recipe 'connman-conf' DEPENDS: ["${PATCHDEPENDENCY}", "${POPULATESYSROOTDEPS}"]
[2m2025-12-06T06:29:22.075741Z[0m [32m INFO[0m [2mconvenient_bitbake::pipeline[0m[2m:[0m   Recipe 'connman-gnome' DEPENDS: ["${PATCHDEPENDENCY}", "${POPULATESYSROOTDEPS}", "dbus-glib", "dbus-glib-native", "gettext-native", "gtk+3", "intltool-native"]
[2m2025-12-06T06:29:22.075753Z[0m [32m INFO[0m [2mconvenient_bitbake::pipeline[0m[2m:[0m   Recipe 'connman' DEPENDS: ["${PATCHDEPENDENCY}", "${POPULATESYSROOTDEPS}", "dbus", "glib-2.0", "gnutls", "iptables", "ppp", "readline"]
[2m2025-12-06T06:29:22.075768Z[0m [32m INFO[0m [2mconvenient_bitbake::pipeline[0m[2m:[0m   Recipe 'dhcpcd' DEPENDS: ["${PATCHDEPENDENCY}", "${POPULATESYSROOTDEPS}", "${USERADDSETSCENEDEPS}", "udev"]
[2m2025-12-06T06:29:22.075781Z[0m [32m INFO[0m [2mconvenient_bitbake::pipeline[0m[2m:[0m   Recipe 'inetutils' DEPENDS: ["${PATCHDEPENDENCY}", "${POPULATESYSROOTDEPS}", "ncurses", "netbase", "readline", "virtual/crypt"]
[2m2025-12-06T06:29:22.075793Z[0m [32m INFO[0m [2mconvenient_bitbake::pipeline[0m[2m:[0m   Recipe 'iproute2' DEPENDS: ["${PATCHDEPENDENCY}", "${POPULATESYSROOTDEPS}", "bison-native", "elfutils", "flex-native", "iptables", "libcap", "libmnl"]
[2m2025-12-06T06:29:22.075806Z[0m [32m INFO[0m [2mconvenient_bitbake::pipeline[0m[2m:[0m   Recipe 'iw' DEPENDS: ["${PATCHDEPENDENCY}", "${POPULATESYSROOTDEPS}", "libnl"]
[2m2025-12-06T06:29:22.075820Z[0m [32m INFO[0m [2mconvenient_bitbake::pipeline[0m[2m:[0m   Recipe 'kea' DEPENDS: ["${PATCHDEPENDENCY}", "${POPULATESYSROOTDEPS}", "boost", "log4cplus", "openssl"]
[2m2025-12-06T06:29:22.075843Z[0m [32m INFO[0m [2mconvenient_bitbake::pipeline[0m[2m:[0m   Recipe 'libnss-mdns' DEPENDS: ["${PATCHDEPENDENCY}", "${POPULATESYSROOTDEPS}", "avahi"]
[2m2025-12-06T06:29:22.075862Z[0m [32m INFO[0m [2mconvenient_bitbake::pipeline[0m[2m:[0m   Recipe 'libpcap' DEPENDS: ["${PATCHDEPENDENCY}", "${POPULATESYSROOTDEPS}", "bison-native", "flex-native"]
[2m2025-12-06T06:29:22.075875Z[0m [32m INFO[0m [2mconvenient_bitbake::pipeline[0m[2m:[0m   Recipe 'libuv' DEPENDS: ["${PATCHDEPENDENCY}", "${POPULATESYSROOTDEPS}"]
[2m2025-12-06T06:29:22.075891Z[0m [32m INFO[0m [2mconvenient_bitbake::pipeline[0m[2m:[0m   Recipe 'mobile-broadband-provider-info' DEPENDS: ["${PATCHDEPENDENCY}", "${POPULATESYSROOTDEPS}", "libxslt-native"]
[2m2025-12-06T06:29:22.075909Z[0m [32m INFO[0m [2mconvenient_bitbake::pipeline[0m[2m:[0m   Recipe 'neard' DEPENDS: ["${PATCHDEPENDENCY}", "${POPULATESYSROOTDEPS}", "dbus", "glib-2.0", "libnl"]
[2m2025-12-06T06:29:22.075923Z[0m [32m INFO[0m [2mconvenient_bitbake::pipeline[0m[2m:[0m   Recipe 'nfs-utils' DEPENDS: ["${PATCHDEPENDENCY}", "${POPULATESYSROOTDEPS}", "${USERADDSETSCENEDEPS}", "libcap", "libevent", "libtirpc", "sqlite3", "tcp-wrappers", "util-linux"]
[2m2025-12-06T06:29:22.075948Z[0m [32m INFO[0m [2mconvenient_bitbake::pipeline[0m[2m:[0m   Recipe 'ofono' DEPENDS: ["${PATCHDEPENDENCY}", "${POPULATESYSROOTDEPS}", "dbus", "ell", "glib-2.0", "mobile-broadband-provider-info", "udev"]
[2m2025-12-06T06:29:22.075961Z[0m [32m INFO[0m [2mconvenient_bitbake::pipeline[0m[2m:[0m   Recipe 'openssh' DEPENDS: ["${@bb.utils.contains", "${PATCHDEPENDENCY}", "${POPULATESYSROOTDEPS}", "${USERADDSETSCENEDEPS}", "'',", "'libpam',", "'pam',", "d)}", "openssl", "virtual/crypt", "zlib"]
[2m2025-12-06T06:29:22.075975Z[0m [32m INFO[0m [2mconvenient_bitbake::pipeline[0m[2m:[0m   Recipe 'openssl' DEPENDS: ["${PATCHDEPENDENCY}", "${POPULATESYSROOTDEPS}"]
[2m2025-12-06T06:29:22.075996Z[0m [32m INFO[0m [2mconvenient_bitbake::pipeline[0m[2m:[0m   Recipe 'ppp' DEPENDS: ["${PATCHDEPENDENCY}", "${POPULATESYSROOTDEPS}", "libpcap", "openssl", "virtual/crypt"]
[2m2025-12-06T06:29:22.076009Z[0m [32m INFO[0m [2mconvenient_bitbake::pipeline[0m[2m:[0m   Recipe 'ppp-dialin' DEPENDS: ["${PATCHDEPENDENCY}", "${POPULATESYSROOTDEPS}", "${USERADDSETSCENEDEPS}", "ppp"]
[2m2025-12-06T06:29:22.076020Z[0m [32m INFO[0m [2mconvenient_bitbake::pipeline[0m[2m:[0m   Recipe 'resolvconf' DEPENDS: ["${PATCHDEPENDENCY}", "${POPULATESYSROOTDEPS}"]
[2m2025-12-06T06:29:22.076034Z[0m [32m INFO[0m [2mconvenient_bitbake::pipeline[0m[2m:[0m   Recipe 'socat' DEPENDS: ["${PATCHDEPENDENCY}", "${POPULATESYSROOTDEPS}", "openssl", "readline"]
[2m2025-12-06T06:29:22.076044Z[0m [32m INFO[0m [2mconvenient_bitbake::pipeline[0m[2m:[0m   Recipe 'ssh-pregen-hostkeys' DEPENDS: ["${PATCHDEPENDENCY}", "${POPULATESYSROOTDEPS}"]
[2m2025-12-06T06:29:22.076054Z[0m [32m INFO[0m [2mconvenient_bitbake::pipeline[0m[2m:[0m   Recipe 'wpa-supplicant' DEPENDS: ["${PATCHDEPENDENCY}", "${POPULATESYSROOTDEPS}", "dbus", "libnl", "openssl"]
[2m2025-12-06T06:29:22.076071Z[0m [32m INFO[0m [2mconvenient_bitbake::pipeline[0m[2m:[0m   Recipe 'base-files' DEPENDS: ["${PATCHDEPENDENCY}", "${POPULATESYSROOTDEPS}"]
[2m2025-12-06T06:29:22.076085Z[0m [32m INFO[0m [2mconvenient_bitbake::pipeline[0m[2m:[0m   Recipe 'base-passwd' DEPENDS: ["${PATCHDEPENDENCY}", "${POPULATESYSROOTDEPS}"]
[2m2025-12-06T06:29:22.076127Z[0m [32m INFO[0m [2mconvenient_bitbake::pipeline[0m[2m:[0m   Recipe 'busybox-inittab' DEPENDS: ["${PATCHDEPENDENCY}", "${POPULATESYSROOTDEPS}"]
[2m2025-12-06T06:29:22.076201Z[0m [32m INFO[0m [2mconvenient_bitbake::pipeline[0m[2m:[0m   Recipe 'busybox' DEPENDS: ["${PATCHDEPENDENCY}", "${POPULATESYSROOTDEPS}", "kern-tools-native", "ncurses-native", "virtual/crypt"]
[2m2025-12-06T06:29:22.076238Z[0m [32m INFO[0m [2mconvenient_bitbake::pipeline[0m[2m:[0m   Recipe 'coreutils' DEPENDS: ["${PATCHDEPENDENCY}", "${POPULATESYSROOTDEPS}", "gmp", "libcap"]
[2m2025-12-06T06:29:22.076254Z[0m [32m INFO[0m [2mconvenient_bitbake::pipeline[0m[2m:[0m   Recipe 'dbus-glib' DEPENDS: ["${PATCHDEPENDENCY}", "${POPULATESYSROOTDEPS}", "dbus", "dbus-glib-native", "expat", "glib-2.0", "virtual/libintl"]
[2m2025-12-06T06:29:22.076268Z[0m [32m INFO[0m [2mconvenient_bitbake::pipeline[0m[2m:[0m   Recipe 'dbus' DEPENDS: ["${PATCHDEPENDENCY}", "${POPULATESYSROOTDEPS}", "${USERADDSETSCENEDEPS}", "autoconf-archive", "expat", "glib-2.0", "virtual/libintl"]
[2m2025-12-06T06:29:22.076282Z[0m [32m INFO[0m [2mconvenient_bitbake::pipeline[0m[2m:[0m   Recipe 'dbus-wait' DEPENDS: ["${PATCHDEPENDENCY}", "${POPULATESYSROOTDEPS}", "dbus"]
[2m2025-12-06T06:29:22.076295Z[0m [32m INFO[0m [2mconvenient_bitbake::pipeline[0m[2m:[0m   Recipe 'dropbear' DEPENDS: ["${@bb.utils.contains", "${PATCHDEPENDENCY}", "${POPULATESYSROOTDEPS}", "'',", "'libpam',", "'pam',", "d)}", "virtual/crypt", "zlib"]
[2m2025-12-06T06:29:22.076315Z[0m [32m INFO[0m [2mconvenient_bitbake::pipeline[0m[2m:[0m   Recipe 'ell' DEPENDS: ["${PATCHDEPENDENCY}", "${POPULATESYSROOTDEPS}", "dbus"]
[2m2025-12-06T06:29:22.076327Z[0m [32m INFO[0m [2mconvenient_bitbake::pipeline[0m[2m:[0m   Recipe 'expat' DEPENDS: ["${PATCHDEPENDENCY}", "${POPULATESYSROOTDEPS}"]
[2m2025-12-06T06:29:22.076350Z[0m [32m INFO[0m [2mconvenient_bitbake::pipeline[0m[2m:[0m   Recipe 'fts' DEPENDS: ["${PATCHDEPENDENCY}", "${POPULATESYSROOTDEPS}"]
[2m2025-12-06T06:29:22.076358Z[0m [32m INFO[0m [2mconvenient_bitbake::pipeline[0m[2m:[0m   Recipe 'gettext-minimal-native' DEPENDS: ["${PATCHDEPENDENCY}", "${POPULATESYSROOTDEPS}"]
[2m2025-12-06T06:29:22.076368Z[0m [32m INFO[0m [2mconvenient_bitbake::pipeline[0m[2m:[0m   Recipe 'gettext' DEPENDS: ["${PATCHDEPENDENCY}", "${POPULATESYSROOTDEPS}", "gettext-native", "glib-2.0", "libcroco", "libxml2", "virtual/libiconv"]
[2m2025-12-06T06:29:22.076379Z[0m [32m INFO[0m [2mconvenient_bitbake::pipeline[0m[2m:[0m   Recipe 'glib-2.0' DEPENDS: ["${@'", "${PATCHDEPENDENCY}", "${POPULATESYSROOTDEPS}", "''}", "'True'", "==", "else", "gettext-native", "glib-2.0-native", "gtk-doc'", "if", "libffi", "libpcre", "util-linux", "virtual/libiconv", "virtual/libintl", "zlib"]
[2m2025-12-06T06:29:22.076403Z[0m [32m INFO[0m [2mconvenient_bitbake::pipeline[0m[2m:[0m   Recipe 'glib-networking' DEPENDS: ["${PATCHDEPENDENCY}", "${POPULATESYSROOTDEPS}", "glib-2.0", "openssl"]
[2m2025-12-06T06:29:22.076439Z[0m [32m INFO[0m [2mconvenient_bitbake::pipeline[0m[2m:[0m   Recipe 'cross-localedef-native' DEPENDS: ["${PATCHDEPENDENCY}", "${POPULATESYSROOTDEPS}"]
[2m2025-12-06T06:29:22.076450Z[0m [32m INFO[0m [2mconvenient_bitbake::pipeline[0m[2m:[0m   Recipe 'glibc-locale' DEPENDS: ["${PATCHDEPENDENCY}", "${POPULATESYSROOTDEPS}", "virtual/${MLPREFIX}libc"]
[2m2025-12-06T06:29:22.076469Z[0m [32m INFO[0m [2mconvenient_bitbake::pipeline[0m[2m:[0m   Recipe 'glibc-mtrace' DEPENDS: ["${PATCHDEPENDENCY}", "${POPULATESYSROOTDEPS}", "virtual/${MLPREFIX}libc"]
[2m2025-12-06T06:29:22.076489Z[0m [32m INFO[0m [2mconvenient_bitbake::pipeline[0m[2m:[0m   Recipe 'glibc-scripts' DEPENDS: ["${PATCHDEPENDENCY}", "${POPULATESYSROOTDEPS}", "virtual/${MLPREFIX}libc"]
[2m2025-12-06T06:29:22.076504Z[0m [32m INFO[0m [2mconvenient_bitbake::pipeline[0m[2m:[0m   Recipe 'glibc-tests' DEPENDS: ["${PATCHDEPENDENCY}", "${POPULATESYSROOTDEPS}", "bison-native", "gcc-runtime", "glibc-locale", "gperf-native", "libgcc", "linux-libc-headers", "sed", "virtual/${TARGET_PREFIX}binutils${BUSUFFIX}", "virtual/${TARGET_PREFIX}gcc"]
[2m2025-12-06T06:29:22.076520Z[0m [32m INFO[0m [2mconvenient_bitbake::pipeline[0m[2m:[0m   Recipe 'glibc-testsuite' DEPENDS: ["${@'qemu-native'", "${PATCHDEPENDENCY}", "${POPULATESYSROOTDEPS}", "''}", "'user'", "==", "bison-native", "else", "gcc-runtime", "glibc-locale", "gperf-native", "if", "libgcc", "linux-libc-headers", "virtual/${TARGET_PREFIX}binutils${BUSUFFIX}", "virtual/${TARGET_PREFIX}gcc"]
[2m2025-12-06T06:29:22.076536Z[0m [32m INFO[0m [2mconvenient_bitbake::pipeline[0m[2m:[0m   Recipe 'glibc' DEPENDS: ["${PATCHDEPENDENCY}", "${POPULATESYSROOTDEPS}", "bison-native", "gperf-native", "libgcc-initial", "linux-libc-headers", "virtual/${TARGET_PREFIX}binutils${BUSUFFIX}", "virtual/${TARGET_PREFIX}gcc"]
[2m2025-12-06T06:29:22.076549Z[0m [32m INFO[0m [2mconvenient_bitbake::pipeline[0m[2m:[0m   Recipe 'ldconfig-native' DEPENDS: ["${PATCHDEPENDENCY}", "${POPULATESYSROOTDEPS}"]
[2m2025-12-06T06:29:22.076559Z[0m [32m INFO[0m [2mconvenient_bitbake::pipeline[0m[2m:[0m   Recipe 'ifupdown' DEPENDS: ["${PATCHDEPENDENCY}", "${POPULATESYSROOTDEPS}"]
[2m2025-12-06T06:29:22.076575Z[0m [32m INFO[0m [2mconvenient_bitbake::pipeline[0m[2m:[0m   Recipe 'build-appliance-image' DEPENDS: ["\"do_packagedata", "${KERNEL_DEPLOY_DEPEND}", "${PATCHDEPENDENCY}", "${POPULATESYSROOTDEPS}", "+=", "do_rootfs[recrdeptask]", "python3-pip-native", "zip-native"]
[2m2025-12-06T06:29:22.076608Z[0m [32m INFO[0m [2mconvenient_bitbake::pipeline[0m[2m:[0m   Recipe 'core-image-base' DEPENDS: ["\"do_packagedata", "${KERNEL_DEPLOY_DEPEND}", "${PATCHDEPENDENCY}", "${POPULATESYSROOTDEPS}", "+=", "do_rootfs[recrdeptask]"]
[2m2025-12-06T06:29:22.076619Z[0m [32m INFO[0m [2mconvenient_bitbake::pipeline[0m[2m:[0m   Recipe 'core-image-minimal-dev' DEPENDS: ["\"do_packagedata", "${KERNEL_DEPLOY_DEPEND}", "${PATCHDEPENDENCY}", "${POPULATESYSROOTDEPS}", "+=", "do_rootfs[recrdeptask]"]
[2m2025-12-06T06:29:22.076640Z[0m [32m INFO[0m [2mconvenient_bitbake::pipeline[0m[2m:[0m   Recipe 'core-image-minimal-initramfs' DEPENDS: ["\"do_packagedata", "${KERNEL_DEPLOY_DEPEND}", "${PATCHDEPENDENCY}", "${POPULATESYSROOTDEPS}", "+=", "do_rootfs[recrdeptask]"]
[2m2025-12-06T06:29:22.076654Z[0m [32m INFO[0m [2mconvenient_bitbake::pipeline[0m[2m:[0m   Recipe 'core-image-minimal-mtdutils' DEPENDS: ["\"do_packagedata", "${KERNEL_DEPLOY_DEPEND}", "${PATCHDEPENDENCY}", "${POPULATESYSROOTDEPS}", "+=", "do_rootfs[recrdeptask]"]
[2m2025-12-06T06:29:22.076671Z[0m [32m INFO[0m [2mconvenient_bitbake::pipeline[0m[2m:[0m   Recipe 'core-image-minimal' DEPENDS: ["\"do_packagedata", "${KERNEL_DEPLOY_DEPEND}", "${PATCHDEPENDENCY}", "${POPULATESYSROOTDEPS}", "+=", "do_rootfs[recrdeptask]"]
[2m2025-12-06T06:29:22.076684Z[0m [32m INFO[0m [2mconvenient_bitbake::pipeline[0m[2m:[0m   Recipe 'core-image-ptest-all' DEPENDS: ["\"do_packagedata", "${KERNEL_DEPLOY_DEPEND}", "${PATCHDEPENDENCY}", "${POPULATESYSROOTDEPS}", "+=", "do_rootfs[recrdeptask]"]
[2m2025-12-06T06:29:22.076702Z[0m [32m INFO[0m [2mconvenient_bitbake::pipeline[0m[2m:[0m   Recipe 'core-image-ptest-fast' DEPENDS: ["\"do_packagedata", "${KERNEL_DEPLOY_DEPEND}", "${PATCHDEPENDENCY}", "${POPULATESYSROOTDEPS}", "+=", "do_rootfs[recrdeptask]"]
[2m2025-12-06T06:29:22.076720Z[0m [32m INFO[0m [2mconvenient_bitbake::pipeline[0m[2m:[0m   Recipe 'core-image-tiny-initramfs' DEPENDS: ["\"do_packagedata", "${KERNEL_DEPLOY_DEPEND}", "${PATCHDEPENDENCY}", "${POPULATESYSROOTDEPS}", "+=", "do_rootfs[recrdeptask]"]
[2m2025-12-06T06:29:22.076746Z[0m [32m INFO[0m [2mconvenient_bitbake::pipeline[0m[2m:[0m   Recipe 'init-ifupdown' DEPENDS: ["${PATCHDEPENDENCY}", "${POPULATESYSROOTDEPS}"]
[2m2025-12-06T06:29:22.076761Z[0m [32m INFO[0m [2mconvenient_bitbake::pipeline[0m[2m:[0m   Recipe 'initramfs-boot' DEPENDS: ["${PATCHDEPENDENCY}", "${POPULATESYSROOTDEPS}"]
[2m2025-12-06T06:29:22.076771Z[0m [32m INFO[0m [2mconvenient_bitbake::pipeline[0m[2m:[0m   Recipe 'initramfs-framework' DEPENDS: ["${PATCHDEPENDENCY}", "${POPULATESYSROOTDEPS}"]
[2m2025-12-06T06:29:22.076797Z[0m [32m INFO[0m [2mconvenient_bitbake::pipeline[0m[2m:[0m   Recipe 'initramfs-live-boot-tiny' DEPENDS: ["${PATCHDEPENDENCY}", "${POPULATESYSROOTDEPS}", "virtual/kernel"]
[2m2025-12-06T06:29:22.076808Z[0m [32m INFO[0m [2mconvenient_bitbake::pipeline[0m[2m:[0m   Recipe 'initramfs-live-boot' DEPENDS: ["${PATCHDEPENDENCY}", "${POPULATESYSROOTDEPS}", "virtual/kernel"]
[2m2025-12-06T06:29:22.076825Z[0m [32m INFO[0m [2mconvenient_bitbake::pipeline[0m[2m:[0m   Recipe 'initramfs-live-install-efi-testfs' DEPENDS: ["${PATCHDEPENDENCY}", "${POPULATESYSROOTDEPS}"]
[2m2025-12-06T06:29:22.076855Z[0m [32m INFO[0m [2mconvenient_bitbake::pipeline[0m[2m:[0m   Recipe 'initramfs-live-install-efi' DEPENDS: ["${PATCHDEPENDENCY}", "${POPULATESYSROOTDEPS}"]
[2m2025-12-06T06:29:22.076875Z[0m [32m INFO[0m [2mconvenient_bitbake::pipeline[0m[2m:[0m   Recipe 'initramfs-live-install-testfs' DEPENDS: ["${PATCHDEPENDENCY}", "${POPULATESYSROOTDEPS}"]
[2m2025-12-06T06:29:22.076945Z[0m [32m INFO[0m [2mconvenient_bitbake::pipeline[0m[2m:[0m   Recipe 'initramfs-live-install' DEPENDS: ["${PATCHDEPENDENCY}", "${POPULATESYSROOTDEPS}"]
[2m2025-12-06T06:29:22.076966Z[0m [32m INFO[0m [2mconvenient_bitbake::pipeline[0m[2m:[0m   Recipe 'initramfs-module-install-efi' DEPENDS: ["${PATCHDEPENDENCY}", "${POPULATESYSROOTDEPS}"]
[2m2025-12-06T06:29:22.076989Z[0m [32m INFO[0m [2mconvenient_bitbake::pipeline[0m[2m:[0m   Recipe 'initramfs-module-install' DEPENDS: ["${PATCHDEPENDENCY}", "${POPULATESYSROOTDEPS}"]
[2m2025-12-06T06:29:22.077081Z[0m [32m INFO[0m [2mconvenient_bitbake::pipeline[0m[2m:[0m   Recipe 'initramfs-module-setup-live' DEPENDS: ["${PATCHDEPENDENCY}", "${POPULATESYSROOTDEPS}"]
[2m2025-12-06T06:29:22.077120Z[0m [32m INFO[0m [2mconvenient_bitbake::pipeline[0m[2m:[0m   Recipe 'init-system-helpers' DEPENDS: ["${PATCHDEPENDENCY}", "${POPULATESYSROOTDEPS}"]
[2m2025-12-06T06:29:22.077140Z[0m [32m INFO[0m [2mconvenient_bitbake::pipeline[0m[2m:[0m   Recipe 'initscripts' DEPENDS: ["${PATCHDEPENDENCY}", "${POPULATESYSROOTDEPS}", "update-rc.d-native"]
[2m2025-12-06T06:29:22.077153Z[0m [32m INFO[0m [2mconvenient_bitbake::pipeline[0m[2m:[0m   Recipe 'kbd' DEPENDS: ["${PATCHDEPENDENCY}", "${POPULATESYSROOTDEPS}", "flex-native"]
[2m2025-12-06T06:29:22.077166Z[0m [32m INFO[0m [2mconvenient_bitbake::pipeline[0m[2m:[0m   Recipe 'libcgroup' DEPENDS: ["${PATCHDEPENDENCY}", "${POPULATESYSROOTDEPS}", "bison-native", "flex-native", "fts"]
[2m2025-12-06T06:29:22.077195Z[0m [32m INFO[0m [2mconvenient_bitbake::pipeline[0m[2m:[0m   Recipe 'libxcrypt-compat' DEPENDS: ["${PATCHDEPENDENCY}", "${POPULATESYSROOTDEPS}"]
[2m2025-12-06T06:29:22.077207Z[0m [32m INFO[0m [2mconvenient_bitbake::pipeline[0m[2m:[0m   Recipe 'libxcrypt' DEPENDS: ["${PATCHDEPENDENCY}", "${POPULATESYSROOTDEPS}"]
[2m2025-12-06T06:29:22.077217Z[0m [32m INFO[0m [2mconvenient_bitbake::pipeline[0m[2m:[0m   Recipe 'libxml2' DEPENDS: ["${PATCHDEPENDENCY}", "${POPULATESYSROOTDEPS}", "python3", "virtual/libiconv", "zlib"]
[2m2025-12-06T06:29:22.077228Z[0m [32m INFO[0m [2mconvenient_bitbake::pipeline[0m[2m:[0m   Recipe 'build-sysroots' DEPENDS: ["${PATCHDEPENDENCY}", "${POPULATESYSROOTDEPS}"]
[2m2025-12-06T06:29:22.077245Z[0m [32m INFO[0m [2mconvenient_bitbake::pipeline[0m[2m:[0m   Recipe 'buildtools-docs-tarball' DEPENDS: ["${PATCHDEPENDENCY}", "${POPULATESYSROOTDEPS}"]
[2m2025-12-06T06:29:22.077254Z[0m [32m INFO[0m [2mconvenient_bitbake::pipeline[0m[2m:[0m   Recipe 'buildtools-extended-tarball' DEPENDS: ["${PATCHDEPENDENCY}", "${POPULATESYSROOTDEPS}"]
[2m2025-12-06T06:29:22.077263Z[0m [32m INFO[0m [2mconvenient_bitbake::pipeline[0m[2m:[0m   Recipe 'buildtools-tarball' DEPENDS: ["${@'", "${@d.getVarFlag('do_rootfs',", "${PATCHDEPENDENCY}", "${POPULATESYSROOTDEPS}", "'", "'.join([x", "'depends',", "+", "False)}", "d.getVar('SDK_DEPENDS').split()])}", "for", "in", "x", "xz-native"]
[2m2025-12-06T06:29:22.077277Z[0m [32m INFO[0m [2mconvenient_bitbake::pipeline[0m[2m:[0m   Recipe 'cve-update-db-native' DEPENDS: ["${PATCHDEPENDENCY}", "${POPULATESYSROOTDEPS}"]
[2m2025-12-06T06:29:22.077288Z[0m [32m INFO[0m [2mconvenient_bitbake::pipeline[0m[2m:[0m   Recipe 'cve-update-nvd2-native' DEPENDS: ["${PATCHDEPENDENCY}", "${POPULATESYSROOTDEPS}"]
[2m2025-12-06T06:29:22.077298Z[0m [32m INFO[0m [2mconvenient_bitbake::pipeline[0m[2m:[0m   Recipe 'meta-environment-extsdk' DEPENDS: ["${@oe.utils.build_depends_string(all_multilib_tune_values(d,", "${PATCHDEPENDENCY}", "${POPULATESYSROOTDEPS}", "'TOOLCHAIN_NEED_CONFIGSITE_CACHE'),", "'do_populate_sysroot')}"]
[2m2025-12-06T06:29:22.077312Z[0m [32m INFO[0m [2mconvenient_bitbake::pipeline[0m[2m:[0m   Recipe 'meta-environment' DEPENDS: ["${@oe.utils.build_depends_string(all_multilib_tune_values(d,", "${PATCHDEPENDENCY}", "${POPULATESYSROOTDEPS}", "'TOOLCHAIN_NEED_CONFIGSITE_CACHE'),", "'do_populate_sysroot')}"]
[2m2025-12-06T06:29:22.077337Z[0m [32m INFO[0m [2mconvenient_bitbake::pipeline[0m[2m:[0m   Recipe 'meta-extsdk-toolchain' DEPENDS: ["${PATCHDEPENDENCY}", "${POPULATESYSROOTDEPS}", "gdb-cross-x86-64", "qemu-helper-native", "qemu-native", "unfs3-native", "virtual/libc"]
[2m2025-12-06T06:29:22.077354Z[0m [32m INFO[0m [2mconvenient_bitbake::pipeline[0m[2m:[0m   Recipe 'meta-go-toolchain' DEPENDS: ["${@'", "${@d.getVarFlag('do_rootfs',", "${PATCHDEPENDENCY}", "${POPULATESYSROOTDEPS}", "'", "'.join([x", "'depends',", "+", "False)}", "d.getVar('SDK_DEPENDS').split()])}", "for", "in", "x"]
[2m2025-12-06T06:29:22.077375Z[0m [32m INFO[0m [2mconvenient_bitbake::pipeline[0m[2m:[0m   Recipe 'meta-ide-support' DEPENDS: ["${PATCHDEPENDENCY}", "${POPULATESYSROOTDEPS}", "cmake-native", "gdb-cross-x86-64", "qemu-helper-native", "qemu-native", "unfs3-native", "virtual/libc"]
[2m2025-12-06T06:29:22.077387Z[0m [32m INFO[0m [2mconvenient_bitbake::pipeline[0m[2m:[0m   Recipe 'meta-toolchain' DEPENDS: ["${@'", "${@d.getVarFlag('do_rootfs',", "${PATCHDEPENDENCY}", "${POPULATESYSROOTDEPS}", "'", "'.join([x", "'depends',", "+", "False)}", "d.getVar('SDK_DEPENDS').split()])}", "for", "in", "x"]
[2m2025-12-06T06:29:22.077408Z[0m [32m INFO[0m [2mconvenient_bitbake::pipeline[0m[2m:[0m   Recipe 'meta-world-pkgdata' DEPENDS: ["${PATCHDEPENDENCY}", "${POPULATESYSROOTDEPS}"]
[2m2025-12-06T06:29:22.077418Z[0m [32m INFO[0m [2mconvenient_bitbake::pipeline[0m[2m:[0m   Recipe 'nativesdk-buildtools-perl-dummy' DEPENDS: ["${PATCHDEPENDENCY}", "${POPULATESYSROOTDEPS}"]
[2m2025-12-06T06:29:22.077435Z[0m [32m INFO[0m [2mconvenient_bitbake::pipeline[0m[2m:[0m   Recipe 'nativesdk-sdk-provides-dummy' DEPENDS: ["${PATCHDEPENDENCY}", "${POPULATESYSROOTDEPS}"]
[2m2025-12-06T06:29:22.077455Z[0m [32m INFO[0m [2mconvenient_bitbake::pipeline[0m[2m:[0m   Recipe 'package-index' DEPENDS: ["${PACKAGEINDEXDEPS}", "${PATCHDEPENDENCY}", "${POPULATESYSROOTDEPS}"]
[2m2025-12-06T06:29:22.077473Z[0m [32m INFO[0m [2mconvenient_bitbake::pipeline[0m[2m:[0m   Recipe 'signing-keys' DEPENDS: ["${PATCHDEPENDENCY}", "${POPULATESYSROOTDEPS}", "gnupg-native"]
[2m2025-12-06T06:29:22.077487Z[0m [32m INFO[0m [2mconvenient_bitbake::pipeline[0m[2m:[0m   Recipe 'target-sdk-provides-dummy' DEPENDS: ["${PATCHDEPENDENCY}", "${POPULATESYSROOTDEPS}"]
[2m2025-12-06T06:29:22.077498Z[0m [32m INFO[0m [2mconvenient_bitbake::pipeline[0m[2m:[0m   Recipe 'testexport-tarball' DEPENDS: ["${@'", "${@d.getVarFlag('do_rootfs',", "${PATCHDEPENDENCY}", "${POPULATESYSROOTDEPS}", "'", "'.join([x", "'depends',", "+", "False)}", "d.getVar('SDK_DEPENDS').split()])}", "for", "in", "x"]
[2m2025-12-06T06:29:22.077524Z[0m [32m INFO[0m [2mconvenient_bitbake::pipeline[0m[2m:[0m   Recipe 'uninative-tarball' DEPENDS: ["${@'", "${@d.getVarFlag('do_rootfs',", "${PATCHDEPENDENCY}", "${POPULATESYSROOTDEPS}", "'", "'.join([x", "'depends',", "+", "False)}", "d.getVar('SDK_DEPENDS').split()])}", "for", "in", "x"]
[2m2025-12-06T06:29:22.077539Z[0m [32m INFO[0m [2mconvenient_bitbake::pipeline[0m[2m:[0m   Recipe 'wic-tools' DEPENDS: ["${PATCHDEPENDENCY}", "${POPULATESYSROOTDEPS}", "bmap-tools-native", "btrfs-tools-native", "cdrtools-native", "dosfstools-native", "e2fsprogs-native", "erofs-utils-native", "gptfdisk-native", "grub-efi", "grub-native", "mtools-native", "parted-native", "pseudo-native", "squashfs-tools-native", "syslinux", "syslinux-native", "systemd-boot", "tar-native", "util-linux-native", "virtual/${TARGET_PREFIX}binutils"]
[2m2025-12-06T06:29:22.077560Z[0m [32m INFO[0m [2mconvenient_bitbake::pipeline[0m[2m:[0m   Recipe 'bsd-headers' DEPENDS: ["${PATCHDEPENDENCY}", "${POPULATESYSROOTDEPS}"]
[2m2025-12-06T06:29:22.077572Z[0m [32m INFO[0m [2mconvenient_bitbake::pipeline[0m[2m:[0m   Recipe 'gcompat' DEPENDS: ["${PATCHDEPENDENCY}", "${POPULATESYSROOTDEPS}", "musl-obstack"]
[2m2025-12-06T06:29:22.077582Z[0m [32m INFO[0m [2mconvenient_bitbake::pipeline[0m[2m:[0m   Recipe 'libssp-nonshared' DEPENDS: ["${PATCHDEPENDENCY}", "${POPULATESYSROOTDEPS}", "virtual/${TARGET_PREFIX}binutils", "virtual/${TARGET_PREFIX}gcc"]
[2m2025-12-06T06:29:22.077602Z[0m [32m INFO[0m [2mconvenient_bitbake::pipeline[0m[2m:[0m   Recipe 'libucontext' DEPENDS: ["${PATCHDEPENDENCY}", "${POPULATESYSROOTDEPS}"]
[2m2025-12-06T06:29:22.077611Z[0m [32m INFO[0m [2mconvenient_bitbake::pipeline[0m[2m:[0m   Recipe 'musl-obstack' DEPENDS: ["${PATCHDEPENDENCY}", "${POPULATESYSROOTDEPS}"]
[2m2025-12-06T06:29:22.077624Z[0m [32m INFO[0m [2mconvenient_bitbake::pipeline[0m[2m:[0m   Recipe 'musl-utils' DEPENDS: ["${PATCHDEPENDENCY}", "${POPULATESYSROOTDEPS}"]
[2m2025-12-06T06:29:22.077643Z[0m [32m INFO[0m [2mconvenient_bitbake::pipeline[0m[2m:[0m   Recipe 'musl' DEPENDS: ["${PATCHDEPENDENCY}", "${POPULATESYSROOTDEPS}", "bsd-headers", "libgcc-initial", "libssp-nonshared", "linux-libc-headers", "virtual/${TARGET_PREFIX}binutils", "virtual/${TARGET_PREFIX}gcc"]
[2m2025-12-06T06:29:22.077659Z[0m [32m INFO[0m [2mconvenient_bitbake::pipeline[0m[2m:[0m   Recipe 'ncurses' DEPENDS: ["${PATCHDEPENDENCY}", "${POPULATESYSROOTDEPS}", "ncurses-native", "unifdef-native"]
[2m2025-12-06T06:29:22.077677Z[0m [32m INFO[0m [2mconvenient_bitbake::pipeline[0m[2m:[0m   Recipe 'netbase' DEPENDS: ["${PATCHDEPENDENCY}", "${POPULATESYSROOTDEPS}"]
[2m2025-12-06T06:29:22.077686Z[0m [32m INFO[0m [2mconvenient_bitbake::pipeline[0m[2m:[0m   Recipe 'libgloss' DEPENDS: ["${PATCHDEPENDENCY}", "${POPULATESYSROOTDEPS}", "newlib", "virtual/${TARGET_PREFIX}gcc"]
[2m2025-12-06T06:29:22.077698Z[0m [32m INFO[0m [2mconvenient_bitbake::pipeline[0m[2m:[0m   Recipe 'newlib' DEPENDS: ["${PATCHDEPENDENCY}", "${POPULATESYSROOTDEPS}", "virtual/${TARGET_PREFIX}gcc"]
[2m2025-12-06T06:29:22.077716Z[0m [32m INFO[0m [2mconvenient_bitbake::pipeline[0m[2m:[0m   Recipe 'os-release' DEPENDS: ["${PATCHDEPENDENCY}", "${POPULATESYSROOTDEPS}"]
[2m2025-12-06T06:29:22.077724Z[0m [32m INFO[0m [2mconvenient_bitbake::pipeline[0m[2m:[0m   Recipe 'ovmf-shell-image' DEPENDS: ["\"do_packagedata", "${KERNEL_DEPLOY_DEPEND}", "${PATCHDEPENDENCY}", "${POPULATESYSROOTDEPS}", "+=", "do_rootfs[recrdeptask]"]
[2m2025-12-06T06:29:22.077743Z[0m [32m INFO[0m [2mconvenient_bitbake::pipeline[0m[2m:[0m   Recipe 'ovmf' DEPENDS: ["${DEPLOYDEP}", "${PATCHDEPENDENCY}", "${POPULATESYSROOTDEPS}", "acpica-native", "nasm-native", "ovmf-native", "util-linux-native"]
[2m2025-12-06T06:29:22.077754Z[0m [32m INFO[0m [2mconvenient_bitbake::pipeline[0m[2m:[0m   Recipe 'nativesdk-packagegroup-sdk-host' DEPENDS: ["${PATCHDEPENDENCY}", "${POPULATESYSROOTDEPS}"]
[2m2025-12-06T06:29:22.077770Z[0m [32m INFO[0m [2mconvenient_bitbake::pipeline[0m[2m:[0m   Recipe 'packagegroup-base' DEPENDS: ["${PATCHDEPENDENCY}", "${POPULATESYSROOTDEPS}"]
[2m2025-12-06T06:29:22.077786Z[0m [32m INFO[0m [2mconvenient_bitbake::pipeline[0m[2m:[0m   Recipe 'packagegroup-core-boot' DEPENDS: ["${PATCHDEPENDENCY}", "${POPULATESYSROOTDEPS}"]
[2m2025-12-06T06:29:22.077797Z[0m [32m INFO[0m [2mconvenient_bitbake::pipeline[0m[2m:[0m   Recipe 'packagegroup-core-buildessential' DEPENDS: ["${PATCHDEPENDENCY}", "${POPULATESYSROOTDEPS}"]
[2m2025-12-06T06:29:22.077806Z[0m [32m INFO[0m [2mconvenient_bitbake::pipeline[0m[2m:[0m   Recipe 'packagegroup-core-eclipse-debug' DEPENDS: ["${PATCHDEPENDENCY}", "${POPULATESYSROOTDEPS}"]
[2m2025-12-06T06:29:22.077823Z[0m [32m INFO[0m [2mconvenient_bitbake::pipeline[0m[2m:[0m   Recipe 'packagegroup-core-nfs' DEPENDS: ["${PATCHDEPENDENCY}", "${POPULATESYSROOTDEPS}"]
[2m2025-12-06T06:29:22.077853Z[0m [32m INFO[0m [2mconvenient_bitbake::pipeline[0m[2m:[0m   Recipe 'packagegroup-core-sdk' DEPENDS: ["${PATCHDEPENDENCY}", "${POPULATESYSROOTDEPS}"]
[2m2025-12-06T06:29:22.077866Z[0m [32m INFO[0m [2mconvenient_bitbake::pipeline[0m[2m:[0m   Recipe 'packagegroup-core-ssh-dropbear' DEPENDS: ["${PATCHDEPENDENCY}", "${POPULATESYSROOTDEPS}"]
[2m2025-12-06T06:29:22.077876Z[0m [32m INFO[0m [2mconvenient_bitbake::pipeline[0m[2m:[0m   Recipe 'packagegroup-core-ssh-openssh' DEPENDS: ["${PATCHDEPENDENCY}", "${POPULATESYSROOTDEPS}"]
[2m2025-12-06T06:29:22.077885Z[0m [32m INFO[0m [2mconvenient_bitbake::pipeline[0m[2m:[0m   Recipe 'packagegroup-core-standalone-sdk-target' DEPENDS: ["${PATCHDEPENDENCY}", "${POPULATESYSROOTDEPS}"]
[2m2025-12-06T06:29:22.077902Z[0m [32m INFO[0m [2mconvenient_bitbake::pipeline[0m[2m:[0m   Recipe 'packagegroup-core-tools-debug' DEPENDS: ["${PATCHDEPENDENCY}", "${POPULATESYSROOTDEPS}"]
[2m2025-12-06T06:29:22.077921Z[0m [32m INFO[0m [2mconvenient_bitbake::pipeline[0m[2m:[0m   Recipe 'packagegroup-core-tools-profile' DEPENDS: ["${PATCHDEPENDENCY}", "${POPULATESYSROOTDEPS}"]
[2m2025-12-06T06:29:22.077951Z[0m [32m INFO[0m [2mconvenient_bitbake::pipeline[0m[2m:[0m   Recipe 'packagegroup-core-tools-testapps' DEPENDS: ["${PATCHDEPENDENCY}", "${POPULATESYSROOTDEPS}"]
[2m2025-12-06T06:29:22.077965Z[0m [32m INFO[0m [2mconvenient_bitbake::pipeline[0m[2m:[0m   Recipe 'packagegroup-cross-canadian' DEPENDS: ["${PATCHDEPENDENCY}", "${POPULATESYSROOTDEPS}"]
[2m2025-12-06T06:29:22.077983Z[0m [32m INFO[0m [2mconvenient_bitbake::pipeline[0m[2m:[0m   Recipe 'packagegroup-go-cross-canadian' DEPENDS: ["${PATCHDEPENDENCY}", "${POPULATESYSROOTDEPS}"]
[2m2025-12-06T06:29:22.077996Z[0m [32m INFO[0m [2mconvenient_bitbake::pipeline[0m[2m:[0m   Recipe 'packagegroup-go-sdk-target' DEPENDS: ["${PATCHDEPENDENCY}", "${POPULATESYSROOTDEPS}"]
[2m2025-12-06T06:29:22.078011Z[0m [32m INFO[0m [2mconvenient_bitbake::pipeline[0m[2m:[0m   Recipe 'packagegroup-rust-cross-canadian' DEPENDS: ["${PATCHDEPENDENCY}", "${POPULATESYSROOTDEPS}"]
[2m2025-12-06T06:29:22.078029Z[0m [32m INFO[0m [2mconvenient_bitbake::pipeline[0m[2m:[0m   Recipe 'packagegroup-self-hosted' DEPENDS: ["${PATCHDEPENDENCY}", "${POPULATESYSROOTDEPS}"]
[2m2025-12-06T06:29:22.078039Z[0m [32m INFO[0m [2mconvenient_bitbake::pipeline[0m[2m:[0m   Recipe 'psplash' DEPENDS: ["${PATCHDEPENDENCY}", "${POPULATESYSROOTDEPS}", "gdk-pixbuf-native"]
[2m2025-12-06T06:29:22.078054Z[0m [32m INFO[0m [2mconvenient_bitbake::pipeline[0m[2m:[0m   Recipe 'readline' DEPENDS: ["${PATCHDEPENDENCY}", "${POPULATESYSROOTDEPS}", "ncurses"]
[2m2025-12-06T06:29:22.078072Z[0m [32m INFO[0m [2mconvenient_bitbake::pipeline[0m[2m:[0m   Recipe 'seatd' DEPENDS: ["${PATCHDEPENDENCY}", "${POPULATESYSROOTDEPS}"]
[2m2025-12-06T06:29:22.078082Z[0m [32m INFO[0m [2mconvenient_bitbake::pipeline[0m[2m:[0m   Recipe 'sysfsutils' DEPENDS: ["${PATCHDEPENDENCY}", "${POPULATESYSROOTDEPS}"]
[2m2025-12-06T06:29:22.078094Z[0m [32m INFO[0m [2mconvenient_bitbake::pipeline[0m[2m:[0m   Recipe 'systemd-boot' DEPENDS: ["${PATCHDEPENDENCY}", "${POPULATESYSROOTDEPS}", "gnu-efi", "gperf-native", "intltool-native", "libcap", "python3-jinja2-native", "util-linux"]
[2m2025-12-06T06:29:22.078138Z[0m [32m INFO[0m [2mconvenient_bitbake::pipeline[0m[2m:[0m   Recipe 'systemd-bootconf' DEPENDS: ["${PATCHDEPENDENCY}", "${POPULATESYSROOTDEPS}"]
[2m2025-12-06T06:29:22.078157Z[0m [32m INFO[0m [2mconvenient_bitbake::pipeline[0m[2m:[0m   Recipe 'systemd-compat-units' DEPENDS: ["${PATCHDEPENDENCY}", "${POPULATESYSROOTDEPS}"]
[2m2025-12-06T06:29:22.078176Z[0m [32m INFO[0m [2mconvenient_bitbake::pipeline[0m[2m:[0m   Recipe 'systemd-conf' DEPENDS: ["${PATCHDEPENDENCY}", "${POPULATESYSROOTDEPS}"]
[2m2025-12-06T06:29:22.078186Z[0m [32m INFO[0m [2mconvenient_bitbake::pipeline[0m[2m:[0m   Recipe 'systemd-machine-units' DEPENDS: ["${PATCHDEPENDENCY}", "${POPULATESYSROOTDEPS}"]
[2m2025-12-06T06:29:22.078197Z[0m [32m INFO[0m [2mconvenient_bitbake::pipeline[0m[2m:[0m   Recipe 'systemd-serialgetty' DEPENDS: ["${PATCHDEPENDENCY}", "${POPULATESYSROOTDEPS}"]
[2m2025-12-06T06:29:22.078212Z[0m [32m INFO[0m [2mconvenient_bitbake::pipeline[0m[2m:[0m   Recipe 'systemd-systemctl-native' DEPENDS: ["${PATCHDEPENDENCY}", "${POPULATESYSROOTDEPS}"]
[2m2025-12-06T06:29:22.078233Z[0m [32m INFO[0m [2mconvenient_bitbake::pipeline[0m[2m:[0m   Recipe 'systemd' DEPENDS: ["${PATCHDEPENDENCY}", "${POPULATESYSROOTDEPS}", "${USERADDSETSCENEDEPS}", "audit", "gperf-native", "intltool-native", "kmod", "libcap", "libpam", "libselinux", "python3-jinja2-native", "util-linux", "zstd"]
[2m2025-12-06T06:29:22.078251Z[0m [32m INFO[0m [2mconvenient_bitbake::pipeline[0m[2m:[0m   Recipe 'sysvinit-inittab' DEPENDS: ["${PATCHDEPENDENCY}", "${POPULATESYSROOTDEPS}"]
[2m2025-12-06T06:29:22.078261Z[0m [32m INFO[0m [2mconvenient_bitbake::pipeline[0m[2m:[0m   Recipe 'sysvinit' DEPENDS: ["${MLPREFIX}base-passwd", "${PATCHDEPENDENCY}", "${POPULATESYSROOTDEPS}", "base-passwd", "update-rc.d-native", "virtual/crypt"]
[2m2025-12-06T06:29:22.078279Z[0m [32m INFO[0m [2mconvenient_bitbake::pipeline[0m[2m:[0m   Recipe 'eudev' DEPENDS: ["${PATCHDEPENDENCY}", "${POPULATESYSROOTDEPS}", "glib-2.0", "glib-2.0-native", "gperf-native", "kmod", "libxslt-native", "util-linux"]
[2m2025-12-06T06:29:22.078305Z[0m [32m INFO[0m [2mconvenient_bitbake::pipeline[0m[2m:[0m   Recipe 'udev-extraconf' DEPENDS: ["${PATCHDEPENDENCY}", "${POPULATESYSROOTDEPS}"]
[2m2025-12-06T06:29:22.078321Z[0m [32m INFO[0m [2mconvenient_bitbake::pipeline[0m[2m:[0m   Recipe 'update-rc.d' DEPENDS: ["${PATCHDEPENDENCY}", "${POPULATESYSROOTDEPS}"]
[2m2025-12-06T06:29:22.078340Z[0m [32m INFO[0m [2mconvenient_bitbake::pipeline[0m[2m:[0m   Recipe 'util-linux-libuuid' DEPENDS: ["${PATCHDEPENDENCY}", "${POPULATESYSROOTDEPS}"]
[2m2025-12-06T06:29:22.078365Z[0m [32m INFO[0m [2mconvenient_bitbake::pipeline[0m[2m:[0m   Recipe 'util-linux' DEPENDS: ["${PATCHDEPENDENCY}", "${POPULATESYSROOTDEPS}", "libcap-ng", "libpcre2", "ncurses", "util-linux-libuuid", "virtual/crypt", "zlib"]
[2m2025-12-06T06:29:22.078383Z[0m [32m INFO[0m [2mconvenient_bitbake::pipeline[0m[2m:[0m   Recipe 'volatile-binds' DEPENDS: ["${PATCHDEPENDENCY}", "${POPULATESYSROOTDEPS}"]
[2m2025-12-06T06:29:22.078396Z[0m [32m INFO[0m [2mconvenient_bitbake::pipeline[0m[2m:[0m   Recipe 'zlib' DEPENDS: ["${PATCHDEPENDENCY}", "${POPULATESYSROOTDEPS}"]
[2m2025-12-06T06:29:22.078415Z[0m [32m INFO[0m [2mconvenient_bitbake::pipeline[0m[2m:[0m   Recipe 'apt' DEPENDS: ["${PATCHDEPENDENCY}", "${POPULATESYSROOTDEPS}", "${USERADDSETSCENEDEPS}", "bzip2", "db", "gnutls", "libgcrypt", "lz4", "xxhash", "xz", "zlib"]
[2m2025-12-06T06:29:22.078439Z[0m [32m INFO[0m [2mconvenient_bitbake::pipeline[0m[2m:[0m   Recipe 'autoconf' DEPENDS: ["${PATCHDEPENDENCY}", "${POPULATESYSROOTDEPS}", "autoconf-native", "automake-native", "gnu-config-native", "help2man-native", "m4-native"]
[2m2025-12-06T06:29:22.078452Z[0m [32m INFO[0m [2mconvenient_bitbake::pipeline[0m[2m:[0m   Recipe 'autoconf-archive' DEPENDS: ["${PATCHDEPENDENCY}", "${POPULATESYSROOTDEPS}"]
[2m2025-12-06T06:29:22.078463Z[0m [32m INFO[0m [2mconvenient_bitbake::pipeline[0m[2m:[0m   Recipe 'automake' DEPENDS: ["${PATCHDEPENDENCY}", "${POPULATESYSROOTDEPS}", "autoconf-native"]
[2m2025-12-06T06:29:22.078472Z[0m [32m INFO[0m [2mconvenient_bitbake::pipeline[0m[2m:[0m   Recipe 'binutils-cross-canadian' DEPENDS: ["${PATCHDEPENDENCY}", "${POPULATESYSROOTDEPS}", "bison-native", "flex-native", "nativesdk-flex", "nativesdk-gettext", "nativesdk-zlib", "virtual/${HOST_PREFIX}gcc-crosssdk", "virtual/nativesdk-libc"]
[2m2025-12-06T06:29:22.078491Z[0m [32m INFO[0m [2mconvenient_bitbake::pipeline[0m[2m:[0m   Recipe 'binutils-cross-testsuite' DEPENDS: ["${PATCHDEPENDENCY}", "${POPULATESYSROOTDEPS}", "autoconf-native", "binutils-native", "bison-native", "dejagnu-native", "expect-native", "flex-native", "gnu-config-native", "virtual/${TARGET_PREFIX}binutils", "virtual/${TARGET_PREFIX}compilerlibs", "virtual/${TARGET_PREFIX}gcc", "virtual/libc", "zlib-native"]
[2m2025-12-06T06:29:22.078514Z[0m [32m INFO[0m [2mconvenient_bitbake::pipeline[0m[2m:[0m   Recipe 'binutils-cross' DEPENDS: ["${PATCHDEPENDENCY}", "${POPULATESYSROOTDEPS}", "autoconf-native", "bison-native", "flex-native", "gnu-config-native", "zlib-native"]
[2m2025-12-06T06:29:22.078529Z[0m [32m INFO[0m [2mconvenient_bitbake::pipeline[0m[2m:[0m   Recipe 'binutils-crosssdk' DEPENDS: ["${PATCHDEPENDENCY}", "${POPULATESYSROOTDEPS}", "autoconf-native", "bison-native", "flex-native", "gnu-config-native", "zlib-native"]
[2m2025-12-06T06:29:22.078549Z[0m [32m INFO[0m [2mconvenient_bitbake::pipeline[0m[2m:[0m   Recipe 'binutils' DEPENDS: ["${PATCHDEPENDENCY}", "${POPULATESYSROOTDEPS}", "autoconf-native", "bison-native", "flex-native", "gnu-config-native", "zlib", "zlib-native"]
[2m2025-12-06T06:29:22.078566Z[0m [32m INFO[0m [2mconvenient_bitbake::pipeline[0m[2m:[0m   Recipe 'bison' DEPENDS: ["${PATCHDEPENDENCY}", "${POPULATESYSROOTDEPS}", "bison-native", "flex-native", "readline"]
[2m2025-12-06T06:29:22.078585Z[0m [32m INFO[0m [2mconvenient_bitbake::pipeline[0m[2m:[0m   Recipe 'bootchart2' DEPENDS: ["${PATCHDEPENDENCY}", "${POPULATESYSROOTDEPS}", "python3-pycairo-native"]
[2m2025-12-06T06:29:22.078594Z[0m [32m INFO[0m [2mconvenient_bitbake::pipeline[0m[2m:[0m   Recipe 'btrfs-tools' DEPENDS: ["${PATCHDEPENDENCY}", "${POPULATESYSROOTDEPS}", "e2fsprogs", "lzo", "python3-setuptools-native", "util-linux", "zlib"]
[2m2025-12-06T06:29:22.078605Z[0m [32m INFO[0m [2mconvenient_bitbake::pipeline[0m[2m:[0m   Recipe 'cargo-cross-canadian' DEPENDS: ["${PATCHDEPENDENCY}", "${POPULATESYSROOTDEPS}", "ca-certificates", "curl", "libssh2", "nativesdk-openssl", "nativesdk-zlib", "openssl", "rust-cross-canadian-x86-64", "rust-native", "virtual/nativesdk-${HOST_PREFIX}compilerlibs", "virtual/nativesdk-libc", "zlib"]
[2m2025-12-06T06:29:22.078619Z[0m [32m INFO[0m [2mconvenient_bitbake::pipeline[0m[2m:[0m   Recipe 'cargo' DEPENDS: ["${PATCHDEPENDENCY}", "${POPULATESYSROOTDEPS}", "ca-certificates", "curl", "libssh2", "openssl", "zlib"]
[2m2025-12-06T06:29:22.078631Z[0m [32m INFO[0m [2mconvenient_bitbake::pipeline[0m[2m:[0m   Recipe 'ccache' DEPENDS: ["${PATCHDEPENDENCY}", "${POPULATESYSROOTDEPS}", "zstd"]
[2m2025-12-06T06:29:22.078640Z[0m [32m INFO[0m [2mconvenient_bitbake::pipeline[0m[2m:[0m   Recipe 'cdrtools-native' DEPENDS: ["${PATCHDEPENDENCY}", "${POPULATESYSROOTDEPS}"]
[2m2025-12-06T06:29:22.078665Z[0m [32m INFO[0m [2mconvenient_bitbake::pipeline[0m[2m:[0m   Recipe 'chrpath' DEPENDS: ["${PATCHDEPENDENCY}", "${POPULATESYSROOTDEPS}"]
[2m2025-12-06T06:29:22.078681Z[0m [32m INFO[0m [2mconvenient_bitbake::pipeline[0m[2m:[0m   Recipe 'cmake-native' DEPENDS: ["${PATCHDEPENDENCY}", "${POPULATESYSROOTDEPS}", "bzip2-replacement-native", "curl-native", "ncurses-native", "xz-native", "zlib-native", "zstd-native"]
[2m2025-12-06T06:29:22.078708Z[0m [32m INFO[0m [2mconvenient_bitbake::pipeline[0m[2m:[0m   Recipe 'cmake' DEPENDS: ["${PATCHDEPENDENCY}", "${POPULATESYSROOTDEPS}", "bzip2", "curl", "expat", "libarchive", "ncurses", "xz", "zlib"]
[2m2025-12-06T06:29:22.078726Z[0m [32m INFO[0m [2mconvenient_bitbake::pipeline[0m[2m:[0m   Recipe 'createrepo-c' DEPENDS: ["${PATCHDEPENDENCY}", "${POPULATESYSROOTDEPS}", "bzip2", "curl", "expat", "file", "file-replacement-native", "glib-2.0", "libxml2", "openssl", "rpm", "sqlite3", "xz", "zlib"]
[2m2025-12-06T06:29:22.078748Z[0m [32m INFO[0m [2mconvenient_bitbake::pipeline[0m[2m:[0m   Recipe 'dejagnu' DEPENDS: ["${PATCHDEPENDENCY}", "${POPULATESYSROOTDEPS}", "expect-native"]
[2m2025-12-06T06:29:22.078763Z[0m [32m INFO[0m [2mconvenient_bitbake::pipeline[0m[2m:[0m   Recipe 'desktop-file-utils' DEPENDS: ["${PATCHDEPENDENCY}", "${POPULATESYSROOTDEPS}", "glib-2.0"]
[2m2025-12-06T06:29:22.078774Z[0m [32m INFO[0m [2mconvenient_bitbake::pipeline[0m[2m:[0m   Recipe 'distcc-config' DEPENDS: ["${PATCHDEPENDENCY}", "${POPULATESYSROOTDEPS}"]
[2m2025-12-06T06:29:22.078795Z[0m [32m INFO[0m [2mconvenient_bitbake::pipeline[0m[2m:[0m   Recipe 'nfs-export-root' DEPENDS: ["${PATCHDEPENDENCY}", "${POPULATESYSROOTDEPS}"]
[2m2025-12-06T06:29:22.078805Z[0m [32m INFO[0m [2mconvenient_bitbake::pipeline[0m[2m:[0m   Recipe 'diffstat' DEPENDS: ["${PATCHDEPENDENCY}", "${POPULATESYSROOTDEPS}"]
[2m2025-12-06T06:29:22.078824Z[0m [32m INFO[0m [2mconvenient_bitbake::pipeline[0m[2m:[0m   Recipe 'distcc' DEPENDS: ["${PATCHDEPENDENCY}", "${POPULATESYSROOTDEPS}", "${USERADDSETSCENEDEPS}", "avahi", "binutils", "popt"]
[2m2025-12-06T06:29:22.078847Z[0m [32m INFO[0m [2mconvenient_bitbake::pipeline[0m[2m:[0m   Recipe 'dmidecode' DEPENDS: ["${PATCHDEPENDENCY}", "${POPULATESYSROOTDEPS}"]
[2m2025-12-06T06:29:22.078856Z[0m [32m INFO[0m [2mconvenient_bitbake::pipeline[0m[2m:[0m   Recipe 'dnf' DEPENDS: ["${PATCHDEPENDENCY}", "${POPULATESYSROOTDEPS}", "libcomps", "libdnf", "librepo", "python3-iniparse"]
[2m2025-12-06T06:29:22.078874Z[0m [32m INFO[0m [2mconvenient_bitbake::pipeline[0m[2m:[0m   Recipe 'docbook-xml-dtd4' DEPENDS: ["${PATCHDEPENDENCY}", "${POPULATESYSROOTDEPS}"]
[2m2025-12-06T06:29:22.078883Z[0m [32m INFO[0m [2mconvenient_bitbake::pipeline[0m[2m:[0m   Recipe 'docbook-xsl-stylesheets' DEPENDS: ["${PATCHDEPENDENCY}", "${POPULATESYSROOTDEPS}"]
[2m2025-12-06T06:29:22.078907Z[0m [32m INFO[0m [2mconvenient_bitbake::pipeline[0m[2m:[0m   Recipe 'dosfstools' DEPENDS: ["${PATCHDEPENDENCY}", "${POPULATESYSROOTDEPS}"]
[2m2025-12-06T06:29:22.078920Z[0m [32m INFO[0m [2mconvenient_bitbake::pipeline[0m[2m:[0m   Recipe 'dpkg' DEPENDS: ["${PATCHDEPENDENCY}", "${POPULATESYSROOTDEPS}", "bzip2", "ncurses", "perl", "xz", "zlib"]
[2m2025-12-06T06:29:22.078935Z[0m [32m INFO[0m [2mconvenient_bitbake::pipeline[0m[2m:[0m   Recipe 'dwarfsrcfiles' DEPENDS: ["${PATCHDEPENDENCY}", "${POPULATESYSROOTDEPS}", "argp-standalone", "elfutils"]
[2m2025-12-06T06:29:22.078947Z[0m [32m INFO[0m [2mconvenient_bitbake::pipeline[0m[2m:[0m   Recipe 'e2fsprogs' DEPENDS: ["${PATCHDEPENDENCY}", "${POPULATESYSROOTDEPS}", "attr", "autoconf-archive", "util-linux"]
[2m2025-12-06T06:29:22.078959Z[0m [32m INFO[0m [2mconvenient_bitbake::pipeline[0m[2m:[0m   Recipe 'elfutils' DEPENDS: ["${PATCHDEPENDENCY}", "${POPULATESYSROOTDEPS}", "argp-standalone", "fts", "musl-obstack", "virtual/libintl", "zlib"]
[2m2025-12-06T06:29:22.078975Z[0m [32m INFO[0m [2mconvenient_bitbake::pipeline[0m[2m:[0m   Recipe 'erofs-utils' DEPENDS: ["${PATCHDEPENDENCY}", "${POPULATESYSROOTDEPS}", "lz4", "util-linux-libuuid"]
[2m2025-12-06T06:29:22.078999Z[0m [32m INFO[0m [2mconvenient_bitbake::pipeline[0m[2m:[0m   Recipe 'expect' DEPENDS: ["${PATCHDEPENDENCY}", "${POPULATESYSROOTDEPS}", "tcl"]
[2m2025-12-06T06:29:22.079020Z[0m [32m INFO[0m [2mconvenient_bitbake::pipeline[0m[2m:[0m   Recipe 'gptfdisk' DEPENDS: ["${PATCHDEPENDENCY}", "${POPULATESYSROOTDEPS}", "ncurses", "popt", "util-linux"]
[2m2025-12-06T06:29:22.079031Z[0m [32m INFO[0m [2mconvenient_bitbake::pipeline[0m[2m:[0m   Recipe 'file' DEPENDS: ["${PATCHDEPENDENCY}", "${POPULATESYSROOTDEPS}", "bzip2", "file-replacement-native", "xz", "zlib"]
[2m2025-12-06T06:29:22.079041Z[0m [32m INFO[0m [2mconvenient_bitbake::pipeline[0m[2m:[0m   Recipe 'flex' DEPENDS: ["${@bb.utils.contains", "${PATCHDEPENDENCY}", "${POPULATESYSROOTDEPS}", "'',", "'1',", "'bison-native", "d)}", "flex-native',"]
[2m2025-12-06T06:29:22.079059Z[0m [32m INFO[0m [2mconvenient_bitbake::pipeline[0m[2m:[0m   Recipe 'gcc-cross-canadian' DEPENDS: ["${ELFUTILS}", "${PATCHDEPENDENCY}", "${POPULATESYSROOTDEPS}", "flex-native", "gcc-source-${PV}", "nativesdk-gettext", "nativesdk-gmp", "nativesdk-libmpc", "nativesdk-mpfr", "nativesdk-zlib", "nativesdk-zstd", "virtual/${HOST_PREFIX}binutils-crosssdk", "virtual/${HOST_PREFIX}gcc-crosssdk", "virtual/${TARGET_PREFIX}gcc", "virtual/libc", "virtual/nativesdk-libc"]
[2m2025-12-06T06:29:22.079078Z[0m [32m INFO[0m [2mconvenient_bitbake::pipeline[0m[2m:[0m   Recipe 'gcc-cross' DEPENDS: ["${EXTRADEPENDS}", "${NATIVEDEPS}", "${PATCHDEPENDENCY}", "${POPULATESYSROOTDEPS}", "gcc-source-${PV}", "virtual/${TARGET_PREFIX}binutils"]
[2m2025-12-06T06:29:22.079100Z[0m [32m INFO[0m [2mconvenient_bitbake::pipeline[0m[2m:[0m   Recipe 'gcc-crosssdk' DEPENDS: ["${NATIVEDEPS}", "${PATCHDEPENDENCY}", "${POPULATESYSROOTDEPS}", "gettext-native", "virtual/${TARGET_PREFIX}binutils-crosssdk"]
[2m2025-12-06T06:29:22.079139Z[0m [32m INFO[0m [2mconvenient_bitbake::pipeline[0m[2m:[0m   Recipe 'gcc-runtime' DEPENDS: ["\"user\"", "${@'qemu-native", "${COMPILERDEP}", "${PATCHDEPENDENCY}", "${POPULATESYSROOTDEPS}", "''}", "d.getVar('TOOLCHAIN_TEST_TARGET')", "else", "gcc-source-${PV}", "if", "in", "libgcc", "virtual/${TARGET_PREFIX}g++", "virtual/${TARGET_PREFIX}gcc", "virtual/libc"]
[2m2025-12-06T06:29:22.079170Z[0m [32m INFO[0m [2mconvenient_bitbake::pipeline[0m[2m:[0m   Recipe 'gcc-sanitizers' DEPENDS: ["${COMPILERDEP}", "${PATCHDEPENDENCY}", "${POPULATESYSROOTDEPS}", "gcc-runtime", "gcc-source-${PV}", "virtual/${MLPREFIX}${TARGET_PREFIX}compilerlibs", "virtual/${TARGET_PREFIX}gcc", "virtual/crypt"]
[2m2025-12-06T06:29:22.079186Z[0m [32m INFO[0m [2mconvenient_bitbake::pipeline[0m[2m:[0m   Recipe 'gcc-source' DEPENDS: ["${PATCHDEPENDENCY}", "${POPULATESYSROOTDEPS}"]
[2m2025-12-06T06:29:22.079198Z[0m [32m INFO[0m [2mconvenient_bitbake::pipeline[0m[2m:[0m   Recipe 'gcc' DEPENDS: ["${PATCHDEPENDENCY}", "${POPULATESYSROOTDEPS}", "gcc-source-${PV}"]
[2m2025-12-06T06:29:22.079212Z[0m [32m INFO[0m [2mconvenient_bitbake::pipeline[0m[2m:[0m   Recipe 'libgcc-initial' DEPENDS: ["${COMPILERDEP}", "${PATCHDEPENDENCY}", "${POPULATESYSROOTDEPS}", "gcc-source-${PV}", "virtual/${TARGET_PREFIX}gcc"]
[2m2025-12-06T06:29:22.079233Z[0m [32m INFO[0m [2mconvenient_bitbake::pipeline[0m[2m:[0m   Recipe 'libgcc' DEPENDS: ["${COMPILERDEP}", "${PATCHDEPENDENCY}", "${POPULATESYSROOTDEPS}", "gcc-source-${PV}", "virtual/${MLPREFIX}libc", "virtual/${TARGET_PREFIX}g++", "virtual/${TARGET_PREFIX}gcc", "virtual/libc"]
[2m2025-12-06T06:29:22.079250Z[0m [32m INFO[0m [2mconvenient_bitbake::pipeline[0m[2m:[0m   Recipe 'libgfortran' DEPENDS: ["${COMPILERDEP}", "${PATCHDEPENDENCY}", "${POPULATESYSROOTDEPS}", "gcc-cross-x86-64", "gcc-runtime", "gcc-source-${PV}", "virtual/${MLPREFIX}libc"]
[2m2025-12-06T06:29:22.079265Z[0m [32m INFO[0m [2mconvenient_bitbake::pipeline[0m[2m:[0m   Recipe 'gdb-cross-canadian' DEPENDS: ["${PATCHDEPENDENCY}", "${POPULATESYSROOTDEPS}", "nativesdk-expat", "nativesdk-gettext", "nativesdk-gmp", "nativesdk-ncurses", "nativesdk-readline", "virtual/${HOST_PREFIX}binutils-crosssdk", "virtual/${HOST_PREFIX}gcc-crosssdk", "virtual/nativesdk-libc"]
[2m2025-12-06T06:29:22.079281Z[0m [32m INFO[0m [2mconvenient_bitbake::pipeline[0m[2m:[0m   Recipe 'gdb-cross' DEPENDS: ["${PATCHDEPENDENCY}", "${POPULATESYSROOTDEPS}", "bison-native", "expat-native", "flex-native", "gmp-native", "ncurses-native", "readline-native"]
[2m2025-12-06T06:29:22.079302Z[0m [32m INFO[0m [2mconvenient_bitbake::pipeline[0m[2m:[0m   Recipe 'gdb' DEPENDS: ["${LTTNGUST}", "${PATCHDEPENDENCY}", "${POPULATESYSROOTDEPS}", "bison-native", "expat", "gmp", "ncurses", "readline", "virtual/libiconv", "zlib"]
[2m2025-12-06T06:29:22.079314Z[0m [32m INFO[0m [2mconvenient_bitbake::pipeline[0m[2m:[0m   Recipe 'git' DEPENDS: ["${PATCHDEPENDENCY}", "${POPULATESYSROOTDEPS}", "curl", "expat", "openssl", "zlib"]
[2m2025-12-06T06:29:22.079324Z[0m [32m INFO[0m [2mconvenient_bitbake::pipeline[0m[2m:[0m   Recipe 'glide' DEPENDS: ["${PATCHDEPENDENCY}", "${POPULATESYSROOTDEPS}"]
[2m2025-12-06T06:29:22.079352Z[0m [32m INFO[0m [2mconvenient_bitbake::pipeline[0m[2m:[0m   Recipe 'gnu-config' DEPENDS: ["${PATCHDEPENDENCY}", "${POPULATESYSROOTDEPS}", "hostperl-runtime-native"]
[2m2025-12-06T06:29:22.079362Z[0m [32m INFO[0m [2mconvenient_bitbake::pipeline[0m[2m:[0m   Recipe 'go-binary-native' DEPENDS: ["${PATCHDEPENDENCY}", "${POPULATESYSROOTDEPS}"]
[2m2025-12-06T06:29:22.079380Z[0m [32m INFO[0m [2mconvenient_bitbake::pipeline[0m[2m:[0m   Recipe 'go-cross-canadian' DEPENDS: ["${PATCHDEPENDENCY}", "${POPULATESYSROOTDEPS}", "go-native", "virtual/${HOST_PREFIX}gcc-crosssdk", "virtual/${HOST_PREFIX}go-crosssdk", "virtual/nativesdk-${HOST_PREFIX}compilerlibs", "virtual/nativesdk-${HOST_PREFIX}go-runtime", "virtual/nativesdk-libc"]
[2m2025-12-06T06:29:22.079407Z[0m [32m INFO[0m [2mconvenient_bitbake::pipeline[0m[2m:[0m   Recipe 'go-cross' DEPENDS: ["${PATCHDEPENDENCY}", "${POPULATESYSROOTDEPS}", "go-native"]
[2m2025-12-06T06:29:22.079418Z[0m [32m INFO[0m [2mconvenient_bitbake::pipeline[0m[2m:[0m   Recipe 'go-crosssdk' DEPENDS: ["${PATCHDEPENDENCY}", "${POPULATESYSROOTDEPS}", "go-native", "virtual/${TARGET_PREFIX}binutils-crosssdk", "virtual/${TARGET_PREFIX}gcc-crosssdk", "virtual/nativesdk-${TARGET_PREFIX}compilerlibs"]
[2m2025-12-06T06:29:22.079439Z[0m [32m INFO[0m [2mconvenient_bitbake::pipeline[0m[2m:[0m   Recipe 'go-native' DEPENDS: ["${PATCHDEPENDENCY}", "${POPULATESYSROOTDEPS}"]
[2m2025-12-06T06:29:22.079449Z[0m [32m INFO[0m [2mconvenient_bitbake::pipeline[0m[2m:[0m   Recipe 'go-runtime' DEPENDS: ["${PATCHDEPENDENCY}", "${POPULATESYSROOTDEPS}", "go-native", "virtual/${TUNE_PKGARCH}-go"]
[2m2025-12-06T06:29:22.079460Z[0m [32m INFO[0m [2mconvenient_bitbake::pipeline[0m[2m:[0m   Recipe 'go' DEPENDS: ["${PATCHDEPENDENCY}", "${POPULATESYSROOTDEPS}", "go-native", "virtual/${TUNE_PKGARCH}-go"]
[2m2025-12-06T06:29:22.079472Z[0m [32m INFO[0m [2mconvenient_bitbake::pipeline[0m[2m:[0m   Recipe 'help2man' DEPENDS: ["${PATCHDEPENDENCY}", "${POPULATESYSROOTDEPS}"]
[2m2025-12-06T06:29:22.079482Z[0m [32m INFO[0m [2mconvenient_bitbake::pipeline[0m[2m:[0m   Recipe 'i2c-tools' DEPENDS: ["${PATCHDEPENDENCY}", "${POPULATESYSROOTDEPS}"]
[2m2025-12-06T06:29:22.079494Z[0m [32m INFO[0m [2mconvenient_bitbake::pipeline[0m[2m:[0m   Recipe 'icecc-create-env' DEPENDS: ["${PATCHDEPENDENCY}", "${POPULATESYSROOTDEPS}"]
[2m2025-12-06T06:29:22.079505Z[0m [32m INFO[0m [2mconvenient_bitbake::pipeline[0m[2m:[0m   Recipe 'nativesdk-icecc-toolchain' DEPENDS: ["${PATCHDEPENDENCY}", "${POPULATESYSROOTDEPS}"]
[2m2025-12-06T06:29:22.079519Z[0m [32m INFO[0m [2mconvenient_bitbake::pipeline[0m[2m:[0m   Recipe 'intltool' DEPENDS: ["${PATCHDEPENDENCY}", "${POPULATESYSROOTDEPS}", "libxml-parser-perl-native"]
[2m2025-12-06T06:29:22.079539Z[0m [32m INFO[0m [2mconvenient_bitbake::pipeline[0m[2m:[0m   Recipe 'jquery' DEPENDS: ["${PATCHDEPENDENCY}", "${POPULATESYSROOTDEPS}"]
[2m2025-12-06T06:29:22.079550Z[0m [32m INFO[0m [2mconvenient_bitbake::pipeline[0m[2m:[0m   Recipe 'json-c' DEPENDS: ["${PATCHDEPENDENCY}", "${POPULATESYSROOTDEPS}"]
[2m2025-12-06T06:29:22.079565Z[0m [32m INFO[0m [2mconvenient_bitbake::pipeline[0m[2m:[0m   Recipe 'libcomps' DEPENDS: ["${PATCHDEPENDENCY}", "${POPULATESYSROOTDEPS}", "expat", "libcheck", "libxml2"]
[2m2025-12-06T06:29:22.079582Z[0m [32m INFO[0m [2mconvenient_bitbake::pipeline[0m[2m:[0m   Recipe 'libdnf' DEPENDS: ["${PATCHDEPENDENCY}", "${POPULATESYSROOTDEPS}", "glib-2.0", "gtk-doc", "json-c", "libcheck", "libmodulemd", "librepo", "libsolv", "rpm", "swig-native", "util-linux"]
[2m2025-12-06T06:29:22.079599Z[0m [32m INFO[0m [2mconvenient_bitbake::pipeline[0m[2m:[0m   Recipe 'libedit' DEPENDS: ["${PATCHDEPENDENCY}", "${POPULATESYSROOTDEPS}", "ncurses"]
[2m2025-12-06T06:29:22.079614Z[0m [32m INFO[0m [2mconvenient_bitbake::pipeline[0m[2m:[0m   Recipe 'libmodulemd' DEPENDS: ["${PATCHDEPENDENCY}", "${POPULATESYSROOTDEPS}", "glib-2.0", "glib-2.0-native", "libyaml"]
[2m2025-12-06T06:29:22.079636Z[0m [32m INFO[0m [2mconvenient_bitbake::pipeline[0m[2m:[0m   Recipe 'librepo' DEPENDS: ["${PATCHDEPENDENCY}", "${POPULATESYSROOTDEPS}", "attr", "curl", "glib-2.0", "gpgme", "libxml2", "openssl"]
[2m2025-12-06T06:29:22.079646Z[0m [32m INFO[0m [2mconvenient_bitbake::pipeline[0m[2m:[0m   Recipe 'libtool-cross' DEPENDS: ["${PATCHDEPENDENCY}", "${POPULATESYSROOTDEPS}", "libtool-native"]
[2m2025-12-06T06:29:22.079656Z[0m [32m INFO[0m [2mconvenient_bitbake::pipeline[0m[2m:[0m   Recipe 'libtool-native' DEPENDS: ["${PATCHDEPENDENCY}", "${POPULATESYSROOTDEPS}"]
[2m2025-12-06T06:29:22.079671Z[0m [32m INFO[0m [2mconvenient_bitbake::pipeline[0m[2m:[0m   Recipe 'libtool' DEPENDS: ["${PATCHDEPENDENCY}", "${POPULATESYSROOTDEPS}", "libtool-native"]
[2m2025-12-06T06:29:22.079686Z[0m [32m INFO[0m [2mconvenient_bitbake::pipeline[0m[2m:[0m   Recipe 'nativesdk-libtool' DEPENDS: ["${PATCHDEPENDENCY}", "${POPULATESYSROOTDEPS}", "libtool-native"]
[2m2025-12-06T06:29:22.079702Z[0m [32m INFO[0m [2mconvenient_bitbake::pipeline[0m[2m:[0m   Recipe 'llvm' DEPENDS: ["${PATCHDEPENDENCY}", "${POPULATESYSROOTDEPS}", "libedit", "libffi", "libxml2", "llvm-native", "ninja-native", "zlib"]
[2m2025-12-06T06:29:22.079725Z[0m [32m INFO[0m [2mconvenient_bitbake::pipeline[0m[2m:[0m   Recipe 'log4cplus' DEPENDS: ["${PATCHDEPENDENCY}", "${POPULATESYSROOTDEPS}"]
[2m2025-12-06T06:29:22.079744Z[0m [32m INFO[0m [2mconvenient_bitbake::pipeline[0m[2m:[0m   Recipe 'lua' DEPENDS: ["${PATCHDEPENDENCY}", "${POPULATESYSROOTDEPS}", "readline"]
[2m2025-12-06T06:29:22.079765Z[0m [32m INFO[0m [2mconvenient_bitbake::pipeline[0m[2m:[0m   Recipe 'm4-native' DEPENDS: ["${PATCHDEPENDENCY}", "${POPULATESYSROOTDEPS}", "gnu-config-native"]
[2m2025-12-06T06:29:22.079785Z[0m [32m INFO[0m [2mconvenient_bitbake::pipeline[0m[2m:[0m   Recipe 'm4' DEPENDS: ["${PATCHDEPENDENCY}", "${POPULATESYSROOTDEPS}"]
[2m2025-12-06T06:29:22.079794Z[0m [32m INFO[0m [2mconvenient_bitbake::pipeline[0m[2m:[0m   Recipe 'make' DEPENDS: ["${PATCHDEPENDENCY}", "${POPULATESYSROOTDEPS}"]
[2m2025-12-06T06:29:22.079803Z[0m [32m INFO[0m [2mconvenient_bitbake::pipeline[0m[2m:[0m   Recipe 'makedevs' DEPENDS: ["${PATCHDEPENDENCY}", "${POPULATESYSROOTDEPS}"]
[2m2025-12-06T06:29:22.079820Z[0m [32m INFO[0m [2mconvenient_bitbake::pipeline[0m[2m:[0m   Recipe 'meson' DEPENDS: ["${PATCHDEPENDENCY}", "${POPULATESYSROOTDEPS}"]
[2m2025-12-06T06:29:22.079841Z[0m [32m INFO[0m [2mconvenient_bitbake::pipeline[0m[2m:[0m   Recipe 'mmc-utils' DEPENDS: ["${PATCHDEPENDENCY}", "${POPULATESYSROOTDEPS}"]
[2m2025-12-06T06:29:22.079853Z[0m [32m INFO[0m [2mconvenient_bitbake::pipeline[0m[2m:[0m   Recipe 'mtd-utils' DEPENDS: ["${PATCHDEPENDENCY}", "${POPULATESYSROOTDEPS}", "e2fsprogs", "lzo", "util-linux", "zlib"]
[2m2025-12-06T06:29:22.079874Z[0m [32m INFO[0m [2mconvenient_bitbake::pipeline[0m[2m:[0m   Recipe 'mtools' DEPENDS: ["${PATCHDEPENDENCY}", "${POPULATESYSROOTDEPS}", "virtual/libiconv"]
[2m2025-12-06T06:29:22.079896Z[0m [32m INFO[0m [2mconvenient_bitbake::pipeline[0m[2m:[0m   Recipe 'nasm' DEPENDS: ["${PATCHDEPENDENCY}", "${POPULATESYSROOTDEPS}", "groff-native"]
[2m2025-12-06T06:29:22.079907Z[0m [32m INFO[0m [2mconvenient_bitbake::pipeline[0m[2m:[0m   Recipe 'ninja' DEPENDS: ["${PATCHDEPENDENCY}", "${POPULATESYSROOTDEPS}", "ninja-native", "re2c-native"]
[2m2025-12-06T06:29:22.079925Z[0m [32m INFO[0m [2mconvenient_bitbake::pipeline[0m[2m:[0m   Recipe 'opkg-arch-config' DEPENDS: ["${PATCHDEPENDENCY}", "${POPULATESYSROOTDEPS}"]
[2m2025-12-06T06:29:22.079938Z[0m [32m INFO[0m [2mconvenient_bitbake::pipeline[0m[2m:[0m   Recipe 'opkg-keyrings' DEPENDS: ["${PATCHDEPENDENCY}", "${POPULATESYSROOTDEPS}"]
[2m2025-12-06T06:29:22.079947Z[0m [32m INFO[0m [2mconvenient_bitbake::pipeline[0m[2m:[0m   Recipe 'opkg' DEPENDS: ["${PATCHDEPENDENCY}", "${POPULATESYSROOTDEPS}", "libarchive", "libsolv"]
[2m2025-12-06T06:29:22.079957Z[0m [32m INFO[0m [2mconvenient_bitbake::pipeline[0m[2m:[0m   Recipe 'opkg-utils' DEPENDS: ["${PATCHDEPENDENCY}", "${POPULATESYSROOTDEPS}"]
[2m2025-12-06T06:29:22.079974Z[0m [32m INFO[0m [2mconvenient_bitbake::pipeline[0m[2m:[0m   Recipe 'orc' DEPENDS: ["${PATCHDEPENDENCY}", "${POPULATESYSROOTDEPS}"]
[2m2025-12-06T06:29:22.079987Z[0m [32m INFO[0m [2mconvenient_bitbake::pipeline[0m[2m:[0m   Recipe 'patch' DEPENDS: ["${PATCHDEPENDENCY}", "${POPULATESYSROOTDEPS}"]
[2m2025-12-06T06:29:22.080000Z[0m [32m INFO[0m [2mconvenient_bitbake::pipeline[0m[2m:[0m   Recipe 'patchelf' DEPENDS: ["${PATCHDEPENDENCY}", "${POPULATESYSROOTDEPS}"]
[2m2025-12-06T06:29:22.080021Z[0m [32m INFO[0m [2mconvenient_bitbake::pipeline[0m[2m:[0m   Recipe 'liberror-perl' DEPENDS: ["${PATCHDEPENDENCY}", "${POPULATESYSROOTDEPS}", "perl"]
[2m2025-12-06T06:29:22.080031Z[0m [32m INFO[0m [2mconvenient_bitbake::pipeline[0m[2m:[0m   Recipe 'libmodule-build-perl' DEPENDS: ["${PATCHDEPENDENCY}", "${POPULATESYSROOTDEPS}"]
[2m2025-12-06T06:29:22.080048Z[0m [32m INFO[0m [2mconvenient_bitbake::pipeline[0m[2m:[0m   Recipe 'libtest-needs-perl' DEPENDS: ["${PATCHDEPENDENCY}", "${POPULATESYSROOTDEPS}", "perl"]
[2m2025-12-06T06:29:22.080071Z[0m [32m INFO[0m [2mconvenient_bitbake::pipeline[0m[2m:[0m   Recipe 'liburi-perl' DEPENDS: ["${PATCHDEPENDENCY}", "${POPULATESYSROOTDEPS}", "perl"]
[2m2025-12-06T06:29:22.080082Z[0m [32m INFO[0m [2mconvenient_bitbake::pipeline[0m[2m:[0m   Recipe 'libxml-parser-perl' DEPENDS: ["${PATCHDEPENDENCY}", "${POPULATESYSROOTDEPS}", "expat"]
[2m2025-12-06T06:29:22.080093Z[0m [32m INFO[0m [2mconvenient_bitbake::pipeline[0m[2m:[0m   Recipe 'libxml-perl' DEPENDS: ["${PATCHDEPENDENCY}", "${POPULATESYSROOTDEPS}", "libxml-parser-perl"]
[2m2025-12-06T06:29:22.080118Z[0m [32m INFO[0m [2mconvenient_bitbake::pipeline[0m[2m:[0m   Recipe 'libxml-simple-perl' DEPENDS: ["${PATCHDEPENDENCY}", "${POPULATESYSROOTDEPS}", "libxml-parser-perl"]
[2m2025-12-06T06:29:22.080141Z[0m [32m INFO[0m [2mconvenient_bitbake::pipeline[0m[2m:[0m   Recipe 'perl' DEPENDS: ["${PATCHDEPENDENCY}", "${POPULATESYSROOTDEPS}", "gdbm", "make-native", "perlcross-native", "virtual/crypt", "zlib"]
[2m2025-12-06T06:29:22.080159Z[0m [32m INFO[0m [2mconvenient_bitbake::pipeline[0m[2m:[0m   Recipe 'perlcross' DEPENDS: ["${PATCHDEPENDENCY}", "${POPULATESYSROOTDEPS}"]
[2m2025-12-06T06:29:22.080170Z[0m [32m INFO[0m [2mconvenient_bitbake::pipeline[0m[2m:[0m   Recipe 'pkgconf' DEPENDS: ["${PATCHDEPENDENCY}", "${POPULATESYSROOTDEPS}"]
[2m2025-12-06T06:29:22.080179Z[0m [32m INFO[0m [2mconvenient_bitbake::pipeline[0m[2m:[0m   Recipe 'pkgconfig' DEPENDS: ["${PATCHDEPENDENCY}", "${POPULATESYSROOTDEPS}", "glib-2.0", "pkgconfig-native"]
[2m2025-12-06T06:29:22.080206Z[0m [32m INFO[0m [2mconvenient_bitbake::pipeline[0m[2m:[0m   Recipe 'pseudo' DEPENDS: ["${PATCHDEPENDENCY}", "${POPULATESYSROOTDEPS}", "attr", "sqlite3"]
[2m2025-12-06T06:29:22.080229Z[0m [32m INFO[0m [2mconvenient_bitbake::pipeline[0m[2m:[0m   Recipe 'python3-alabaster' DEPENDS: ["${PATCHDEPENDENCY}", "${POPULATESYSROOTDEPS}"]
[2m2025-12-06T06:29:22.080240Z[0m [32m INFO[0m [2mconvenient_bitbake::pipeline[0m[2m:[0m   Recipe 'python3-asn1crypto' DEPENDS: ["${PATCHDEPENDENCY}", "${POPULATESYSROOTDEPS}"]
[2m2025-12-06T06:29:22.080260Z[0m [32m INFO[0m [2mconvenient_bitbake::pipeline[0m[2m:[0m   Recipe 'python3-async' DEPENDS: ["${PATCHDEPENDENCY}", "${POPULATESYSROOTDEPS}"]
[2m2025-12-06T06:29:22.080269Z[0m [32m INFO[0m [2mconvenient_bitbake::pipeline[0m[2m:[0m   Recipe 'python3-atomicwrites' DEPENDS: ["${PATCHDEPENDENCY}", "${POPULATESYSROOTDEPS}"]
[2m2025-12-06T06:29:22.080283Z[0m [32m INFO[0m [2mconvenient_bitbake::pipeline[0m[2m:[0m   Recipe 'python3-attrs' DEPENDS: ["${PATCHDEPENDENCY}", "${POPULATESYSROOTDEPS}"]
[2m2025-12-06T06:29:22.080295Z[0m [32m INFO[0m [2mconvenient_bitbake::pipeline[0m[2m:[0m   Recipe 'python3-babel' DEPENDS: ["${PATCHDEPENDENCY}", "${POPULATESYSROOTDEPS}"]
[2m2025-12-06T06:29:22.080312Z[0m [32m INFO[0m [2mconvenient_bitbake::pipeline[0m[2m:[0m   Recipe 'python3-bcrypt' DEPENDS: ["${PATCHDEPENDENCY}", "${POPULATESYSROOTDEPS}", "${PYTHON_PN}-cffi-native"]
[2m2025-12-06T06:29:22.080333Z[0m [32m INFO[0m [2mconvenient_bitbake::pipeline[0m[2m:[0m   Recipe 'python3-certifi' DEPENDS: ["${PATCHDEPENDENCY}", "${POPULATESYSROOTDEPS}"]
[2m2025-12-06T06:29:22.080343Z[0m [32m INFO[0m [2mconvenient_bitbake::pipeline[0m[2m:[0m   Recipe 'python3-cffi' DEPENDS: ["${PATCHDEPENDENCY}", "${POPULATESYSROOTDEPS}", "${PYTHON_PN}-pycparser", "libffi"]
[2m2025-12-06T06:29:22.080359Z[0m [32m INFO[0m [2mconvenient_bitbake::pipeline[0m[2m:[0m   Recipe 'python3-chardet' DEPENDS: ["${PATCHDEPENDENCY}", "${POPULATESYSROOTDEPS}", "${PYTHON_PN}-pytest-runner-native"]
[2m2025-12-06T06:29:22.080379Z[0m [32m INFO[0m [2mconvenient_bitbake::pipeline[0m[2m:[0m   Recipe 'python3-cryptography-vectors' DEPENDS: ["${PATCHDEPENDENCY}", "${POPULATESYSROOTDEPS}", "${PYTHON_PN}-cryptography"]
[2m2025-12-06T06:29:22.080405Z[0m [32m INFO[0m [2mconvenient_bitbake::pipeline[0m[2m:[0m   Recipe 'python3-cryptography' DEPENDS: ["${PATCHDEPENDENCY}", "${POPULATESYSROOTDEPS}", "${PYTHON_PN}-asn1crypto-native", "${PYTHON_PN}-cffi-native", "${PYTHON_PN}-setuptools-rust-native", "${PYTHON_PN}-six-native"]
[2m2025-12-06T06:29:22.080423Z[0m [32m INFO[0m [2mconvenient_bitbake::pipeline[0m[2m:[0m   Recipe 'python3-cython' DEPENDS: ["${PATCHDEPENDENCY}", "${POPULATESYSROOTDEPS}"]
[2m2025-12-06T06:29:22.080436Z[0m [32m INFO[0m [2mconvenient_bitbake::pipeline[0m[2m:[0m   Recipe 'python3-dbus' DEPENDS: ["${PATCHDEPENDENCY}", "${POPULATESYSROOTDEPS}", "dbus", "expat", "glib-2.0", "virtual/libintl"]
[2m2025-12-06T06:29:22.080452Z[0m [32m INFO[0m [2mconvenient_bitbake::pipeline[0m[2m:[0m   Recipe 'python3-dbusmock' DEPENDS: ["${PATCHDEPENDENCY}", "${POPULATESYSROOTDEPS}"]
[2m2025-12-06T06:29:22.080460Z[0m [32m INFO[0m [2mconvenient_bitbake::pipeline[0m[2m:[0m   Recipe 'python3-docutils' DEPENDS: ["${PATCHDEPENDENCY}", "${POPULATESYSROOTDEPS}"]
[2m2025-12-06T06:29:22.080477Z[0m [32m INFO[0m [2mconvenient_bitbake::pipeline[0m[2m:[0m   Recipe 'python3-dtschema' DEPENDS: ["${PATCHDEPENDENCY}", "${POPULATESYSROOTDEPS}", "python3-setuptools-scm-native"]
[2m2025-12-06T06:29:22.080498Z[0m [32m INFO[0m [2mconvenient_bitbake::pipeline[0m[2m:[0m   Recipe 'python3-extras' DEPENDS: ["${PATCHDEPENDENCY}", "${POPULATESYSROOTDEPS}"]
[2m2025-12-06T06:29:22.080508Z[0m [32m INFO[0m [2mconvenient_bitbake::pipeline[0m[2m:[0m   Recipe 'python3-flit-core' DEPENDS: ["${PATCHDEPENDENCY}", "${POPULATESYSROOTDEPS}", "unzip-native"]
[2m2025-12-06T06:29:22.080518Z[0m [32m INFO[0m [2mconvenient_bitbake::pipeline[0m[2m:[0m   Recipe 'python3-git' DEPENDS: ["${PATCHDEPENDENCY}", "${POPULATESYSROOTDEPS}", "${PYTHON_PN}-gitdb"]
[2m2025-12-06T06:29:22.080538Z[0m [32m INFO[0m [2mconvenient_bitbake::pipeline[0m[2m:[0m   Recipe 'python3-gitdb' DEPENDS: ["${PATCHDEPENDENCY}", "${POPULATESYSROOTDEPS}", "${PYTHON_PN}-async", "${PYTHON_PN}-setuptools-native", "${PYTHON_PN}-smmap"]
[2m2025-12-06T06:29:22.080550Z[0m [32m INFO[0m [2mconvenient_bitbake::pipeline[0m[2m:[0m   Recipe 'python3-hypothesis' DEPENDS: ["${PATCHDEPENDENCY}", "${POPULATESYSROOTDEPS}"]
[2m2025-12-06T06:29:22.080562Z[0m [32m INFO[0m [2mconvenient_bitbake::pipeline[0m[2m:[0m   Recipe 'python3-idna' DEPENDS: ["${PATCHDEPENDENCY}", "${POPULATESYSROOTDEPS}"]
[2m2025-12-06T06:29:22.080583Z[0m [32m INFO[0m [2mconvenient_bitbake::pipeline[0m[2m:[0m   Recipe 'python3-imagesize' DEPENDS: ["${PATCHDEPENDENCY}", "${POPULATESYSROOTDEPS}"]
[2m2025-12-06T06:29:22.080594Z[0m [32m INFO[0m [2mconvenient_bitbake::pipeline[0m[2m:[0m   Recipe 'python3-importlib-metadata' DEPENDS: ["${PATCHDEPENDENCY}", "${POPULATESYSROOTDEPS}", "${PYTHON_PN}-setuptools-scm-native", "${PYTHON_PN}-toml-native"]
[2m2025-12-06T06:29:22.080605Z[0m [32m INFO[0m [2mconvenient_bitbake::pipeline[0m[2m:[0m   Recipe 'python3-iniconfig' DEPENDS: ["${PATCHDEPENDENCY}", "${POPULATESYSROOTDEPS}", "python3-setuptools-scm-native"]
[2m2025-12-06T06:29:22.080624Z[0m [32m INFO[0m [2mconvenient_bitbake::pipeline[0m[2m:[0m   Recipe 'python3-iniparse' DEPENDS: ["${PATCHDEPENDENCY}", "${POPULATESYSROOTDEPS}", "python3-six"]
[2m2025-12-06T06:29:22.080640Z[0m [32m INFO[0m [2mconvenient_bitbake::pipeline[0m[2m:[0m   Recipe 'python3-installer' DEPENDS: ["${PATCHDEPENDENCY}", "${POPULATESYSROOTDEPS}", "unzip-native"]
[2m2025-12-06T06:29:22.080654Z[0m [32m INFO[0m [2mconvenient_bitbake::pipeline[0m[2m:[0m   Recipe 'python3-iso8601' DEPENDS: ["${PATCHDEPENDENCY}", "${POPULATESYSROOTDEPS}"]
[2m2025-12-06T06:29:22.080666Z[0m [32m INFO[0m [2mconvenient_bitbake::pipeline[0m[2m:[0m   Recipe 'python3-jinja2' DEPENDS: ["${PATCHDEPENDENCY}", "${POPULATESYSROOTDEPS}"]
[2m2025-12-06T06:29:22.080676Z[0m [32m INFO[0m [2mconvenient_bitbake::pipeline[0m[2m:[0m   Recipe 'python3-jsonpointer' DEPENDS: ["${PATCHDEPENDENCY}", "${POPULATESYSROOTDEPS}"]
[2m2025-12-06T06:29:22.080687Z[0m [32m INFO[0m [2mconvenient_bitbake::pipeline[0m[2m:[0m   Recipe 'python3-jsonschema' DEPENDS: ["${PATCHDEPENDENCY}", "${POPULATESYSROOTDEPS}", "${PYTHON_PN}-setuptools-scm-native", "${PYTHON_PN}-vcversioner-native"]
[2m2025-12-06T06:29:22.080699Z[0m [32m INFO[0m [2mconvenient_bitbake::pipeline[0m[2m:[0m   Recipe 'python3-libarchive-c' DEPENDS: ["${PATCHDEPENDENCY}", "${POPULATESYSROOTDEPS}"]
[2m2025-12-06T06:29:22.080718Z[0m [32m INFO[0m [2mconvenient_bitbake::pipeline[0m[2m:[0m   Recipe 'python3-magic' DEPENDS: ["${PATCHDEPENDENCY}", "${POPULATESYSROOTDEPS}"]
[2m2025-12-06T06:29:22.080728Z[0m [32m INFO[0m [2mconvenient_bitbake::pipeline[0m[2m:[0m   Recipe 'python3-mako' DEPENDS: ["${PATCHDEPENDENCY}", "${POPULATESYSROOTDEPS}"]
[2m2025-12-06T06:29:22.080737Z[0m [32m INFO[0m [2mconvenient_bitbake::pipeline[0m[2m:[0m   Recipe 'python3-markdown' DEPENDS: ["${PATCHDEPENDENCY}", "${POPULATESYSROOTDEPS}"]
[2m2025-12-06T06:29:22.080754Z[0m [32m INFO[0m [2mconvenient_bitbake::pipeline[0m[2m:[0m   Recipe 'python3-markupsafe' DEPENDS: ["${PATCHDEPENDENCY}", "${POPULATESYSROOTDEPS}"]
[2m2025-12-06T06:29:22.080765Z[0m [32m INFO[0m [2mconvenient_bitbake::pipeline[0m[2m:[0m   Recipe 'python3-more-itertools' DEPENDS: ["${PATCHDEPENDENCY}", "${POPULATESYSROOTDEPS}"]
[2m2025-12-06T06:29:22.080774Z[0m [32m INFO[0m [2mconvenient_bitbake::pipeline[0m[2m:[0m   Recipe 'python3-ndg-httpsclient' DEPENDS: ["${PATCHDEPENDENCY}", "${POPULATESYSROOTDEPS}", "${PYTHON_PN}-pyasn1", "${PYTHON_PN}-pyopenssl"]
[2m2025-12-06T06:29:22.080793Z[0m [32m INFO[0m [2mconvenient_bitbake::pipeline[0m[2m:[0m   Recipe 'python3-numpy' DEPENDS: ["${PATCHDEPENDENCY}", "${POPULATESYSROOTDEPS}", "python3-cython-native"]
[2m2025-12-06T06:29:22.080806Z[0m [32m INFO[0m [2mconvenient_bitbake::pipeline[0m[2m:[0m   Recipe 'python3-packaging' DEPENDS: ["${PATCHDEPENDENCY}", "${POPULATESYSROOTDEPS}"]
[2m2025-12-06T06:29:22.080818Z[0m [32m INFO[0m [2mconvenient_bitbake::pipeline[0m[2m:[0m   Recipe 'python3-pathlib2' DEPENDS: ["${PATCHDEPENDENCY}", "${POPULATESYSROOTDEPS}"]
[2m2025-12-06T06:29:22.080832Z[0m [32m INFO[0m [2mconvenient_bitbake::pipeline[0m[2m:[0m   Recipe 'python3-pbr' DEPENDS: ["${PATCHDEPENDENCY}", "${POPULATESYSROOTDEPS}"]
[2m2025-12-06T06:29:22.080842Z[0m [32m INFO[0m [2mconvenient_bitbake::pipeline[0m[2m:[0m   Recipe 'python3-pip' DEPENDS: ["${PATCHDEPENDENCY}", "${POPULATESYSROOTDEPS}"]
[2m2025-12-06T06:29:22.080857Z[0m [32m INFO[0m [2mconvenient_bitbake::pipeline[0m[2m:[0m   Recipe 'python3-pluggy' DEPENDS: ["${PATCHDEPENDENCY}", "${POPULATESYSROOTDEPS}", "${PYTHON_PN}-setuptools-scm-native"]
[2m2025-12-06T06:29:22.080874Z[0m [32m INFO[0m [2mconvenient_bitbake::pipeline[0m[2m:[0m   Recipe 'python3-ply' DEPENDS: ["${PATCHDEPENDENCY}", "${POPULATESYSROOTDEPS}"]
[2m2025-12-06T06:29:22.080883Z[0m [32m INFO[0m [2mconvenient_bitbake::pipeline[0m[2m:[0m   Recipe 'python3-poetry-core' DEPENDS: ["${PATCHDEPENDENCY}", "${POPULATESYSROOTDEPS}"]
[2m2025-12-06T06:29:22.080895Z[0m [32m INFO[0m [2mconvenient_bitbake::pipeline[0m[2m:[0m   Recipe 'python3-pretend' DEPENDS: ["${PATCHDEPENDENCY}", "${POPULATESYSROOTDEPS}"]
[2m2025-12-06T06:29:22.080905Z[0m [32m INFO[0m [2mconvenient_bitbake::pipeline[0m[2m:[0m   Recipe 'python3-psutil' DEPENDS: ["${PATCHDEPENDENCY}", "${POPULATESYSROOTDEPS}"]
[2m2025-12-06T06:29:22.080916Z[0m [32m INFO[0m [2mconvenient_bitbake::pipeline[0m[2m:[0m   Recipe 'python3-py' DEPENDS: ["${PATCHDEPENDENCY}", "${POPULATESYSROOTDEPS}", "${PYTHON_PN}-setuptools-scm-native"]
[2m2025-12-06T06:29:22.080939Z[0m [32m INFO[0m [2mconvenient_bitbake::pipeline[0m[2m:[0m   Recipe 'python3-pyasn1' DEPENDS: ["${PATCHDEPENDENCY}", "${POPULATESYSROOTDEPS}"]
[2m2025-12-06T06:29:22.080958Z[0m [32m INFO[0m [2mconvenient_bitbake::pipeline[0m[2m:[0m   Recipe 'python3-pycairo' DEPENDS: ["${PATCHDEPENDENCY}", "${POPULATESYSROOTDEPS}", "cairo", "python3"]
[2m2025-12-06T06:29:22.080975Z[0m [32m INFO[0m [2mconvenient_bitbake::pipeline[0m[2m:[0m   Recipe 'python3-pycparser' DEPENDS: ["${PATCHDEPENDENCY}", "${POPULATESYSROOTDEPS}"]
[2m2025-12-06T06:29:22.080992Z[0m [32m INFO[0m [2mconvenient_bitbake::pipeline[0m[2m:[0m   Recipe 'python3-pycryptodome' DEPENDS: ["${PATCHDEPENDENCY}", "${POPULATESYSROOTDEPS}"]
[2m2025-12-06T06:29:22.081013Z[0m [32m INFO[0m [2mconvenient_bitbake::pipeline[0m[2m:[0m   Recipe 'python3-pycryptodomex' DEPENDS: ["${PATCHDEPENDENCY}", "${POPULATESYSROOTDEPS}"]
[2m2025-12-06T06:29:22.081029Z[0m [32m INFO[0m [2mconvenient_bitbake::pipeline[0m[2m:[0m   Recipe 'python3-pyelftools' DEPENDS: ["${PATCHDEPENDENCY}", "${POPULATESYSROOTDEPS}"]
[2m2025-12-06T06:29:22.081041Z[0m [32m INFO[0m [2mconvenient_bitbake::pipeline[0m[2m:[0m   Recipe 'python3-pygments' DEPENDS: ["${PATCHDEPENDENCY}", "${POPULATESYSROOTDEPS}", "${PYTHON_PN}"]
[2m2025-12-06T06:29:22.081051Z[0m [32m INFO[0m [2mconvenient_bitbake::pipeline[0m[2m:[0m   Recipe 'python3-pygobject' DEPENDS: ["${PATCHDEPENDENCY}", "${POPULATESYSROOTDEPS}", "glib-2.0", "python3"]
[2m2025-12-06T06:29:22.081061Z[0m [32m INFO[0m [2mconvenient_bitbake::pipeline[0m[2m:[0m   Recipe 'python3-pyopenssl' DEPENDS: ["${PATCHDEPENDENCY}", "${POPULATESYSROOTDEPS}", "${PYTHON_PN}-cryptography", "openssl"]
[2m2025-12-06T06:29:22.081082Z[0m [32m INFO[0m [2mconvenient_bitbake::pipeline[0m[2m:[0m   Recipe 'python3-pyparsing' DEPENDS: ["${PATCHDEPENDENCY}", "${POPULATESYSROOTDEPS}"]
[2m2025-12-06T06:29:22.081092Z[0m [32m INFO[0m [2mconvenient_bitbake::pipeline[0m[2m:[0m   Recipe 'python3-pyrsistent' DEPENDS: ["${PATCHDEPENDENCY}", "${POPULATESYSROOTDEPS}"]
[2m2025-12-06T06:29:22.081112Z[0m [32m INFO[0m [2mconvenient_bitbake::pipeline[0m[2m:[0m   Recipe 'python3-pysocks' DEPENDS: ["${PATCHDEPENDENCY}", "${POPULATESYSROOTDEPS}"]
[2m2025-12-06T06:29:22.081139Z[0m [32m INFO[0m [2mconvenient_bitbake::pipeline[0m[2m:[0m   Recipe 'python3-pytest-runner' DEPENDS: ["${PATCHDEPENDENCY}", "${POPULATESYSROOTDEPS}", "${PYTHON_PN}-setuptools-scm-native"]
[2m2025-12-06T06:29:22.081162Z[0m [32m INFO[0m [2mconvenient_bitbake::pipeline[0m[2m:[0m   Recipe 'python3-pytest-subtests' DEPENDS: ["${PATCHDEPENDENCY}", "${POPULATESYSROOTDEPS}", "${PYTHON_PN}-setuptools-scm-native"]
[2m2025-12-06T06:29:22.081173Z[0m [32m INFO[0m [2mconvenient_bitbake::pipeline[0m[2m:[0m   Recipe 'python3-pytest' DEPENDS: ["${PATCHDEPENDENCY}", "${POPULATESYSROOTDEPS}", "python3-setuptools-scm-native"]
[2m2025-12-06T06:29:22.081201Z[0m [32m INFO[0m [2mconvenient_bitbake::pipeline[0m[2m:[0m   Recipe 'python3-pytz' DEPENDS: ["${PATCHDEPENDENCY}", "${POPULATESYSROOTDEPS}"]
[2m2025-12-06T06:29:22.081210Z[0m [32m INFO[0m [2mconvenient_bitbake::pipeline[0m[2m:[0m   Recipe 'python3-pyyaml' DEPENDS: ["${PATCHDEPENDENCY}", "${POPULATESYSROOTDEPS}", "${PYTHON_PN}-cython-native", "libyaml"]
[2m2025-12-06T06:29:22.081225Z[0m [32m INFO[0m [2mconvenient_bitbake::pipeline[0m[2m:[0m   Recipe 'python3-requests' DEPENDS: ["${PATCHDEPENDENCY}", "${POPULATESYSROOTDEPS}"]
[2m2025-12-06T06:29:22.081240Z[0m [32m INFO[0m [2mconvenient_bitbake::pipeline[0m[2m:[0m   Recipe 'python3-rfc3339-validator' DEPENDS: ["${PATCHDEPENDENCY}", "${POPULATESYSROOTDEPS}"]
[2m2025-12-06T06:29:22.081254Z[0m [32m INFO[0m [2mconvenient_bitbake::pipeline[0m[2m:[0m   Recipe 'python3-rfc3986-validator' DEPENDS: ["${PATCHDEPENDENCY}", "${POPULATESYSROOTDEPS}"]
[2m2025-12-06T06:29:22.081283Z[0m [32m INFO[0m [2mconvenient_bitbake::pipeline[0m[2m:[0m   Recipe 'python3-rfc3987' DEPENDS: ["${PATCHDEPENDENCY}", "${POPULATESYSROOTDEPS}"]
[2m2025-12-06T06:29:22.081299Z[0m [32m INFO[0m [2mconvenient_bitbake::pipeline[0m[2m:[0m   Recipe 'python3-ruamel-yaml' DEPENDS: ["${PATCHDEPENDENCY}", "${POPULATESYSROOTDEPS}"]
[2m2025-12-06T06:29:22.081316Z[0m [32m INFO[0m [2mconvenient_bitbake::pipeline[0m[2m:[0m   Recipe 'python3-scons' DEPENDS: ["${PATCHDEPENDENCY}", "${POPULATESYSROOTDEPS}"]
[2m2025-12-06T06:29:22.081330Z[0m [32m INFO[0m [2mconvenient_bitbake::pipeline[0m[2m:[0m   Recipe 'python3-semantic-version' DEPENDS: ["${PATCHDEPENDENCY}", "${POPULATESYSROOTDEPS}"]
[2m2025-12-06T06:29:22.081342Z[0m [32m INFO[0m [2mconvenient_bitbake::pipeline[0m[2m:[0m   Recipe 'python3-setuptools-rust-native' DEPENDS: ["${PATCHDEPENDENCY}", "${POPULATESYSROOTDEPS}", "python3-semantic-version-native", "python3-setuptools-native", "python3-setuptools-scm-native", "python3-toml-native", "python3-typing-extensions-native", "python3-wheel-native"]
[2m2025-12-06T06:29:22.081369Z[0m [32m INFO[0m [2mconvenient_bitbake::pipeline[0m[2m:[0m   Recipe 'python3-setuptools-scm' DEPENDS: ["${PATCHDEPENDENCY}", "${POPULATESYSROOTDEPS}"]
[2m2025-12-06T06:29:22.081385Z[0m [32m INFO[0m [2mconvenient_bitbake::pipeline[0m[2m:[0m   Recipe 'python3-setuptools' DEPENDS: ["${PATCHDEPENDENCY}", "${POPULATESYSROOTDEPS}", "${PYTHON_PN}"]
[2m2025-12-06T06:29:22.081406Z[0m [32m INFO[0m [2mconvenient_bitbake::pipeline[0m[2m:[0m   Recipe 'python3-six' DEPENDS: ["${PATCHDEPENDENCY}", "${POPULATESYSROOTDEPS}"]
[2m2025-12-06T06:29:22.081426Z[0m [32m INFO[0m [2mconvenient_bitbake::pipeline[0m[2m:[0m   Recipe 'python3-smartypants' DEPENDS: ["${PATCHDEPENDENCY}", "${POPULATESYSROOTDEPS}"]
[2m2025-12-06T06:29:22.081442Z[0m [32m INFO[0m [2mconvenient_bitbake::pipeline[0m[2m:[0m   Recipe 'python3-smmap' DEPENDS: ["${PATCHDEPENDENCY}", "${POPULATESYSROOTDEPS}"]
[2m2025-12-06T06:29:22.081451Z[0m [32m INFO[0m [2mconvenient_bitbake::pipeline[0m[2m:[0m   Recipe 'python3-snowballstemmer' DEPENDS: ["${PATCHDEPENDENCY}", "${POPULATESYSROOTDEPS}"]
[2m2025-12-06T06:29:22.081477Z[0m [32m INFO[0m [2mconvenient_bitbake::pipeline[0m[2m:[0m   Recipe 'python3-sortedcontainers' DEPENDS: ["${PATCHDEPENDENCY}", "${POPULATESYSROOTDEPS}"]
[2m2025-12-06T06:29:22.081501Z[0m [32m INFO[0m [2mconvenient_bitbake::pipeline[0m[2m:[0m   Recipe 'python3-sphinx-rtd-theme' DEPENDS: ["${PATCHDEPENDENCY}", "${POPULATESYSROOTDEPS}", "python3-sphinx"]
[2m2025-12-06T06:29:22.081513Z[0m [32m INFO[0m [2mconvenient_bitbake::pipeline[0m[2m:[0m   Recipe 'python3-sphinx' DEPENDS: ["${PATCHDEPENDENCY}", "${POPULATESYSROOTDEPS}"]
[2m2025-12-06T06:29:22.081534Z[0m [32m INFO[0m [2mconvenient_bitbake::pipeline[0m[2m:[0m   Recipe 'python3-sphinxcontrib-applehelp' DEPENDS: ["${PATCHDEPENDENCY}", "${POPULATESYSROOTDEPS}"]
[2m2025-12-06T06:29:22.081543Z[0m [32m INFO[0m [2mconvenient_bitbake::pipeline[0m[2m:[0m   Recipe 'python3-sphinxcontrib-devhelp' DEPENDS: ["${PATCHDEPENDENCY}", "${POPULATESYSROOTDEPS}"]
[2m2025-12-06T06:29:22.081562Z[0m [32m INFO[0m [2mconvenient_bitbake::pipeline[0m[2m:[0m   Recipe 'python3-sphinxcontrib-htmlhelp' DEPENDS: ["${PATCHDEPENDENCY}", "${POPULATESYSROOTDEPS}"]
[2m2025-12-06T06:29:22.081576Z[0m [32m INFO[0m [2mconvenient_bitbake::pipeline[0m[2m:[0m   Recipe 'python3-sphinxcontrib-jsmath' DEPENDS: ["${PATCHDEPENDENCY}", "${POPULATESYSROOTDEPS}"]
[2m2025-12-06T06:29:22.081591Z[0m [32m INFO[0m [2mconvenient_bitbake::pipeline[0m[2m:[0m   Recipe 'python3-sphinxcontrib-qthelp' DEPENDS: ["${PATCHDEPENDENCY}", "${POPULATESYSROOTDEPS}"]
[2m2025-12-06T06:29:22.081611Z[0m [32m INFO[0m [2mconvenient_bitbake::pipeline[0m[2m:[0m   Recipe 'python3-sphinxcontrib-serializinghtml' DEPENDS: ["${PATCHDEPENDENCY}", "${POPULATESYSROOTDEPS}"]
[2m2025-12-06T06:29:22.081627Z[0m [32m INFO[0m [2mconvenient_bitbake::pipeline[0m[2m:[0m   Recipe 'python3-strict-rfc3339' DEPENDS: ["${PATCHDEPENDENCY}", "${POPULATESYSROOTDEPS}"]
[2m2025-12-06T06:29:22.081641Z[0m [32m INFO[0m [2mconvenient_bitbake::pipeline[0m[2m:[0m   Recipe 'python3-subunit' DEPENDS: ["${PATCHDEPENDENCY}", "${POPULATESYSROOTDEPS}"]
[2m2025-12-06T06:29:22.081664Z[0m [32m INFO[0m [2mconvenient_bitbake::pipeline[0m[2m:[0m   Recipe 'python3-testtools' DEPENDS: ["${PATCHDEPENDENCY}", "${POPULATESYSROOTDEPS}", "${PYTHON_PN}-pbr", "${PYTHON_PN}-pbr-native"]
[2m2025-12-06T06:29:22.081675Z[0m [32m INFO[0m [2mconvenient_bitbake::pipeline[0m[2m:[0m   Recipe 'python3-toml' DEPENDS: ["${PATCHDEPENDENCY}", "${POPULATESYSROOTDEPS}"]
[2m2025-12-06T06:29:22.081686Z[0m [32m INFO[0m [2mconvenient_bitbake::pipeline[0m[2m:[0m   Recipe 'python3-tomli' DEPENDS: ["${PATCHDEPENDENCY}", "${POPULATESYSROOTDEPS}"]
[2m2025-12-06T06:29:22.081709Z[0m [32m INFO[0m [2mconvenient_bitbake::pipeline[0m[2m:[0m   Recipe 'python3-typing-extensions' DEPENDS: ["${PATCHDEPENDENCY}", "${POPULATESYSROOTDEPS}"]
[2m2025-12-06T06:29:22.081723Z[0m [32m INFO[0m [2mconvenient_bitbake::pipeline[0m[2m:[0m   Recipe 'python3-typogrify' DEPENDS: ["${PATCHDEPENDENCY}", "${POPULATESYSROOTDEPS}"]
[2m2025-12-06T06:29:22.081734Z[0m [32m INFO[0m [2mconvenient_bitbake::pipeline[0m[2m:[0m   Recipe 'python3-urllib3' DEPENDS: ["${PATCHDEPENDENCY}", "${POPULATESYSROOTDEPS}"]
[2m2025-12-06T06:29:22.081753Z[0m [32m INFO[0m [2mconvenient_bitbake::pipeline[0m[2m:[0m   Recipe 'python3-vcversioner' DEPENDS: ["${PATCHDEPENDENCY}", "${POPULATESYSROOTDEPS}"]
[2m2025-12-06T06:29:22.081772Z[0m [32m INFO[0m [2mconvenient_bitbake::pipeline[0m[2m:[0m   Recipe 'python3-wcwidth' DEPENDS: ["${PATCHDEPENDENCY}", "${POPULATESYSROOTDEPS}"]
[2m2025-12-06T06:29:22.081793Z[0m [32m INFO[0m [2mconvenient_bitbake::pipeline[0m[2m:[0m   Recipe 'python3-webcolors' DEPENDS: ["${PATCHDEPENDENCY}", "${POPULATESYSROOTDEPS}"]
[2m2025-12-06T06:29:22.081805Z[0m [32m INFO[0m [2mconvenient_bitbake::pipeline[0m[2m:[0m   Recipe 'python3-wheel' DEPENDS: ["${PATCHDEPENDENCY}", "${POPULATESYSROOTDEPS}"]
[2m2025-12-06T06:29:22.081814Z[0m [32m INFO[0m [2mconvenient_bitbake::pipeline[0m[2m:[0m   Recipe 'python3-zipp' DEPENDS: ["${PATCHDEPENDENCY}", "${POPULATESYSROOTDEPS}", "${PYTHON_PN}-setuptools-scm-native", "${PYTHON_PN}-toml-native"]
[2m2025-12-06T06:29:22.081833Z[0m [32m INFO[0m [2mconvenient_bitbake::pipeline[0m[2m:[0m   Recipe 'python3' DEPENDS: ["${PATCHDEPENDENCY}", "${POPULATESYSROOTDEPS}", "autoconf-archive-native", "bzip2", "bzip2-replacement-native", "libffi", "libnsl2", "libtirpc", "ncurses", "openssl", "python3-native", "sqlite3", "util-linux-libuuid", "virtual/crypt", "virtual/libintl", "xz", "zlib"]
[2m2025-12-06T06:29:22.081847Z[0m [32m INFO[0m [2mconvenient_bitbake::pipeline[0m[2m:[0m   Recipe 'nativesdk-qemu-helper' DEPENDS: ["${PATCHDEPENDENCY}", "${POPULATESYSROOTDEPS}"]
[2m2025-12-06T06:29:22.081857Z[0m [32m INFO[0m [2mconvenient_bitbake::pipeline[0m[2m:[0m   Recipe 'qemu-helper-native' DEPENDS: ["${PATCHDEPENDENCY}", "${POPULATESYSROOTDEPS}", "qemu-system-native"]
[2m2025-12-06T06:29:22.081877Z[0m [32m INFO[0m [2mconvenient_bitbake::pipeline[0m[2m:[0m   Recipe 'qemu-native' DEPENDS: ["${PATCHDEPENDENCY}", "${POPULATESYSROOTDEPS}", "glib-2.0-native", "meson-native", "ninja-native", "zlib-native"]
[2m2025-12-06T06:29:22.081899Z[0m [32m INFO[0m [2mconvenient_bitbake::pipeline[0m[2m:[0m   Recipe 'qemu-system-native' DEPENDS: ["${PATCHDEPENDENCY}", "${POPULATESYSROOTDEPS}", "alsa-lib", "bison-native", "dtc", "glib-2.0-native", "meson-native", "ninja-native", "pixman-native", "qemu-native", "zlib-native"]
[2m2025-12-06T06:29:22.081920Z[0m [32m INFO[0m [2mconvenient_bitbake::pipeline[0m[2m:[0m   Recipe 'qemu' DEPENDS: ["${PATCHDEPENDENCY}", "${POPULATESYSROOTDEPS}", "bison-native", "dtc", "glib-2.0", "libsdl2", "libucontext", "meson-native", "ninja-native", "pixman", "zlib"]
[2m2025-12-06T06:29:22.081951Z[0m [32m INFO[0m [2mconvenient_bitbake::pipeline[0m[2m:[0m   Recipe 'qemuwrapper-cross' DEPENDS: ["${PATCHDEPENDENCY}", "${POPULATESYSROOTDEPS}", "qemu-native"]
[2m2025-12-06T06:29:22.081970Z[0m [32m INFO[0m [2mconvenient_bitbake::pipeline[0m[2m:[0m   Recipe 'quilt-native' DEPENDS: ["${PATCHDEPENDENCY}", "${POPULATESYSROOTDEPS}"]
[2m2025-12-06T06:29:22.081982Z[0m [32m INFO[0m [2mconvenient_bitbake::pipeline[0m[2m:[0m   Recipe 'quilt' DEPENDS: ["${PATCHDEPENDENCY}", "${POPULATESYSROOTDEPS}"]
[2m2025-12-06T06:29:22.082007Z[0m [32m INFO[0m [2mconvenient_bitbake::pipeline[0m[2m:[0m   Recipe 'repo' DEPENDS: ["${PATCHDEPENDENCY}", "${POPULATESYSROOTDEPS}"]
[2m2025-12-06T06:29:22.082025Z[0m [32m INFO[0m [2mconvenient_bitbake::pipeline[0m[2m:[0m   Recipe 'rpm' DEPENDS: ["${PATCHDEPENDENCY}", "${POPULATESYSROOTDEPS}", "bzip2", "bzip2-replacement-native", "elfutils", "file", "file-replacement-native", "libgcrypt", "lua", "popt", "python3", "sqlite3", "xz", "zstd"]
[2m2025-12-06T06:29:22.082044Z[0m [32m INFO[0m [2mconvenient_bitbake::pipeline[0m[2m:[0m   Recipe 'rsync' DEPENDS: ["${PATCHDEPENDENCY}", "${POPULATESYSROOTDEPS}", "acl", "attr", "popt"]
[2m2025-12-06T06:29:22.082062Z[0m [32m INFO[0m [2mconvenient_bitbake::pipeline[0m[2m:[0m   Recipe 'ruby' DEPENDS: ["${PATCHDEPENDENCY}", "${POPULATESYSROOTDEPS}", "gdbm", "libffi", "libucontext", "libyaml", "openssl", "readline", "ruby-native", "zlib"]
[2m2025-12-06T06:29:22.082081Z[0m [32m INFO[0m [2mconvenient_bitbake::pipeline[0m[2m:[0m   Recipe 'run-postinsts' DEPENDS: ["${PATCHDEPENDENCY}", "${POPULATESYSROOTDEPS}"]
[2m2025-12-06T06:29:22.082090Z[0m [32m INFO[0m [2mconvenient_bitbake::pipeline[0m[2m:[0m   Recipe 'libstd-rs' DEPENDS: ["${PATCHDEPENDENCY}", "${POPULATESYSROOTDEPS}", "libunwind"]
[2m2025-12-06T06:29:22.082118Z[0m [32m INFO[0m [2mconvenient_bitbake::pipeline[0m[2m:[0m   Recipe 'rust-cross-canadian' DEPENDS: ["${PATCHDEPENDENCY}", "${POPULATESYSROOTDEPS}", "file-native", "gcc-cross-x86-64", "python3-native", "rust-llvm", "rust-llvm-native", "virtual/${HOST_PREFIX}gcc-crosssdk", "virtual/${TARGET_PREFIX}compilerlibs", "virtual/nativesdk-${HOST_PREFIX}compilerlibs", "virtual/nativesdk-libc"]
[2m2025-12-06T06:29:22.082147Z[0m [32m INFO[0m [2mconvenient_bitbake::pipeline[0m[2m:[0m   Recipe 'rust-cross' DEPENDS: ["${PATCHDEPENDENCY}", "${POPULATESYSROOTDEPS}", "file-native", "python3-native", "rust-llvm-native", "rust-native", "virtual/${TARGET_PREFIX}compilerlibs", "virtual/${TARGET_PREFIX}gcc", "virtual/libc"]
[2m2025-12-06T06:29:22.082172Z[0m [32m INFO[0m [2mconvenient_bitbake::pipeline[0m[2m:[0m   Recipe 'rust-crosssdk' DEPENDS: ["${PATCHDEPENDENCY}", "${POPULATESYSROOTDEPS}", "file-native", "python3-native", "rust-llvm-native", "rust-native", "virtual/${TARGET_PREFIX}gcc-crosssdk", "virtual/nativesdk-${TARGET_PREFIX}compilerlibs", "virtual/nativesdk-libc"]
[2m2025-12-06T06:29:22.082193Z[0m [32m INFO[0m [2mconvenient_bitbake::pipeline[0m[2m:[0m   Recipe 'rust-llvm' DEPENDS: ["${PATCHDEPENDENCY}", "${POPULATESYSROOTDEPS}", "ninja-native", "rust-llvm-native"]
[2m2025-12-06T06:29:22.082208Z[0m [32m INFO[0m [2mconvenient_bitbake::pipeline[0m[2m:[0m   Recipe 'rust-tools-cross-canadian' DEPENDS: ["${PATCHDEPENDENCY}", "${POPULATESYSROOTDEPS}", "file-native", "gcc-cross-x86-64", "python3-native", "rust-llvm", "rust-llvm-native", "virtual/${HOST_PREFIX}gcc-crosssdk", "virtual/${TARGET_PREFIX}compilerlibs", "virtual/nativesdk-${HOST_PREFIX}compilerlibs", "virtual/nativesdk-libc"]
[2m2025-12-06T06:29:22.082228Z[0m [32m INFO[0m [2mconvenient_bitbake::pipeline[0m[2m:[0m   Recipe 'rust' DEPENDS: ["${PATCHDEPENDENCY}", "${POPULATESYSROOTDEPS}", "file-native", "python3-native", "rust-llvm", "rust-llvm-native"]
[2m2025-12-06T06:29:22.082251Z[0m [32m INFO[0m [2mconvenient_bitbake::pipeline[0m[2m:[0m   Recipe 'squashfs-tools' DEPENDS: ["${PATCHDEPENDENCY}", "${POPULATESYSROOTDEPS}", "attr", "lz4", "lzo", "xz", "zlib", "zstd"]
[2m2025-12-06T06:29:22.082281Z[0m [32m INFO[0m [2mconvenient_bitbake::pipeline[0m[2m:[0m   Recipe 'strace' DEPENDS: ["${PATCHDEPENDENCY}", "${POPULATESYSROOTDEPS}"]
[2m2025-12-06T06:29:22.082297Z[0m [32m INFO[0m [2mconvenient_bitbake::pipeline[0m[2m:[0m   Recipe 'subversion' DEPENDS: ["${PATCHDEPENDENCY}", "${POPULATESYSROOTDEPS}", "apr-util", "file", "file-replacement-native", "lz4", "serf", "sqlite3"]
[2m2025-12-06T06:29:22.082312Z[0m [32m INFO[0m [2mconvenient_bitbake::pipeline[0m[2m:[0m   Recipe 'swig' DEPENDS: ["${PATCHDEPENDENCY}", "${POPULATESYSROOTDEPS}", "bison-native", "libpcre"]
[2m2025-12-06T06:29:22.082328Z[0m [32m INFO[0m [2mconvenient_bitbake::pipeline[0m[2m:[0m   Recipe 'syslinux' DEPENDS: ["${PATCHDEPENDENCY}", "${POPULATESYSROOTDEPS}", "e2fsprogs", "nasm-native", "util-linux"]
[2m2025-12-06T06:29:22.082347Z[0m [32m INFO[0m [2mconvenient_bitbake::pipeline[0m[2m:[0m   Recipe 'systemd-bootchart' DEPENDS: ["${PATCHDEPENDENCY}", "${POPULATESYSROOTDEPS}", "docbook-xml-dtd4-native", "docbook-xsl-stylesheets-native", "intltool", "libxslt-native", "systemd", "xmlto-native"]
[2m2025-12-06T06:29:22.082383Z[0m [32m INFO[0m [2mconvenient_bitbake::pipeline[0m[2m:[0m   Recipe 'tcf-agent' DEPENDS: ["${PATCHDEPENDENCY}", "${POPULATESYSROOTDEPS}", "openssl", "util-linux"]
[2m2025-12-06T06:29:22.082400Z[0m [32m INFO[0m [2mconvenient_bitbake::pipeline[0m[2m:[0m   Recipe 'tcl' DEPENDS: ["${PATCHDEPENDENCY}", "${POPULATESYSROOTDEPS}", "tcl-native", "zlib"]
[2m2025-12-06T06:29:22.082415Z[0m [32m INFO[0m [2mconvenient_bitbake::pipeline[0m[2m:[0m   Recipe 'unfs3' DEPENDS: ["${PATCHDEPENDENCY}", "${POPULATESYSROOTDEPS}", "bison-native", "flex", "flex-native", "flex-nativesdk", "libtirpc"]
[2m2025-12-06T06:29:22.082437Z[0m [32m INFO[0m [2mconvenient_bitbake::pipeline[0m[2m:[0m   Recipe 'unifdef' DEPENDS: ["${PATCHDEPENDENCY}", "${POPULATESYSROOTDEPS}"]
[2m2025-12-06T06:29:22.082451Z[0m [32m INFO[0m [2mconvenient_bitbake::pipeline[0m[2m:[0m   Recipe 'vala' DEPENDS: ["${@bb.utils.contains", "${PATCHDEPENDENCY}", "${POPULATESYSROOTDEPS}", "'',", "'api-documentation',", "'libxslt-native',", "bison-native", "d)}", "flex-native", "glib-2.0", "vala-native"]
[2m2025-12-06T06:29:22.082492Z[0m [32m INFO[0m [2mconvenient_bitbake::pipeline[0m[2m:[0m   Recipe 'valgrind' DEPENDS: ["${@bb.utils.contains", "${PATCHDEPENDENCY}", "${POPULATESYSROOTDEPS}", "'',", "'boost',", "'ptest',", "d)}"]
[2m2025-12-06T06:29:22.082523Z[0m [32m INFO[0m [2mconvenient_bitbake::pipeline[0m[2m:[0m   Recipe 'xmlto' DEPENDS: ["${PATCHDEPENDENCY}", "${POPULATESYSROOTDEPS}", "libxml2-native"]
[2m2025-12-06T06:29:22.082542Z[0m [32m INFO[0m [2mconvenient_bitbake::pipeline[0m[2m:[0m   Recipe 'rust-hello-world' DEPENDS: ["${PATCHDEPENDENCY}", "${POPULATESYSROOTDEPS}"]
[2m2025-12-06T06:29:22.082551Z[0m [32m INFO[0m [2mconvenient_bitbake::pipeline[0m[2m:[0m   Recipe 'acpica' DEPENDS: ["${PATCHDEPENDENCY}", "${POPULATESYSROOTDEPS}", "bison-native", "flex-native", "m4-native"]
[2m2025-12-06T06:29:22.082561Z[0m [32m INFO[0m [2mconvenient_bitbake::pipeline[0m[2m:[0m   Recipe 'asciidoc' DEPENDS: ["${PATCHDEPENDENCY}", "${POPULATESYSROOTDEPS}", "docbook-xml-dtd4-native", "docbook-xsl-stylesheets-native", "libxml2-native", "libxslt-native"]
[2m2025-12-06T06:29:22.082579Z[0m [32m INFO[0m [2mconvenient_bitbake::pipeline[0m[2m:[0m   Recipe 'at' DEPENDS: ["${@bb.utils.contains", "${PATCHDEPENDENCY}", "${POPULATESYSROOTDEPS}", "'',", "'libpam',", "'pam',", "bison-native", "d)}", "flex", "flex-native"]
[2m2025-12-06T06:29:22.082599Z[0m [32m INFO[0m [2mconvenient_bitbake::pipeline[0m[2m:[0m   Recipe 'bash' DEPENDS: ["${PATCHDEPENDENCY}", "${POPULATESYSROOTDEPS}", "bison-native", "ncurses", "virtual/libiconv"]
[2m2025-12-06T06:29:22.082609Z[0m [32m INFO[0m [2mconvenient_bitbake::pipeline[0m[2m:[0m   Recipe 'bc' DEPENDS: ["${PATCHDEPENDENCY}", "${POPULATESYSROOTDEPS}", "flex-native", "readline"]
[2m2025-12-06T06:29:22.082619Z[0m [32m INFO[0m [2mconvenient_bitbake::pipeline[0m[2m:[0m   Recipe 'blktool' DEPENDS: ["${PATCHDEPENDENCY}", "${POPULATESYSROOTDEPS}", "glib-2.0"]
[2m2025-12-06T06:29:22.082640Z[0m [32m INFO[0m [2mconvenient_bitbake::pipeline[0m[2m:[0m   Recipe 'bzip2' DEPENDS: ["${PATCHDEPENDENCY}", "${POPULATESYSROOTDEPS}"]
[2m2025-12-06T06:29:22.082652Z[0m [32m INFO[0m [2mconvenient_bitbake::pipeline[0m[2m:[0m   Recipe 'cpio' DEPENDS: ["${PATCHDEPENDENCY}", "${POPULATESYSROOTDEPS}"]
[2m2025-12-06T06:29:22.082664Z[0m [32m INFO[0m [2mconvenient_bitbake::pipeline[0m[2m:[0m   Recipe 'cracklib' DEPENDS: ["${PATCHDEPENDENCY}", "${POPULATESYSROOTDEPS}", "cracklib-native", "zlib"]
[2m2025-12-06T06:29:22.082680Z[0m [32m INFO[0m [2mconvenient_bitbake::pipeline[0m[2m:[0m   Recipe 'cronie' DEPENDS: ["${PATCHDEPENDENCY}", "${POPULATESYSROOTDEPS}", "${USERADDSETSCENEDEPS}"]
[2m2025-12-06T06:29:22.082689Z[0m [32m INFO[0m [2mconvenient_bitbake::pipeline[0m[2m:[0m   Recipe 'cups' DEPENDS: ["${PATCHDEPENDENCY}", "${POPULATESYSROOTDEPS}", "${USERADDSETSCENEDEPS}", "dbus", "jpeg", "libpng", "libusb1", "zlib"]
[2m2025-12-06T06:29:22.082702Z[0m [32m INFO[0m [2mconvenient_bitbake::pipeline[0m[2m:[0m   Recipe 'cwautomacros' DEPENDS: ["${PATCHDEPENDENCY}", "${POPULATESYSROOTDEPS}"]
[2m2025-12-06T06:29:22.082716Z[0m [32m INFO[0m [2mconvenient_bitbake::pipeline[0m[2m:[0m   Recipe 'diffutils' DEPENDS: ["${PATCHDEPENDENCY}", "${POPULATESYSROOTDEPS}"]
[2m2025-12-06T06:29:22.082737Z[0m [32m INFO[0m [2mconvenient_bitbake::pipeline[0m[2m:[0m   Recipe 'ed' DEPENDS: ["${PATCHDEPENDENCY}", "${POPULATESYSROOTDEPS}"]
[2m2025-12-06T06:29:22.082747Z[0m [32m INFO[0m [2mconvenient_bitbake::pipeline[0m[2m:[0m   Recipe 'ethtool' DEPENDS: ["${PATCHDEPENDENCY}", "${POPULATESYSROOTDEPS}", "libmnl"]
[2m2025-12-06T06:29:22.082757Z[0m [32m INFO[0m [2mconvenient_bitbake::pipeline[0m[2m:[0m   Recipe 'findutils' DEPENDS: ["${PATCHDEPENDENCY}", "${POPULATESYSROOTDEPS}", "bison-native"]
[2m2025-12-06T06:29:22.082776Z[0m [32m INFO[0m [2mconvenient_bitbake::pipeline[0m[2m:[0m   Recipe 'gawk' DEPENDS: ["${PATCHDEPENDENCY}", "${POPULATESYSROOTDEPS}", "readline"]
[2m2025-12-06T06:29:22.082787Z[0m [32m INFO[0m [2mconvenient_bitbake::pipeline[0m[2m:[0m   Recipe 'ghostscript' DEPENDS: ["${PATCHDEPENDENCY}", "${POPULATESYSROOTDEPS}", "cups", "fontconfig", "ghostscript-native", "jpeg", "libpng", "tiff"]
[2m2025-12-06T06:29:22.082800Z[0m [32m INFO[0m [2mconvenient_bitbake::pipeline[0m[2m:[0m   Recipe 'go-helloworld' DEPENDS: ["${PATCHDEPENDENCY}", "${POPULATESYSROOTDEPS}"]
[2m2025-12-06T06:29:22.082815Z[0m [32m INFO[0m [2mconvenient_bitbake::pipeline[0m[2m:[0m   Recipe 'gperf' DEPENDS: ["${PATCHDEPENDENCY}", "${POPULATESYSROOTDEPS}"]
[2m2025-12-06T06:29:22.082833Z[0m [32m INFO[0m [2mconvenient_bitbake::pipeline[0m[2m:[0m   Recipe 'grep' DEPENDS: ["${PATCHDEPENDENCY}", "${POPULATESYSROOTDEPS}", "libpcre"]
[2m2025-12-06T06:29:22.082855Z[0m [32m INFO[0m [2mconvenient_bitbake::pipeline[0m[2m:[0m   Recipe 'groff' DEPENDS: ["${PATCHDEPENDENCY}", "${POPULATESYSROOTDEPS}", "bison-native"]
[2m2025-12-06T06:29:22.082865Z[0m [32m INFO[0m [2mconvenient_bitbake::pipeline[0m[2m:[0m   Recipe 'gzip' DEPENDS: ["${PATCHDEPENDENCY}", "${POPULATESYSROOTDEPS}"]
[2m2025-12-06T06:29:22.082882Z[0m [32m INFO[0m [2mconvenient_bitbake::pipeline[0m[2m:[0m   Recipe 'hdparm' DEPENDS: ["${PATCHDEPENDENCY}", "${POPULATESYSROOTDEPS}"]
[2m2025-12-06T06:29:22.082897Z[0m [32m INFO[0m [2mconvenient_bitbake::pipeline[0m[2m:[0m   Recipe 'core-image-full-cmdline' DEPENDS: ["\"do_packagedata", "${KERNEL_DEPLOY_DEPEND}", "${PATCHDEPENDENCY}", "${POPULATESYSROOTDEPS}", "+=", "do_rootfs[recrdeptask]"]
[2m2025-12-06T06:29:22.082919Z[0m [32m INFO[0m [2mconvenient_bitbake::pipeline[0m[2m:[0m   Recipe 'core-image-kernel-dev' DEPENDS: ["${PATCHDEPENDENCY}", "${POPULATESYSROOTDEPS}"]
[2m2025-12-06T06:29:22.082944Z[0m [32m INFO[0m [2mconvenient_bitbake::pipeline[0m[2m:[0m   Recipe 'core-image-testcontroller-initramfs' DEPENDS: ["\"do_packagedata", "${KERNEL_DEPLOY_DEPEND}", "${PATCHDEPENDENCY}", "${POPULATESYSROOTDEPS}", "+=", "do_rootfs[recrdeptask]"]
[2m2025-12-06T06:29:22.082970Z[0m [32m INFO[0m [2mconvenient_bitbake::pipeline[0m[2m:[0m   Recipe 'core-image-testcontroller' DEPENDS: ["\"do_packagedata", "${KERNEL_DEPLOY_DEPEND}", "${PATCHDEPENDENCY}", "${POPULATESYSROOTDEPS}", "+=", "do_rootfs[recrdeptask]"]
[2m2025-12-06T06:29:22.082997Z[0m [32m INFO[0m [2mconvenient_bitbake::pipeline[0m[2m:[0m   Recipe 'iptables' DEPENDS: ["${PATCHDEPENDENCY}", "${POPULATESYSROOTDEPS}"]
[2m2025-12-06T06:29:22.083017Z[0m [32m INFO[0m [2mconvenient_bitbake::pipeline[0m[2m:[0m   Recipe 'iputils' DEPENDS: ["${PATCHDEPENDENCY}", "${POPULATESYSROOTDEPS}", "gnutls", "libcap", "libcap-native"]
[2m2025-12-06T06:29:22.083032Z[0m [32m INFO[0m [2mconvenient_bitbake::pipeline[0m[2m:[0m   Recipe 'less' DEPENDS: ["${PATCHDEPENDENCY}", "${POPULATESYSROOTDEPS}", "ncurses"]
[2m2025-12-06T06:29:22.083056Z[0m [32m INFO[0m [2mconvenient_bitbake::pipeline[0m[2m:[0m   Recipe 'libaio' DEPENDS: ["${PATCHDEPENDENCY}", "${POPULATESYSROOTDEPS}"]
[2m2025-12-06T06:29:22.083065Z[0m [32m INFO[0m [2mconvenient_bitbake::pipeline[0m[2m:[0m   Recipe 'libarchive' DEPENDS: ["${DEPENDS_BZIP2}", "${PATCHDEPENDENCY}", "${POPULATESYSROOTDEPS}", "e2fsprogs-native", "lzo", "xz", "zlib", "zstd"]
[2m2025-12-06T06:29:22.083083Z[0m [32m INFO[0m [2mconvenient_bitbake::pipeline[0m[2m:[0m   Recipe 'libidn2' DEPENDS: ["${PATCHDEPENDENCY}", "${POPULATESYSROOTDEPS}", "libunistring", "virtual/libiconv"]
[2m2025-12-06T06:29:22.083094Z[0m [32m INFO[0m [2mconvenient_bitbake::pipeline[0m[2m:[0m   Recipe 'libmnl' DEPENDS: ["${PATCHDEPENDENCY}", "${POPULATESYSROOTDEPS}"]
[2m2025-12-06T06:29:22.083120Z[0m [32m INFO[0m [2mconvenient_bitbake::pipeline[0m[2m:[0m   Recipe 'libnsl2' DEPENDS: ["${PATCHDEPENDENCY}", "${POPULATESYSROOTDEPS}", "libtirpc"]
[2m2025-12-06T06:29:22.083141Z[0m [32m INFO[0m [2mconvenient_bitbake::pipeline[0m[2m:[0m   Recipe 'libnss-nis' DEPENDS: ["${PATCHDEPENDENCY}", "${POPULATESYSROOTDEPS}", "libnsl2", "libtirpc"]
[2m2025-12-06T06:29:22.083161Z[0m [32m INFO[0m [2mconvenient_bitbake::pipeline[0m[2m:[0m   Recipe 'libpipeline' DEPENDS: ["${PATCHDEPENDENCY}", "${POPULATESYSROOTDEPS}"]
[2m2025-12-06T06:29:22.083171Z[0m [32m INFO[0m [2mconvenient_bitbake::pipeline[0m[2m:[0m   Recipe 'libsolv' DEPENDS: ["${PATCHDEPENDENCY}", "${POPULATESYSROOTDEPS}", "expat", "zlib"]
[2m2025-12-06T06:29:22.083191Z[0m [32m INFO[0m [2mconvenient_bitbake::pipeline[0m[2m:[0m   Recipe 'libtirpc' DEPENDS: ["${PATCHDEPENDENCY}", "${POPULATESYSROOTDEPS}"]
[2m2025-12-06T06:29:22.083205Z[0m [32m INFO[0m [2mconvenient_bitbake::pipeline[0m[2m:[0m   Recipe 'lighttpd' DEPENDS: ["${PATCHDEPENDENCY}", "${POPULATESYSROOTDEPS}", "libpcre", "openssl", "virtual/crypt", "zlib"]
[2m2025-12-06T06:29:22.083222Z[0m [32m INFO[0m [2mconvenient_bitbake::pipeline[0m[2m:[0m   Recipe 'logrotate' DEPENDS: ["${PATCHDEPENDENCY}", "${POPULATESYSROOTDEPS}", "coreutils", "popt"]
[2m2025-12-06T06:29:22.083247Z[0m [32m INFO[0m [2mconvenient_bitbake::pipeline[0m[2m:[0m   Recipe 'lsb-release' DEPENDS: ["${PATCHDEPENDENCY}", "${POPULATESYSROOTDEPS}"]
[2m2025-12-06T06:29:22.083265Z[0m [32m INFO[0m [2mconvenient_bitbake::pipeline[0m[2m:[0m   Recipe 'lsof' DEPENDS: ["${PATCHDEPENDENCY}", "${POPULATESYSROOTDEPS}"]
[2m2025-12-06T06:29:22.083278Z[0m [32m INFO[0m [2mconvenient_bitbake::pipeline[0m[2m:[0m   Recipe 'ltp' DEPENDS: ["${PATCHDEPENDENCY}", "${POPULATESYSROOTDEPS}", "acl", "attr", "fts", "libaio", "libcap", "openssl", "zip-native"]
[2m2025-12-06T06:29:22.083300Z[0m [32m INFO[0m [2mconvenient_bitbake::pipeline[0m[2m:[0m   Recipe 'lzip' DEPENDS: ["${PATCHDEPENDENCY}", "${POPULATESYSROOTDEPS}"]
[2m2025-12-06T06:29:22.083318Z[0m [32m INFO[0m [2mconvenient_bitbake::pipeline[0m[2m:[0m   Recipe 'man-db' DEPENDS: ["${PATCHDEPENDENCY}", "${POPULATESYSROOTDEPS}", "base-passwd", "gdbm", "groff-native", "libpipeline"]
[2m2025-12-06T06:29:22.083333Z[0m [32m INFO[0m [2mconvenient_bitbake::pipeline[0m[2m:[0m   Recipe 'man-pages' DEPENDS: ["${PATCHDEPENDENCY}", "${POPULATESYSROOTDEPS}"]
[2m2025-12-06T06:29:22.083347Z[0m [32m INFO[0m [2mconvenient_bitbake::pipeline[0m[2m:[0m   Recipe 'mc' DEPENDS: ["${PATCHDEPENDENCY}", "${POPULATESYSROOTDEPS}", "file-replacement-native", "glib-2.0", "ncurses", "util-linux"]
[2m2025-12-06T06:29:22.083365Z[0m [32m INFO[0m [2mconvenient_bitbake::pipeline[0m[2m:[0m   Recipe 'mdadm' DEPENDS: ["${PATCHDEPENDENCY}", "${POPULATESYSROOTDEPS}", "udev"]
[2m2025-12-06T06:29:22.083376Z[0m [32m INFO[0m [2mconvenient_bitbake::pipeline[0m[2m:[0m   Recipe 'mingetty' DEPENDS: ["${PATCHDEPENDENCY}", "${POPULATESYSROOTDEPS}"]
[2m2025-12-06T06:29:22.083390Z[0m [32m INFO[0m [2mconvenient_bitbake::pipeline[0m[2m:[0m   Recipe 'minicom' DEPENDS: ["${PATCHDEPENDENCY}", "${POPULATESYSROOTDEPS}", "ncurses", "virtual/libiconv"]
[2m2025-12-06T06:29:22.083404Z[0m [32m INFO[0m [2mconvenient_bitbake::pipeline[0m[2m:[0m   Recipe 'msmtp' DEPENDS: ["${PATCHDEPENDENCY}", "${POPULATESYSROOTDEPS}", "gnutls", "zlib"]
[2m2025-12-06T06:29:22.083420Z[0m [32m INFO[0m [2mconvenient_bitbake::pipeline[0m[2m:[0m   Recipe 'net-tools' DEPENDS: ["${PATCHDEPENDENCY}", "${POPULATESYSROOTDEPS}"]
[2m2025-12-06T06:29:22.083437Z[0m [32m INFO[0m [2mconvenient_bitbake::pipeline[0m[2m:[0m   Recipe 'libnewt' DEPENDS: ["${PATCHDEPENDENCY}", "${POPULATESYSROOTDEPS}", "popt", "python3", "slang"]
[2m2025-12-06T06:29:22.083458Z[0m [32m INFO[0m [2mconvenient_bitbake::pipeline[0m[2m:[0m   Recipe 'packagegroup-core-base-utils' DEPENDS: ["${PATCHDEPENDENCY}", "${POPULATESYSROOTDEPS}"]
[2m2025-12-06T06:29:22.083483Z[0m [32m INFO[0m [2mconvenient_bitbake::pipeline[0m[2m:[0m   Recipe 'packagegroup-core-full-cmdline' DEPENDS: ["${PATCHDEPENDENCY}", "${POPULATESYSROOTDEPS}"]
[2m2025-12-06T06:29:22.083498Z[0m [32m INFO[0m [2mconvenient_bitbake::pipeline[0m[2m:[0m   Recipe 'libpam' DEPENDS: ["${PATCHDEPENDENCY}", "${POPULATESYSROOTDEPS}", "bison-native", "cracklib", "flex", "flex-native", "libxml2-native", "virtual/crypt"]
[2m2025-12-06T06:29:22.083510Z[0m [32m INFO[0m [2mconvenient_bitbake::pipeline[0m[2m:[0m   Recipe 'parted' DEPENDS: ["${PATCHDEPENDENCY}", "${POPULATESYSROOTDEPS}", "ncurses", "readline", "util-linux", "virtual/libiconv"]
[2m2025-12-06T06:29:22.083522Z[0m [32m INFO[0m [2mconvenient_bitbake::pipeline[0m[2m:[0m   Recipe 'pbzip2' DEPENDS: ["${PATCHDEPENDENCY}", "${POPULATESYSROOTDEPS}", "bzip2", "bzip2-replacement-native"]
[2m2025-12-06T06:29:22.083541Z[0m [32m INFO[0m [2mconvenient_bitbake::pipeline[0m[2m:[0m   Recipe 'libconvert-asn1-perl' DEPENDS: ["${PATCHDEPENDENCY}", "${POPULATESYSROOTDEPS}"]
[2m2025-12-06T06:29:22.083550Z[0m [32m INFO[0m [2mconvenient_bitbake::pipeline[0m[2m:[0m   Recipe 'libtimedate-perl' DEPENDS: ["${PATCHDEPENDENCY}", "${POPULATESYSROOTDEPS}"]
[2m2025-12-06T06:29:22.083563Z[0m [32m INFO[0m [2mconvenient_bitbake::pipeline[0m[2m:[0m   Recipe 'libxml-namespacesupport-perl' DEPENDS: ["${PATCHDEPENDENCY}", "${POPULATESYSROOTDEPS}"]
[2m2025-12-06T06:29:22.083580Z[0m [32m INFO[0m [2mconvenient_bitbake::pipeline[0m[2m:[0m   Recipe 'libxml-sax-base-perl' DEPENDS: ["${PATCHDEPENDENCY}", "${POPULATESYSROOTDEPS}"]
[2m2025-12-06T06:29:22.083595Z[0m [32m INFO[0m [2mconvenient_bitbake::pipeline[0m[2m:[0m   Recipe 'libxml-sax-perl' DEPENDS: ["${PATCHDEPENDENCY}", "${POPULATESYSROOTDEPS}", "libxml-namespacesupport-perl-native"]
[2m2025-12-06T06:29:22.083610Z[0m [32m INFO[0m [2mconvenient_bitbake::pipeline[0m[2m:[0m   Recipe 'pigz' DEPENDS: ["${PATCHDEPENDENCY}", "${POPULATESYSROOTDEPS}", "zlib"]
[2m2025-12-06T06:29:22.083623Z[0m [32m INFO[0m [2mconvenient_bitbake::pipeline[0m[2m:[0m   Recipe 'procps' DEPENDS: ["${PATCHDEPENDENCY}", "${POPULATESYSROOTDEPS}", "ncurses"]
[2m2025-12-06T06:29:22.083650Z[0m [32m INFO[0m [2mconvenient_bitbake::pipeline[0m[2m:[0m   Recipe 'psmisc' DEPENDS: ["${PATCHDEPENDENCY}", "${POPULATESYSROOTDEPS}", "ncurses", "virtual/libintl"]
[2m2025-12-06T06:29:22.083674Z[0m [32m INFO[0m [2mconvenient_bitbake::pipeline[0m[2m:[0m   Recipe 'quota' DEPENDS: ["${PATCHDEPENDENCY}", "${POPULATESYSROOTDEPS}", "dbus", "e2fsprogs", "gettext-native", "libnl", "libtirpc", "tcp-wrappers"]
[2m2025-12-06T06:29:22.083699Z[0m [32m INFO[0m [2mconvenient_bitbake::pipeline[0m[2m:[0m   Recipe 'rpcbind' DEPENDS: ["${PATCHDEPENDENCY}", "${POPULATESYSROOTDEPS}", "${USERADDSETSCENEDEPS}", "libtirpc", "quota", "tcp-wrappers"]
[2m2025-12-06T06:29:22.083712Z[0m [32m INFO[0m [2mconvenient_bitbake::pipeline[0m[2m:[0m   Recipe 'rpcsvc-proto' DEPENDS: ["${PATCHDEPENDENCY}", "${POPULATESYSROOTDEPS}", "rpcsvc-proto-native"]
[2m2025-12-06T06:29:22.083736Z[0m [32m INFO[0m [2mconvenient_bitbake::pipeline[0m[2m:[0m   Recipe 'screen' DEPENDS: ["${@bb.utils.contains", "${PATCHDEPENDENCY}", "${POPULATESYSROOTDEPS}", "'',", "'libpam',", "'pam',", "d)}", "ncurses", "virtual/crypt"]
[2m2025-12-06T06:29:22.083758Z[0m [32m INFO[0m [2mconvenient_bitbake::pipeline[0m[2m:[0m   Recipe 'sed' DEPENDS: ["${PATCHDEPENDENCY}", "${POPULATESYSROOTDEPS}"]
[2m2025-12-06T06:29:22.083782Z[0m [32m INFO[0m [2mconvenient_bitbake::pipeline[0m[2m:[0m   Recipe 'shadow-securetty' DEPENDS: ["${PATCHDEPENDENCY}", "${POPULATESYSROOTDEPS}"]
[2m2025-12-06T06:29:22.083793Z[0m [32m INFO[0m [2mconvenient_bitbake::pipeline[0m[2m:[0m   Recipe 'shadow-sysroot' DEPENDS: ["${PATCHDEPENDENCY}", "${POPULATESYSROOTDEPS}", "base-passwd"]
[2m2025-12-06T06:29:22.083803Z[0m [32m INFO[0m [2mconvenient_bitbake::pipeline[0m[2m:[0m   Recipe 'shadow' DEPENDS: ["${PATCHDEPENDENCY}", "${POPULATESYSROOTDEPS}", "virtual/crypt"]
[2m2025-12-06T06:29:22.083821Z[0m [32m INFO[0m [2mconvenient_bitbake::pipeline[0m[2m:[0m   Recipe 'slang' DEPENDS: ["${PATCHDEPENDENCY}", "${POPULATESYSROOTDEPS}", "ncurses", "pcre", "virtual/libiconv"]
[2m2025-12-06T06:29:22.083839Z[0m [32m INFO[0m [2mconvenient_bitbake::pipeline[0m[2m:[0m   Recipe 'stress-ng' DEPENDS: ["${PATCHDEPENDENCY}", "${POPULATESYSROOTDEPS}", "coreutils-native"]
[2m2025-12-06T06:29:22.083872Z[0m [32m INFO[0m [2mconvenient_bitbake::pipeline[0m[2m:[0m   Recipe 'sudo' DEPENDS: ["${@bb.utils.contains", "${PATCHDEPENDENCY}", "${POPULATESYSROOTDEPS}", "'',", "'libpam',", "'pam',", "d)}", "virtual/crypt"]
[2m2025-12-06T06:29:22.083900Z[0m [32m INFO[0m [2mconvenient_bitbake::pipeline[0m[2m:[0m   Recipe 'sysklogd' DEPENDS: ["${PATCHDEPENDENCY}", "${POPULATESYSROOTDEPS}"]
[2m2025-12-06T06:29:22.083915Z[0m [32m INFO[0m [2mconvenient_bitbake::pipeline[0m[2m:[0m   Recipe 'sysstat' DEPENDS: ["${PATCHDEPENDENCY}", "${POPULATESYSROOTDEPS}", "base-passwd"]
[2m2025-12-06T06:29:22.083934Z[0m [32m INFO[0m [2mconvenient_bitbake::pipeline[0m[2m:[0m   Recipe 'tar' DEPENDS: ["${PATCHDEPENDENCY}", "${POPULATESYSROOTDEPS}"]
[2m2025-12-06T06:29:22.083947Z[0m [32m INFO[0m [2mconvenient_bitbake::pipeline[0m[2m:[0m   Recipe 'tcp-wrappers' DEPENDS: ["${PATCHDEPENDENCY}", "${POPULATESYSROOTDEPS}", "libnsl2"]
[2m2025-12-06T06:29:22.083961Z[0m [32m INFO[0m [2mconvenient_bitbake::pipeline[0m[2m:[0m   Recipe 'texinfo' DEPENDS: ["${PATCHDEPENDENCY}", "${POPULATESYSROOTDEPS}", "ncurses", "texinfo-replacement-native", "zlib"]
[2m2025-12-06T06:29:22.083974Z[0m [32m INFO[0m [2mconvenient_bitbake::pipeline[0m[2m:[0m   Recipe 'texinfo-dummy-native' DEPENDS: ["${PATCHDEPENDENCY}", "${POPULATESYSROOTDEPS}"]
[2m2025-12-06T06:29:22.083988Z[0m [32m INFO[0m [2mconvenient_bitbake::pipeline[0m[2m:[0m   Recipe 'time' DEPENDS: ["${PATCHDEPENDENCY}", "${POPULATESYSROOTDEPS}"]
[2m2025-12-06T06:29:22.084009Z[0m [32m INFO[0m [2mconvenient_bitbake::pipeline[0m[2m:[0m   Recipe 'tzcode-native' DEPENDS: ["${PATCHDEPENDENCY}", "${POPULATESYSROOTDEPS}"]
[2m2025-12-06T06:29:22.084024Z[0m [32m INFO[0m [2mconvenient_bitbake::pipeline[0m[2m:[0m   Recipe 'tzdata' DEPENDS: ["${PATCHDEPENDENCY}", "${POPULATESYSROOTDEPS}", "tzcode-native"]
[2m2025-12-06T06:29:22.084034Z[0m [32m INFO[0m [2mconvenient_bitbake::pipeline[0m[2m:[0m   Recipe 'unzip' DEPENDS: ["${PATCHDEPENDENCY}", "${POPULATESYSROOTDEPS}"]
[2m2025-12-06T06:29:22.084043Z[0m [32m INFO[0m [2mconvenient_bitbake::pipeline[0m[2m:[0m   Recipe 'watchdog-config' DEPENDS: ["${PATCHDEPENDENCY}", "${POPULATESYSROOTDEPS}"]
[2m2025-12-06T06:29:22.084068Z[0m [32m INFO[0m [2mconvenient_bitbake::pipeline[0m[2m:[0m   Recipe 'watchdog' DEPENDS: ["${PATCHDEPENDENCY}", "${POPULATESYSROOTDEPS}", "libtirpc"]
[2m2025-12-06T06:29:22.084078Z[0m [32m INFO[0m [2mconvenient_bitbake::pipeline[0m[2m:[0m   Recipe 'wget' DEPENDS: ["${PATCHDEPENDENCY}", "${POPULATESYSROOTDEPS}", "autoconf-archive", "gnutls", "libpcre", "zlib"]
[2m2025-12-06T06:29:22.084099Z[0m [32m INFO[0m [2mconvenient_bitbake::pipeline[0m[2m:[0m   Recipe 'which' DEPENDS: ["${PATCHDEPENDENCY}", "${POPULATESYSROOTDEPS}", "cwautomacros-native"]
[2m2025-12-06T06:29:22.084120Z[0m [32m INFO[0m [2mconvenient_bitbake::pipeline[0m[2m:[0m   Recipe 'xdg-utils' DEPENDS: ["${PATCHDEPENDENCY}", "${POPULATESYSROOTDEPS}", "libxslt-native", "xmlto-native"]
[2m2025-12-06T06:29:22.084150Z[0m [32m INFO[0m [2mconvenient_bitbake::pipeline[0m[2m:[0m   Recipe 'xinetd' DEPENDS: ["${PATCHDEPENDENCY}", "${POPULATESYSROOTDEPS}", "tcp-wrappers"]
[2m2025-12-06T06:29:22.084162Z[0m [32m INFO[0m [2mconvenient_bitbake::pipeline[0m[2m:[0m   Recipe 'xz' DEPENDS: ["${PATCHDEPENDENCY}", "${POPULATESYSROOTDEPS}"]
[2m2025-12-06T06:29:22.084175Z[0m [32m INFO[0m [2mconvenient_bitbake::pipeline[0m[2m:[0m   Recipe 'zip' DEPENDS: ["${PATCHDEPENDENCY}", "${POPULATESYSROOTDEPS}"]
[2m2025-12-06T06:29:22.084191Z[0m [32m INFO[0m [2mconvenient_bitbake::pipeline[0m[2m:[0m   Recipe 'zstd' DEPENDS: ["${PATCHDEPENDENCY}", "${POPULATESYSROOTDEPS}"]
[2m2025-12-06T06:29:22.084208Z[0m [32m INFO[0m [2mconvenient_bitbake::pipeline[0m[2m:[0m   Recipe 'epiphany' DEPENDS: ["${PATCHDEPENDENCY}", "${POPULATESYSROOTDEPS}", "coreutils-native", "gcr", "glib-2.0-native", "gsettings-desktop-schemas", "json-glib", "libarchive", "libdazzle", "libhandy", "nettle", "webkitgtk"]
[2m2025-12-06T06:29:22.084227Z[0m [32m INFO[0m [2mconvenient_bitbake::pipeline[0m[2m:[0m   Recipe 'gcr' DEPENDS: ["${@bb.utils.contains", "${PATCHDEPENDENCY}", "${POPULATESYSROOTDEPS}", "'',", "'True',", "'libxslt-native',", "d)}", "glib-2.0", "gnupg-native", "libgcrypt", "p11-kit"]
[2m2025-12-06T06:29:22.084253Z[0m [32m INFO[0m [2mconvenient_bitbake::pipeline[0m[2m:[0m   Recipe 'gdk-pixbuf' DEPENDS: ["${PATCHDEPENDENCY}", "${POPULATESYSROOTDEPS}", "glib-2.0", "shared-mime-info"]
[2m2025-12-06T06:29:22.084264Z[0m [32m INFO[0m [2mconvenient_bitbake::pipeline[0m[2m:[0m   Recipe 'gi-docgen' DEPENDS: ["${PATCHDEPENDENCY}", "${POPULATESYSROOTDEPS}"]
[2m2025-12-06T06:29:22.084274Z[0m [32m INFO[0m [2mconvenient_bitbake::pipeline[0m[2m:[0m   Recipe 'adwaita-icon-theme' DEPENDS: ["${PATCHDEPENDENCY}", "${POPULATESYSROOTDEPS}", "librsvg-native"]
[2m2025-12-06T06:29:22.084284Z[0m [32m INFO[0m [2mconvenient_bitbake::pipeline[0m[2m:[0m   Recipe 'gconf' DEPENDS: ["${PATCHDEPENDENCY}", "${POPULATESYSROOTDEPS}", "dbus", "dbus-glib", "glib-2.0", "intltool-native", "libxml2"]
[2m2025-12-06T06:29:22.084296Z[0m [32m INFO[0m [2mconvenient_bitbake::pipeline[0m[2m:[0m   Recipe 'gobject-introspection' DEPENDS: ["${PATCHDEPENDENCY}", "${POPULATESYSROOTDEPS}", "autoconf-archive", "bison-native", "flex-native", "glib-2.0", "gobject-introspection-native", "libffi", "python3", "qemu-native", "zlib"]
[2m2025-12-06T06:29:22.084321Z[0m [32m INFO[0m [2mconvenient_bitbake::pipeline[0m[2m:[0m   Recipe 'gsettings-desktop-schemas' DEPENDS: ["${PATCHDEPENDENCY}", "${POPULATESYSROOTDEPS}", "glib-2.0"]
[2m2025-12-06T06:29:22.084332Z[0m [32m INFO[0m [2mconvenient_bitbake::pipeline[0m[2m:[0m   Recipe 'gtk+3' DEPENDS: ["${PATCHDEPENDENCY}", "${POPULATESYSROOTDEPS}", "atk", "cairo", "gdk-pixbuf", "gdk-pixbuf-native", "glib-2.0", "jpeg", "libpng", "libxkbcommon", "pango", "virtual/egl", "virtual/libgles2", "wayland", "wayland-native", "wayland-protocols"]
[2m2025-12-06T06:29:22.084347Z[0m [32m INFO[0m [2mconvenient_bitbake::pipeline[0m[2m:[0m   Recipe 'gtk-doc' DEPENDS: ["${PATCHDEPENDENCY}", "${POPULATESYSROOTDEPS}"]
[2m2025-12-06T06:29:22.084356Z[0m [32m INFO[0m [2mconvenient_bitbake::pipeline[0m[2m:[0m   Recipe 'hicolor-icon-theme' DEPENDS: ["${PATCHDEPENDENCY}", "${POPULATESYSROOTDEPS}"]
[2m2025-12-06T06:29:22.084365Z[0m [32m INFO[0m [2mconvenient_bitbake::pipeline[0m[2m:[0m   Recipe 'json-glib' DEPENDS: ["${PATCHDEPENDENCY}", "${POPULATESYSROOTDEPS}", "glib-2.0"]
[2m2025-12-06T06:29:22.084375Z[0m [32m INFO[0m [2mconvenient_bitbake::pipeline[0m[2m:[0m   Recipe 'libdazzle' DEPENDS: ["${PATCHDEPENDENCY}", "${POPULATESYSROOTDEPS}", "glib-2.0", "glib-2.0-native", "gtk+3"]
[2m2025-12-06T06:29:22.084394Z[0m [32m INFO[0m [2mconvenient_bitbake::pipeline[0m[2m:[0m   Recipe 'libgudev' DEPENDS: ["${PATCHDEPENDENCY}", "${POPULATESYSROOTDEPS}", "glib-2.0", "udev"]
[2m2025-12-06T06:29:22.084407Z[0m [32m INFO[0m [2mconvenient_bitbake::pipeline[0m[2m:[0m   Recipe 'libhandy' DEPENDS: ["${PATCHDEPENDENCY}", "${POPULATESYSROOTDEPS}", "gtk+3"]
[2m2025-12-06T06:29:22.084424Z[0m [32m INFO[0m [2mconvenient_bitbake::pipeline[0m[2m:[0m   Recipe 'libnotify' DEPENDS: ["${PATCHDEPENDENCY}", "${POPULATESYSROOTDEPS}", "dbus", "gdk-pixbuf", "glib-2.0"]
[2m2025-12-06T06:29:22.084435Z[0m [32m INFO[0m [2mconvenient_bitbake::pipeline[0m[2m:[0m   Recipe 'librsvg' DEPENDS: ["${PATCHDEPENDENCY}", "${POPULATESYSROOTDEPS}", "cairo", "gdk-pixbuf", "gdk-pixbuf-native", "glib-2.0", "libcroco", "libxml2", "pango"]
[2m2025-12-06T06:29:22.084455Z[0m [32m INFO[0m [2mconvenient_bitbake::pipeline[0m[2m:[0m   Recipe 'libsecret' DEPENDS: ["${PATCHDEPENDENCY}", "${POPULATESYSROOTDEPS}", "gettext-native", "glib-2.0", "libgcrypt"]
[2m2025-12-06T06:29:22.084475Z[0m [32m INFO[0m [2mconvenient_bitbake::pipeline[0m[2m:[0m   Recipe 'builder' DEPENDS: ["${PATCHDEPENDENCY}", "${POPULATESYSROOTDEPS}", "${USERADDSETSCENEDEPS}"]
[2m2025-12-06T06:29:22.084496Z[0m [32m INFO[0m [2mconvenient_bitbake::pipeline[0m[2m:[0m   Recipe 'cairo' DEPENDS: ["${PATCHDEPENDENCY}", "${POPULATESYSROOTDEPS}", "fontconfig", "glib-2.0", "libpng", "pixman", "zlib"]
[2m2025-12-06T06:29:22.084516Z[0m [32m INFO[0m [2mconvenient_bitbake::pipeline[0m[2m:[0m   Recipe 'cantarell-fonts' DEPENDS: ["${PATCHDEPENDENCY}", "${POPULATESYSROOTDEPS}"]
[2m2025-12-06T06:29:22.084527Z[0m [32m INFO[0m [2mconvenient_bitbake::pipeline[0m[2m:[0m   Recipe 'libdrm' DEPENDS: ["${PATCHDEPENDENCY}", "${POPULATESYSROOTDEPS}", "libpciaccess", "libpthread-stubs"]
[2m2025-12-06T06:29:22.084541Z[0m [32m INFO[0m [2mconvenient_bitbake::pipeline[0m[2m:[0m   Recipe 'fontconfig' DEPENDS: ["${PATCHDEPENDENCY}", "${POPULATESYSROOTDEPS}", "expat", "freetype", "gperf-native", "util-linux", "zlib"]
[2m2025-12-06T06:29:22.084562Z[0m [32m INFO[0m [2mconvenient_bitbake::pipeline[0m[2m:[0m   Recipe 'freetype' DEPENDS: ["${PATCHDEPENDENCY}", "${POPULATESYSROOTDEPS}", "libpng", "zlib"]
[2m2025-12-06T06:29:22.084572Z[0m [32m INFO[0m [2mconvenient_bitbake::pipeline[0m[2m:[0m   Recipe 'glew' DEPENDS: ["${PATCHDEPENDENCY}", "${POPULATESYSROOTDEPS}"]
[2m2025-12-06T06:29:22.084593Z[0m [32m INFO[0m [2mconvenient_bitbake::pipeline[0m[2m:[0m   Recipe 'glslang' DEPENDS: ["${PATCHDEPENDENCY}", "${POPULATESYSROOTDEPS}"]
[2m2025-12-06T06:29:22.084605Z[0m [32m INFO[0m [2mconvenient_bitbake::pipeline[0m[2m:[0m   Recipe 'harfbuzz' DEPENDS: ["${PATCHDEPENDENCY}", "${POPULATESYSROOTDEPS}", "cairo", "freetype", "glib-2.0", "icu"]
[2m2025-12-06T06:29:22.084616Z[0m [32m INFO[0m [2mconvenient_bitbake::pipeline[0m[2m:[0m   Recipe 'igt-gpu-tools' DEPENDS: ["${PATCHDEPENDENCY}", "${POPULATESYSROOTDEPS}", "alsa-lib", "bison-native", "cairo", "elfutils", "glib-2.0", "json-c", "kmod", "libdrm", "libpciaccess", "libunwind", "openssl", "procps", "udev"]
[2m2025-12-06T06:29:22.084652Z[0m [32m INFO[0m [2mconvenient_bitbake::pipeline[0m[2m:[0m   Recipe 'core-image-weston-sdk' DEPENDS: ["\"do_packagedata", "${KERNEL_DEPLOY_DEPEND}", "${PATCHDEPENDENCY}", "${POPULATESYSROOTDEPS}", "+=", "do_rootfs[recrdeptask]"]
[2m2025-12-06T06:29:22.084678Z[0m [32m INFO[0m [2mconvenient_bitbake::pipeline[0m[2m:[0m   Recipe 'core-image-weston' DEPENDS: ["\"do_packagedata", "${KERNEL_DEPLOY_DEPEND}", "${PATCHDEPENDENCY}", "${POPULATESYSROOTDEPS}", "+=", "do_rootfs[recrdeptask]"]
[2m2025-12-06T06:29:22.084691Z[0m [32m INFO[0m [2mconvenient_bitbake::pipeline[0m[2m:[0m   Recipe 'core-image-x11' DEPENDS: ["\"do_packagedata", "${KERNEL_DEPLOY_DEPEND}", "${PATCHDEPENDENCY}", "${POPULATESYSROOTDEPS}", "+=", "do_rootfs[recrdeptask]"]
[2m2025-12-06T06:29:22.084704Z[0m [32m INFO[0m [2mconvenient_bitbake::pipeline[0m[2m:[0m   Recipe 'libjpeg-turbo' DEPENDS: ["${PATCHDEPENDENCY}", "${POPULATESYSROOTDEPS}", "nasm-native"]
[2m2025-12-06T06:29:22.084715Z[0m [32m INFO[0m [2mconvenient_bitbake::pipeline[0m[2m:[0m   Recipe 'kmscube' DEPENDS: ["${PATCHDEPENDENCY}", "${POPULATESYSROOTDEPS}", "libdrm", "virtual/egl", "virtual/libgbm", "virtual/libgles2", "virtual/libgles3"]
[2m2025-12-06T06:29:22.084739Z[0m [32m INFO[0m [2mconvenient_bitbake::pipeline[0m[2m:[0m   Recipe 'libepoxy' DEPENDS: ["${PATCHDEPENDENCY}", "${POPULATESYSROOTDEPS}", "virtual/egl"]
[2m2025-12-06T06:29:22.084766Z[0m [32m INFO[0m [2mconvenient_bitbake::pipeline[0m[2m:[0m   Recipe 'libfakekey' DEPENDS: ["${PATCHDEPENDENCY}", "${POPULATESYSROOTDEPS}", "libxtst"]
[2m2025-12-06T06:29:22.084791Z[0m [32m INFO[0m [2mconvenient_bitbake::pipeline[0m[2m:[0m   Recipe 'libmatchbox' DEPENDS: ["${PATCHDEPENDENCY}", "${POPULATESYSROOTDEPS}", "jpeg", "libpng", "libxext", "libxft", "virtual/libx11"]
[2m2025-12-06T06:29:22.084805Z[0m [32m INFO[0m [2mconvenient_bitbake::pipeline[0m[2m:[0m   Recipe 'libsdl2' DEPENDS: ["${PATCHDEPENDENCY}", "${POPULATESYSROOTDEPS}", "libxext", "libxrandr", "libxrender", "virtual/libx11"]
[2m2025-12-06T06:29:22.084821Z[0m [32m INFO[0m [2mconvenient_bitbake::pipeline[0m[2m:[0m   Recipe 'libva-initial' DEPENDS: ["${PATCHDEPENDENCY}", "${POPULATESYSROOTDEPS}", "libdrm"]
[2m2025-12-06T06:29:22.084835Z[0m [32m INFO[0m [2mconvenient_bitbake::pipeline[0m[2m:[0m   Recipe 'libva-utils' DEPENDS: ["${PATCHDEPENDENCY}", "${POPULATESYSROOTDEPS}", "libva"]
[2m2025-12-06T06:29:22.084874Z[0m [32m INFO[0m [2mconvenient_bitbake::pipeline[0m[2m:[0m   Recipe 'libva' DEPENDS: ["${PATCHDEPENDENCY}", "${POPULATESYSROOTDEPS}", "libdrm"]
[2m2025-12-06T06:29:22.084885Z[0m [32m INFO[0m [2mconvenient_bitbake::pipeline[0m[2m:[0m   Recipe 'matchbox-session' DEPENDS: ["${PATCHDEPENDENCY}", "${POPULATESYSROOTDEPS}"]
[2m2025-12-06T06:29:22.084900Z[0m [32m INFO[0m [2mconvenient_bitbake::pipeline[0m[2m:[0m   Recipe 'matchbox-wm' DEPENDS: ["${PATCHDEPENDENCY}", "${POPULATESYSROOTDEPS}", "expat", "gconf", "libmatchbox", "libxcursor", "libxext", "libxfixes", "libxrender", "startup-notification", "virtual/libx11"]
[2m2025-12-06T06:29:22.084923Z[0m [32m INFO[0m [2mconvenient_bitbake::pipeline[0m[2m:[0m   Recipe 'menu-cache' DEPENDS: ["${PATCHDEPENDENCY}", "${POPULATESYSROOTDEPS}", "glib-2.0", "libfm-extra"]
[2m2025-12-06T06:29:22.084935Z[0m [32m INFO[0m [2mconvenient_bitbake::pipeline[0m[2m:[0m   Recipe 'libglu' DEPENDS: ["${PATCHDEPENDENCY}", "${POPULATESYSROOTDEPS}", "virtual/libgl"]
[2m2025-12-06T06:29:22.084950Z[0m [32m INFO[0m [2mconvenient_bitbake::pipeline[0m[2m:[0m   Recipe 'mesa-demos' DEPENDS: ["${PATCHDEPENDENCY}", "${POPULATESYSROOTDEPS}", "freetype", "glew", "libdrm", "virtual/egl", "virtual/libgl", "virtual/libgles1", "virtual/libgles2", "virtual/libx11"]
[2m2025-12-06T06:29:22.084972Z[0m [32m INFO[0m [2mconvenient_bitbake::pipeline[0m[2m:[0m   Recipe 'mesa-gl' DEPENDS: ["${PATCHDEPENDENCY}", "${POPULATESYSROOTDEPS}", "bison-native", "chrpath-replacement-native", "expat", "flex-native", "gettext-native", "libdrm", "libxml2-native", "makedepend-native", "python3-mako-native", "zlib"]
[2m2025-12-06T06:29:22.085003Z[0m [32m INFO[0m [2mconvenient_bitbake::pipeline[0m[2m:[0m   Recipe 'mesa' DEPENDS: ["${PATCHDEPENDENCY}", "${POPULATESYSROOTDEPS}", "bison-native", "chrpath-replacement-native", "expat", "flex-native", "gettext-native", "libdrm", "libxml2-native", "makedepend-native", "python3-mako-native", "zlib"]
[2m2025-12-06T06:29:22.085019Z[0m [32m INFO[0m [2mconvenient_bitbake::pipeline[0m[2m:[0m   Recipe 'mini-x-session' DEPENDS: ["${PATCHDEPENDENCY}", "${POPULATESYSROOTDEPS}"]
[2m2025-12-06T06:29:22.085043Z[0m [32m INFO[0m [2mconvenient_bitbake::pipeline[0m[2m:[0m   Recipe 'packagegroup-core-weston' DEPENDS: ["${PATCHDEPENDENCY}", "${POPULATESYSROOTDEPS}"]
[2m2025-12-06T06:29:22.085053Z[0m [32m INFO[0m [2mconvenient_bitbake::pipeline[0m[2m:[0m   Recipe 'packagegroup-core-x11-base' DEPENDS: ["${PATCHDEPENDENCY}", "${POPULATESYSROOTDEPS}"]
[2m2025-12-06T06:29:22.085068Z[0m [32m INFO[0m [2mconvenient_bitbake::pipeline[0m[2m:[0m   Recipe 'packagegroup-core-x11-xserver' DEPENDS: ["${PATCHDEPENDENCY}", "${POPULATESYSROOTDEPS}"]
[2m2025-12-06T06:29:22.085079Z[0m [32m INFO[0m [2mconvenient_bitbake::pipeline[0m[2m:[0m   Recipe 'packagegroup-core-x11' DEPENDS: ["${PATCHDEPENDENCY}", "${POPULATESYSROOTDEPS}"]
[2m2025-12-06T06:29:22.085091Z[0m [32m INFO[0m [2mconvenient_bitbake::pipeline[0m[2m:[0m   Recipe 'pango' DEPENDS: ["${PATCHDEPENDENCY}", "${POPULATESYSROOTDEPS}", "cairo", "fontconfig", "freetype", "fribidi", "glib-2.0", "glib-2.0-native", "harfbuzz", "virtual/libiconv"]
[2m2025-12-06T06:29:22.085115Z[0m [32m INFO[0m [2mconvenient_bitbake::pipeline[0m[2m:[0m   Recipe 'piglit' DEPENDS: ["${PATCHDEPENDENCY}", "${POPULATESYSROOTDEPS}", "libpng", "libxkbcommon", "python3-mako-native", "python3-numpy-native", "python3-six-native", "virtual/egl", "waffle"]
[2m2025-12-06T06:29:22.085150Z[0m [32m INFO[0m [2mconvenient_bitbake::pipeline[0m[2m:[0m   Recipe 'pong-clock' DEPENDS: ["${PATCHDEPENDENCY}", "${POPULATESYSROOTDEPS}", "virtual/libx11", "xau", "xdmcp"]
[2m2025-12-06T06:29:22.085179Z[0m [32m INFO[0m [2mconvenient_bitbake::pipeline[0m[2m:[0m   Recipe 'shaderc' DEPENDS: ["${PATCHDEPENDENCY}", "${POPULATESYSROOTDEPS}", "glslang", "spirv-headers", "spirv-tools"]
[2m2025-12-06T06:29:22.085190Z[0m [32m INFO[0m [2mconvenient_bitbake::pipeline[0m[2m:[0m   Recipe 'spirv-headers' DEPENDS: ["${PATCHDEPENDENCY}", "${POPULATESYSROOTDEPS}"]
[2m2025-12-06T06:29:22.085198Z[0m [32m INFO[0m [2mconvenient_bitbake::pipeline[0m[2m:[0m   Recipe 'spirv-tools' DEPENDS: ["${PATCHDEPENDENCY}", "${POPULATESYSROOTDEPS}", "spirv-headers"]
[2m2025-12-06T06:29:22.085208Z[0m [32m INFO[0m [2mconvenient_bitbake::pipeline[0m[2m:[0m   Recipe 'startup-notification' DEPENDS: ["${PATCHDEPENDENCY}", "${POPULATESYSROOTDEPS}", "libsm", "virtual/libx11", "xcb-util"]
[2m2025-12-06T06:29:22.085227Z[0m [32m INFO[0m [2mconvenient_bitbake::pipeline[0m[2m:[0m   Recipe 'liberation-fonts' DEPENDS: ["${PATCHDEPENDENCY}", "${POPULATESYSROOTDEPS}"]
[2m2025-12-06T06:29:22.085237Z[0m [32m INFO[0m [2mconvenient_bitbake::pipeline[0m[2m:[0m   Recipe 'ttf-bitstream-vera' DEPENDS: ["${PATCHDEPENDENCY}", "${POPULATESYSROOTDEPS}"]
[2m2025-12-06T06:29:22.085256Z[0m [32m INFO[0m [2mconvenient_bitbake::pipeline[0m[2m:[0m   Recipe 'virglrenderer' DEPENDS: ["${PATCHDEPENDENCY}", "${POPULATESYSROOTDEPS}", "libdrm", "libepoxy", "virtual/egl", "virtual/libgbm"]
[2m2025-12-06T06:29:22.085267Z[0m [32m INFO[0m [2mconvenient_bitbake::pipeline[0m[2m:[0m   Recipe 'vulkan-headers' DEPENDS: ["${PATCHDEPENDENCY}", "${POPULATESYSROOTDEPS}"]
[2m2025-12-06T06:29:22.085282Z[0m [32m INFO[0m [2mconvenient_bitbake::pipeline[0m[2m:[0m   Recipe 'vulkan-loader' DEPENDS: ["${PATCHDEPENDENCY}", "${POPULATESYSROOTDEPS}", "vulkan-headers"]
[2m2025-12-06T06:29:22.085300Z[0m [32m INFO[0m [2mconvenient_bitbake::pipeline[0m[2m:[0m   Recipe 'vulkan-samples' DEPENDS: ["${PATCHDEPENDENCY}", "${POPULATESYSROOTDEPS}"]
[2m2025-12-06T06:29:22.085314Z[0m [32m INFO[0m [2mconvenient_bitbake::pipeline[0m[2m:[0m   Recipe 'vulkan-tools' DEPENDS: ["${PATCHDEPENDENCY}", "${POPULATESYSROOTDEPS}", "vulkan-headers", "vulkan-loader"]
[2m2025-12-06T06:29:22.085341Z[0m [32m INFO[0m [2mconvenient_bitbake::pipeline[0m[2m:[0m   Recipe 'waffle' DEPENDS: ["${PATCHDEPENDENCY}", "${POPULATESYSROOTDEPS}", "python3"]
[2m2025-12-06T06:29:22.085360Z[0m [32m INFO[0m [2mconvenient_bitbake::pipeline[0m[2m:[0m   Recipe 'libinput' DEPENDS: ["${PATCHDEPENDENCY}", "${POPULATESYSROOTDEPS}", "libcheck", "libevdev", "mtdev", "udev"]
[2m2025-12-06T06:29:22.085378Z[0m [32m INFO[0m [2mconvenient_bitbake::pipeline[0m[2m:[0m   Recipe 'mtdev' DEPENDS: ["${PATCHDEPENDENCY}", "${POPULATESYSROOTDEPS}"]
[2m2025-12-06T06:29:22.085394Z[0m [32m INFO[0m [2mconvenient_bitbake::pipeline[0m[2m:[0m   Recipe 'wayland-protocols' DEPENDS: ["${PATCHDEPENDENCY}", "${POPULATESYSROOTDEPS}"]
[2m2025-12-06T06:29:22.085410Z[0m [32m INFO[0m [2mconvenient_bitbake::pipeline[0m[2m:[0m   Recipe 'wayland-utils' DEPENDS: ["${PATCHDEPENDENCY}", "${POPULATESYSROOTDEPS}", "wayland", "wayland-native", "wayland-protocols"]
[2m2025-12-06T06:29:22.085421Z[0m [32m INFO[0m [2mconvenient_bitbake::pipeline[0m[2m:[0m   Recipe 'wayland' DEPENDS: ["${PATCHDEPENDENCY}", "${POPULATESYSROOTDEPS}", "expat", "libffi", "libxml2", "wayland-native"]
[2m2025-12-06T06:29:22.085431Z[0m [32m INFO[0m [2mconvenient_bitbake::pipeline[0m[2m:[0m   Recipe 'weston-init' DEPENDS: ["${PATCHDEPENDENCY}", "${POPULATESYSROOTDEPS}", "${USERADDSETSCENEDEPS}"]
[2m2025-12-06T06:29:22.085455Z[0m [32m INFO[0m [2mconvenient_bitbake::pipeline[0m[2m:[0m   Recipe 'weston' DEPENDS: ["${PATCHDEPENDENCY}", "${POPULATESYSROOTDEPS}", "${USERADDSETSCENEDEPS}", "cairo", "gdk-pixbuf", "glib-2.0", "jpeg", "libinput", "libxkbcommon", "pango", "pixman", "virtual/egl", "virtual/libgles2", "wayland", "wayland-native", "wayland-protocols"]
[2m2025-12-06T06:29:22.085476Z[0m [32m INFO[0m [2mconvenient_bitbake::pipeline[0m[2m:[0m   Recipe 'xserver-nodm-init' DEPENDS: ["${PATCHDEPENDENCY}", "${POPULATESYSROOTDEPS}"]
[2m2025-12-06T06:29:22.085493Z[0m [32m INFO[0m [2mconvenient_bitbake::pipeline[0m[2m:[0m   Recipe 'xcursor-transparent-theme' DEPENDS: ["${PATCHDEPENDENCY}", "${POPULATESYSROOTDEPS}"]
[2m2025-12-06T06:29:22.085514Z[0m [32m INFO[0m [2mconvenient_bitbake::pipeline[0m[2m:[0m   Recipe 'pointercal-xinput' DEPENDS: ["${PATCHDEPENDENCY}", "${POPULATESYSROOTDEPS}"]
[2m2025-12-06T06:29:22.085523Z[0m [32m INFO[0m [2mconvenient_bitbake::pipeline[0m[2m:[0m   Recipe 'xinput-calibrator' DEPENDS: ["${PATCHDEPENDENCY}", "${POPULATESYSROOTDEPS}", "libxi", "libxrandr", "virtual/libx11"]
[2m2025-12-06T06:29:22.085535Z[0m [32m INFO[0m [2mconvenient_bitbake::pipeline[0m[2m:[0m   Recipe 'mkfontscale' DEPENDS: ["${PATCHDEPENDENCY}", "${POPULATESYSROOTDEPS}", "freetype", "libfontenc", "util-macros-native", "xorgproto", "zlib"]
[2m2025-12-06T06:29:22.085551Z[0m [32m INFO[0m [2mconvenient_bitbake::pipeline[0m[2m:[0m   Recipe 'rgb' DEPENDS: ["${PATCHDEPENDENCY}", "${POPULATESYSROOTDEPS}", "util-macros", "util-macros-native", "virtual/libx11", "xorgproto"]
[2m2025-12-06T06:29:22.085569Z[0m [32m INFO[0m [2mconvenient_bitbake::pipeline[0m[2m:[0m   Recipe 'x11perf' DEPENDS: ["${PATCHDEPENDENCY}", "${POPULATESYSROOTDEPS}", "fontconfig", "libxext", "libxft", "libxmu", "libxrender", "util-macros-native", "virtual/libx11"]
[2m2025-12-06T06:29:22.085587Z[0m [32m INFO[0m [2mconvenient_bitbake::pipeline[0m[2m:[0m   Recipe 'xauth' DEPENDS: ["${PATCHDEPENDENCY}", "${POPULATESYSROOTDEPS}", "libxau", "libxext", "libxmu", "util-macros-native", "virtual/libx11"]
[2m2025-12-06T06:29:22.085610Z[0m [32m INFO[0m [2mconvenient_bitbake::pipeline[0m[2m:[0m   Recipe 'xdpyinfo' DEPENDS: ["${PATCHDEPENDENCY}", "${POPULATESYSROOTDEPS}", "libdmx", "libxau", "libxcomposite", "libxext", "libxi", "libxinerama", "libxrender", "libxtst", "libxxf86vm", "util-macros-native", "virtual/libx11"]
[2m2025-12-06T06:29:22.085635Z[0m [32m INFO[0m [2mconvenient_bitbake::pipeline[0m[2m:[0m   Recipe 'xev' DEPENDS: ["${PATCHDEPENDENCY}", "${POPULATESYSROOTDEPS}", "libxrandr", "util-macros-native", "virtual/libx11", "xorgproto"]
[2m2025-12-06T06:29:22.085656Z[0m [32m INFO[0m [2mconvenient_bitbake::pipeline[0m[2m:[0m   Recipe 'xeyes' DEPENDS: ["${PATCHDEPENDENCY}", "${POPULATESYSROOTDEPS}", "libxau", "libxext", "libxi", "libxmu", "libxrender", "libxt", "util-macros-native", "virtual/libx11"]
[2m2025-12-06T06:29:22.085673Z[0m [32m INFO[0m [2mconvenient_bitbake::pipeline[0m[2m:[0m   Recipe 'xhost' DEPENDS: ["${PATCHDEPENDENCY}", "${POPULATESYSROOTDEPS}", "libxau", "libxmu", "util-macros-native", "virtual/libx11"]
[2m2025-12-06T06:29:22.085689Z[0m [32m INFO[0m [2mconvenient_bitbake::pipeline[0m[2m:[0m   Recipe 'xinit' DEPENDS: ["${PATCHDEPENDENCY}", "${POPULATESYSROOTDEPS}", "util-macros-native", "virtual/libx11"]
[2m2025-12-06T06:29:22.085699Z[0m [32m INFO[0m [2mconvenient_bitbake::pipeline[0m[2m:[0m   Recipe 'xinput' DEPENDS: ["${PATCHDEPENDENCY}", "${POPULATESYSROOTDEPS}", "libxi", "libxinerama", "libxrandr", "util-macros-native", "virtual/libx11"]
[2m2025-12-06T06:29:22.085711Z[0m [32m INFO[0m [2mconvenient_bitbake::pipeline[0m[2m:[0m   Recipe 'xkbcomp' DEPENDS: ["${PATCHDEPENDENCY}", "${POPULATESYSROOTDEPS}", "libxkbfile", "util-macros-native", "virtual/libx11"]
[2m2025-12-06T06:29:22.085730Z[0m [32m INFO[0m [2mconvenient_bitbake::pipeline[0m[2m:[0m   Recipe 'xmodmap' DEPENDS: ["${PATCHDEPENDENCY}", "${POPULATESYSROOTDEPS}", "util-macros-native", "virtual/libx11"]
[2m2025-12-06T06:29:22.085744Z[0m [32m INFO[0m [2mconvenient_bitbake::pipeline[0m[2m:[0m   Recipe 'xprop' DEPENDS: ["${PATCHDEPENDENCY}", "${POPULATESYSROOTDEPS}", "libxmu", "util-macros-native", "virtual/libx11"]
[2m2025-12-06T06:29:22.085760Z[0m [32m INFO[0m [2mconvenient_bitbake::pipeline[0m[2m:[0m   Recipe 'xrandr' DEPENDS: ["${PATCHDEPENDENCY}", "${POPULATESYSROOTDEPS}", "libxrandr", "libxrender", "util-macros-native", "virtual/libx11"]
[2m2025-12-06T06:29:22.085783Z[0m [32m INFO[0m [2mconvenient_bitbake::pipeline[0m[2m:[0m   Recipe 'xset' DEPENDS: ["${PATCHDEPENDENCY}", "${POPULATESYSROOTDEPS}", "libxau", "libxext", "libxmu", "util-macros-native", "virtual/libx11"]
[2m2025-12-06T06:29:22.085798Z[0m [32m INFO[0m [2mconvenient_bitbake::pipeline[0m[2m:[0m   Recipe 'xvinfo' DEPENDS: ["${PATCHDEPENDENCY}", "${POPULATESYSROOTDEPS}", "libxv", "util-macros-native", "virtual/libx11"]
[2m2025-12-06T06:29:22.085812Z[0m [32m INFO[0m [2mconvenient_bitbake::pipeline[0m[2m:[0m   Recipe 'xwininfo' DEPENDS: ["${PATCHDEPENDENCY}", "${POPULATESYSROOTDEPS}", "gettext-native", "libxext", "libxmu", "util-macros-native", "virtual/libx11"]
[2m2025-12-06T06:29:22.085829Z[0m [32m INFO[0m [2mconvenient_bitbake::pipeline[0m[2m:[0m   Recipe 'xf86-input-evdev' DEPENDS: ["${PATCHDEPENDENCY}", "${POPULATESYSROOTDEPS}", "libevdev", "mtdev", "util-macros", "virtual/xserver", "xorgproto"]
[2m2025-12-06T06:29:22.085844Z[0m [32m INFO[0m [2mconvenient_bitbake::pipeline[0m[2m:[0m   Recipe 'xf86-input-keyboard' DEPENDS: ["${PATCHDEPENDENCY}", "${POPULATESYSROOTDEPS}", "util-macros", "virtual/xserver", "xorgproto"]
[2m2025-12-06T06:29:22.085859Z[0m [32m INFO[0m [2mconvenient_bitbake::pipeline[0m[2m:[0m   Recipe 'xf86-input-libinput' DEPENDS: ["${PATCHDEPENDENCY}", "${POPULATESYSROOTDEPS}", "libinput", "util-macros", "virtual/xserver", "xorgproto"]
[2m2025-12-06T06:29:22.085879Z[0m [32m INFO[0m [2mconvenient_bitbake::pipeline[0m[2m:[0m   Recipe 'xf86-input-mouse' DEPENDS: ["${PATCHDEPENDENCY}", "${POPULATESYSROOTDEPS}", "util-macros", "virtual/xserver", "xorgproto"]
[2m2025-12-06T06:29:22.085894Z[0m [32m INFO[0m [2mconvenient_bitbake::pipeline[0m[2m:[0m   Recipe 'xf86-input-synaptics' DEPENDS: ["${PATCHDEPENDENCY}", "${POPULATESYSROOTDEPS}", "libevdev", "libxi", "libxtst", "mtdev", "util-macros", "virtual/xserver", "xorgproto"]
[2m2025-12-06T06:29:22.085906Z[0m [32m INFO[0m [2mconvenient_bitbake::pipeline[0m[2m:[0m   Recipe 'xf86-input-vmmouse' DEPENDS: ["${PATCHDEPENDENCY}", "${POPULATESYSROOTDEPS}", "util-macros", "virtual/xserver", "xorgproto"]
[2m2025-12-06T06:29:22.085926Z[0m [32m INFO[0m [2mconvenient_bitbake::pipeline[0m[2m:[0m   Recipe 'xf86-video-cirrus' DEPENDS: ["${PATCHDEPENDENCY}", "${POPULATESYSROOTDEPS}", "libpciaccess", "util-macros", "virtual/xserver", "xorgproto"]
[2m2025-12-06T06:29:22.085940Z[0m [32m INFO[0m [2mconvenient_bitbake::pipeline[0m[2m:[0m   Recipe 'xf86-video-fbdev' DEPENDS: ["${PATCHDEPENDENCY}", "${POPULATESYSROOTDEPS}", "util-macros", "virtual/xserver", "xorgproto"]
[2m2025-12-06T06:29:22.085963Z[0m [32m INFO[0m [2mconvenient_bitbake::pipeline[0m[2m:[0m   Recipe 'xf86-video-intel' DEPENDS: ["${PATCHDEPENDENCY}", "${POPULATESYSROOTDEPS}", "cairo", "drm", "libpciaccess", "libpng", "libxcb", "libxcomposite", "libxdamage", "libxext", "libxfixes", "libxrandr", "libxrender", "libxvmc", "pixman", "udev", "util-macros", "virtual/libx11", "virtual/xserver", "xcb-util", "xorgproto"]
[2m2025-12-06T06:29:22.085985Z[0m [32m INFO[0m [2mconvenient_bitbake::pipeline[0m[2m:[0m   Recipe 'xf86-video-vesa' DEPENDS: ["${PATCHDEPENDENCY}", "${POPULATESYSROOTDEPS}", "libpciaccess", "util-macros", "virtual/libx11", "virtual/xserver", "xorgproto"]
[2m2025-12-06T06:29:22.086003Z[0m [32m INFO[0m [2mconvenient_bitbake::pipeline[0m[2m:[0m   Recipe 'xf86-video-vmware' DEPENDS: ["${PATCHDEPENDENCY}", "${POPULATESYSROOTDEPS}", "libpciaccess", "util-macros", "virtual/libx11", "virtual/xserver", "xorgproto"]
[2m2025-12-06T06:29:22.086021Z[0m [32m INFO[0m [2mconvenient_bitbake::pipeline[0m[2m:[0m   Recipe 'encodings' DEPENDS: ["${PATCHDEPENDENCY}", "${POPULATESYSROOTDEPS}", "font-util-native", "mkfontdir-native", "mkfontscale-native"]
[2m2025-12-06T06:29:22.086043Z[0m [32m INFO[0m [2mconvenient_bitbake::pipeline[0m[2m:[0m   Recipe 'font-alias' DEPENDS: ["${PATCHDEPENDENCY}", "${POPULATESYSROOTDEPS}", "font-util-native", "util-macros-native"]
[2m2025-12-06T06:29:22.086069Z[0m [32m INFO[0m [2mconvenient_bitbake::pipeline[0m[2m:[0m   Recipe 'font-util' DEPENDS: ["${PATCHDEPENDENCY}", "${POPULATESYSROOTDEPS}", "encodings", "util-macros"]
[2m2025-12-06T06:29:22.086080Z[0m [32m INFO[0m [2mconvenient_bitbake::pipeline[0m[2m:[0m   Recipe 'xorg-minimal-fonts' DEPENDS: ["${PATCHDEPENDENCY}", "${POPULATESYSROOTDEPS}"]
[2m2025-12-06T06:29:22.086094Z[0m [32m INFO[0m [2mconvenient_bitbake::pipeline[0m[2m:[0m   Recipe 'libdmx' DEPENDS: ["${PATCHDEPENDENCY}", "${POPULATESYSROOTDEPS}", "libxext", "util-macros", "xorgproto"]
[2m2025-12-06T06:29:22.086126Z[0m [32m INFO[0m [2mconvenient_bitbake::pipeline[0m[2m:[0m   Recipe 'libfontenc' DEPENDS: ["${PATCHDEPENDENCY}", "${POPULATESYSROOTDEPS}", "font-util", "util-macros", "xorgproto", "zlib"]
[2m2025-12-06T06:29:22.086144Z[0m [32m INFO[0m [2mconvenient_bitbake::pipeline[0m[2m:[0m   Recipe 'libice' DEPENDS: ["${PATCHDEPENDENCY}", "${POPULATESYSROOTDEPS}", "util-macros", "xorgproto", "xtrans"]
[2m2025-12-06T06:29:22.086172Z[0m [32m INFO[0m [2mconvenient_bitbake::pipeline[0m[2m:[0m   Recipe 'libpciaccess' DEPENDS: ["${PATCHDEPENDENCY}", "${POPULATESYSROOTDEPS}", "util-macros"]
[2m2025-12-06T06:29:22.086213Z[0m [32m INFO[0m [2mconvenient_bitbake::pipeline[0m[2m:[0m   Recipe 'libpthread-stubs' DEPENDS: ["${PATCHDEPENDENCY}", "${POPULATESYSROOTDEPS}"]
[2m2025-12-06T06:29:22.086237Z[0m [32m INFO[0m [2mconvenient_bitbake::pipeline[0m[2m:[0m   Recipe 'libsm' DEPENDS: ["${PATCHDEPENDENCY}", "${POPULATESYSROOTDEPS}", "libice", "util-macros", "xorgproto", "xtrans"]
[2m2025-12-06T06:29:22.086260Z[0m [32m INFO[0m [2mconvenient_bitbake::pipeline[0m[2m:[0m   Recipe 'libx11-compose-data' DEPENDS: ["${PATCHDEPENDENCY}", "${POPULATESYSROOTDEPS}", "util-macros"]
[2m2025-12-06T06:29:22.086282Z[0m [32m INFO[0m [2mconvenient_bitbake::pipeline[0m[2m:[0m   Recipe 'libx11' DEPENDS: ["${PATCHDEPENDENCY}", "${POPULATESYSROOTDEPS}", "autoconf-archive", "libxcb", "util-macros", "xorgproto", "xorgproto-native", "xtrans"]
[2m2025-12-06T06:29:22.086317Z[0m [32m INFO[0m [2mconvenient_bitbake::pipeline[0m[2m:[0m   Recipe 'libxau' DEPENDS: ["${PATCHDEPENDENCY}", "${POPULATESYSROOTDEPS}", "util-macros", "xorgproto"]
[2m2025-12-06T06:29:22.086327Z[0m [32m INFO[0m [2mconvenient_bitbake::pipeline[0m[2m:[0m   Recipe 'libxcb' DEPENDS: ["${PATCHDEPENDENCY}", "${POPULATESYSROOTDEPS}", "libpthread-stubs", "libxau", "libxdmcp", "xcb-proto", "xorgproto"]
[2m2025-12-06T06:29:22.086343Z[0m [32m INFO[0m [2mconvenient_bitbake::pipeline[0m[2m:[0m   Recipe 'libxcomposite' DEPENDS: ["${PATCHDEPENDENCY}", "${POPULATESYSROOTDEPS}", "libxext", "libxfixes", "util-macros", "virtual/libx11", "xorgproto"]
[2m2025-12-06T06:29:22.086360Z[0m [32m INFO[0m [2mconvenient_bitbake::pipeline[0m[2m:[0m   Recipe 'libxcursor' DEPENDS: ["${PATCHDEPENDENCY}", "${POPULATESYSROOTDEPS}", "libxfixes", "libxrender", "util-macros"]
[2m2025-12-06T06:29:22.086382Z[0m [32m INFO[0m [2mconvenient_bitbake::pipeline[0m[2m:[0m   Recipe 'libxcvt' DEPENDS: ["${PATCHDEPENDENCY}", "${POPULATESYSROOTDEPS}"]
[2m2025-12-06T06:29:22.086395Z[0m [32m INFO[0m [2mconvenient_bitbake::pipeline[0m[2m:[0m   Recipe 'libxdamage' DEPENDS: ["${PATCHDEPENDENCY}", "${POPULATESYSROOTDEPS}", "libxfixes", "util-macros", "virtual/libx11", "xorgproto"]
[2m2025-12-06T06:29:22.086410Z[0m [32m INFO[0m [2mconvenient_bitbake::pipeline[0m[2m:[0m   Recipe 'libxdmcp' DEPENDS: ["${PATCHDEPENDENCY}", "${POPULATESYSROOTDEPS}", "util-macros", "xorgproto"]
[2m2025-12-06T06:29:22.086425Z[0m [32m INFO[0m [2mconvenient_bitbake::pipeline[0m[2m:[0m   Recipe 'libxext' DEPENDS: ["${PATCHDEPENDENCY}", "${POPULATESYSROOTDEPS}", "util-macros", "virtual/libx11", "xorgproto"]
[2m2025-12-06T06:29:22.086438Z[0m [32m INFO[0m [2mconvenient_bitbake::pipeline[0m[2m:[0m   Recipe 'libxfixes' DEPENDS: ["${PATCHDEPENDENCY}", "${POPULATESYSROOTDEPS}", "util-macros", "virtual/libx11", "xorgproto"]
[2m2025-12-06T06:29:22.086463Z[0m [32m INFO[0m [2mconvenient_bitbake::pipeline[0m[2m:[0m   Recipe 'libxfont2' DEPENDS: ["${PATCHDEPENDENCY}", "${POPULATESYSROOTDEPS}", "freetype", "libfontenc", "util-macros", "xorgproto", "xtrans", "zlib"]
[2m2025-12-06T06:29:22.086491Z[0m [32m INFO[0m [2mconvenient_bitbake::pipeline[0m[2m:[0m   Recipe 'libxfont' DEPENDS: ["${PATCHDEPENDENCY}", "${POPULATESYSROOTDEPS}", "freetype", "libfontenc", "util-macros", "xorgproto", "xtrans", "zlib"]
[2m2025-12-06T06:29:22.086511Z[0m [32m INFO[0m [2mconvenient_bitbake::pipeline[0m[2m:[0m   Recipe 'libxft' DEPENDS: ["${PATCHDEPENDENCY}", "${POPULATESYSROOTDEPS}", "fontconfig", "freetype", "libxrender", "util-macros", "virtual/libx11"]
[2m2025-12-06T06:29:22.086530Z[0m [32m INFO[0m [2mconvenient_bitbake::pipeline[0m[2m:[0m   Recipe 'libxi' DEPENDS: ["${PATCHDEPENDENCY}", "${POPULATESYSROOTDEPS}", "libxext", "libxfixes", "util-macros", "xorgproto"]
[2m2025-12-06T06:29:22.086541Z[0m [32m INFO[0m [2mconvenient_bitbake::pipeline[0m[2m:[0m   Recipe 'libxinerama' DEPENDS: ["${PATCHDEPENDENCY}", "${POPULATESYSROOTDEPS}", "libxext", "util-macros", "xorgproto"]
[2m2025-12-06T06:29:22.086552Z[0m [32m INFO[0m [2mconvenient_bitbake::pipeline[0m[2m:[0m   Recipe 'libxkbcommon' DEPENDS: ["${PATCHDEPENDENCY}", "${POPULATESYSROOTDEPS}", "bison-native", "flex-native", "libxml2"]
[2m2025-12-06T06:29:22.086562Z[0m [32m INFO[0m [2mconvenient_bitbake::pipeline[0m[2m:[0m   Recipe 'libxkbfile' DEPENDS: ["${PATCHDEPENDENCY}", "${POPULATESYSROOTDEPS}", "util-macros", "virtual/libx11", "xorgproto"]
[2m2025-12-06T06:29:22.086575Z[0m [32m INFO[0m [2mconvenient_bitbake::pipeline[0m[2m:[0m   Recipe 'libxmu' DEPENDS: ["${PATCHDEPENDENCY}", "${POPULATESYSROOTDEPS}", "libxext", "libxt", "util-macros"]
[2m2025-12-06T06:29:22.086587Z[0m [32m INFO[0m [2mconvenient_bitbake::pipeline[0m[2m:[0m   Recipe 'libxpm' DEPENDS: ["${PATCHDEPENDENCY}", "${POPULATESYSROOTDEPS}", "gettext-native", "libsm", "libxext", "libxt", "util-macros"]
[2m2025-12-06T06:29:22.086614Z[0m [32m INFO[0m [2mconvenient_bitbake::pipeline[0m[2m:[0m   Recipe 'libxrandr' DEPENDS: ["${PATCHDEPENDENCY}", "${POPULATESYSROOTDEPS}", "libxext", "libxrender", "util-macros", "virtual/libx11", "xorgproto"]
[2m2025-12-06T06:29:22.086642Z[0m [32m INFO[0m [2mconvenient_bitbake::pipeline[0m[2m:[0m   Recipe 'libxrender' DEPENDS: ["${PATCHDEPENDENCY}", "${POPULATESYSROOTDEPS}", "util-macros", "virtual/libx11", "xorgproto"]
[2m2025-12-06T06:29:22.086657Z[0m [32m INFO[0m [2mconvenient_bitbake::pipeline[0m[2m:[0m   Recipe 'libxres' DEPENDS: ["${PATCHDEPENDENCY}", "${POPULATESYSROOTDEPS}", "libxext", "util-macros", "xorgproto"]
[2m2025-12-06T06:29:22.086670Z[0m [32m INFO[0m [2mconvenient_bitbake::pipeline[0m[2m:[0m   Recipe 'libxscrnsaver' DEPENDS: ["${PATCHDEPENDENCY}", "${POPULATESYSROOTDEPS}", "libxext", "util-macros", "xorgproto"]
[2m2025-12-06T06:29:22.086685Z[0m [32m INFO[0m [2mconvenient_bitbake::pipeline[0m[2m:[0m   Recipe 'libxshmfence' DEPENDS: ["${PATCHDEPENDENCY}", "${POPULATESYSROOTDEPS}", "util-macros", "virtual/libx11"]
[2m2025-12-06T06:29:22.086698Z[0m [32m INFO[0m [2mconvenient_bitbake::pipeline[0m[2m:[0m   Recipe 'libxt' DEPENDS: ["${PATCHDEPENDENCY}", "${POPULATESYSROOTDEPS}", "libsm", "libxcb", "libxdmcp", "util-linux", "util-macros", "virtual/libx11", "xorgproto"]
[2m2025-12-06T06:29:22.086714Z[0m [32m INFO[0m [2mconvenient_bitbake::pipeline[0m[2m:[0m   Recipe 'libxtst' DEPENDS: ["${PATCHDEPENDENCY}", "${POPULATESYSROOTDEPS}", "libxext", "libxi", "util-macros", "xorgproto"]
[2m2025-12-06T06:29:22.086735Z[0m [32m INFO[0m [2mconvenient_bitbake::pipeline[0m[2m:[0m   Recipe 'libxv' DEPENDS: ["${PATCHDEPENDENCY}", "${POPULATESYSROOTDEPS}", "libxext", "util-macros", "xorgproto"]
[2m2025-12-06T06:29:22.086752Z[0m [32m INFO[0m [2mconvenient_bitbake::pipeline[0m[2m:[0m   Recipe 'libxvmc' DEPENDS: ["${PATCHDEPENDENCY}", "${POPULATESYSROOTDEPS}", "libxext", "libxv", "util-macros", "xorgproto"]
[2m2025-12-06T06:29:22.086769Z[0m [32m INFO[0m [2mconvenient_bitbake::pipeline[0m[2m:[0m   Recipe 'libxxf86vm' DEPENDS: ["${PATCHDEPENDENCY}", "${POPULATESYSROOTDEPS}", "libxext", "util-macros", "xorgproto"]
[2m2025-12-06T06:29:22.086789Z[0m [32m INFO[0m [2mconvenient_bitbake::pipeline[0m[2m:[0m   Recipe 'pixman' DEPENDS: ["${PATCHDEPENDENCY}", "${POPULATESYSROOTDEPS}", "zlib"]
[2m2025-12-06T06:29:22.086811Z[0m [32m INFO[0m [2mconvenient_bitbake::pipeline[0m[2m:[0m   Recipe 'xcb-util-image' DEPENDS: ["${PATCHDEPENDENCY}", "${POPULATESYSROOTDEPS}", "gperf-native", "libxcb", "xcb-util"]
[2m2025-12-06T06:29:22.086822Z[0m [32m INFO[0m [2mconvenient_bitbake::pipeline[0m[2m:[0m   Recipe 'xcb-util-keysyms' DEPENDS: ["${PATCHDEPENDENCY}", "${POPULATESYSROOTDEPS}", "gperf-native", "libxcb"]
[2m2025-12-06T06:29:22.086832Z[0m [32m INFO[0m [2mconvenient_bitbake::pipeline[0m[2m:[0m   Recipe 'xcb-util-renderutil' DEPENDS: ["${PATCHDEPENDENCY}", "${POPULATESYSROOTDEPS}", "gperf-native", "libxcb"]
[2m2025-12-06T06:29:22.086854Z[0m [32m INFO[0m [2mconvenient_bitbake::pipeline[0m[2m:[0m   Recipe 'xcb-util-wm' DEPENDS: ["${PATCHDEPENDENCY}", "${POPULATESYSROOTDEPS}", "gperf-native", "libxcb"]
[2m2025-12-06T06:29:22.086877Z[0m [32m INFO[0m [2mconvenient_bitbake::pipeline[0m[2m:[0m   Recipe 'xcb-util' DEPENDS: ["${PATCHDEPENDENCY}", "${POPULATESYSROOTDEPS}", "gperf-native", "libxcb"]
[2m2025-12-06T06:29:22.086892Z[0m [32m INFO[0m [2mconvenient_bitbake::pipeline[0m[2m:[0m   Recipe 'xkeyboard-config' DEPENDS: ["${PATCHDEPENDENCY}", "${POPULATESYSROOTDEPS}", "libxslt-native", "util-macros"]
[2m2025-12-06T06:29:22.086908Z[0m [32m INFO[0m [2mconvenient_bitbake::pipeline[0m[2m:[0m   Recipe 'xtrans' DEPENDS: ["${PATCHDEPENDENCY}", "${POPULATESYSROOTDEPS}", "util-macros"]
[2m2025-12-06T06:29:22.086927Z[0m [32m INFO[0m [2mconvenient_bitbake::pipeline[0m[2m:[0m   Recipe 'xcb-proto' DEPENDS: ["${PATCHDEPENDENCY}", "${POPULATESYSROOTDEPS}"]
[2m2025-12-06T06:29:22.086936Z[0m [32m INFO[0m [2mconvenient_bitbake::pipeline[0m[2m:[0m   Recipe 'xorgproto' DEPENDS: ["${PATCHDEPENDENCY}", "${POPULATESYSROOTDEPS}"]
[2m2025-12-06T06:29:22.086958Z[0m [32m INFO[0m [2mconvenient_bitbake::pipeline[0m[2m:[0m   Recipe 'makedepend' DEPENDS: ["${PATCHDEPENDENCY}", "${POPULATESYSROOTDEPS}", "util-macros", "xorgproto"]
[2m2025-12-06T06:29:22.086981Z[0m [32m INFO[0m [2mconvenient_bitbake::pipeline[0m[2m:[0m   Recipe 'util-macros' DEPENDS: ["${PATCHDEPENDENCY}", "${POPULATESYSROOTDEPS}"]
[2m2025-12-06T06:29:22.086990Z[0m [32m INFO[0m [2mconvenient_bitbake::pipeline[0m[2m:[0m   Recipe 'xserver-xf86-config' DEPENDS: ["${PATCHDEPENDENCY}", "${POPULATESYSROOTDEPS}"]
[2m2025-12-06T06:29:22.087003Z[0m [32m INFO[0m [2mconvenient_bitbake::pipeline[0m[2m:[0m   Recipe 'xserver-xorg' DEPENDS: ["${LIB_DEPS}", "${PATCHDEPENDENCY}", "${POPULATESYSROOTDEPS}", "font-util", "udev", "xorgproto"]
[2m2025-12-06T06:29:22.087015Z[0m [32m INFO[0m [2mconvenient_bitbake::pipeline[0m[2m:[0m   Recipe 'xrestop' DEPENDS: ["${PATCHDEPENDENCY}", "${POPULATESYSROOTDEPS}", "libxext", "libxres", "ncurses", "virtual/libx11"]
[2m2025-12-06T06:29:22.087036Z[0m [32m INFO[0m [2mconvenient_bitbake::pipeline[0m[2m:[0m   Recipe 'xwayland' DEPENDS: ["${PATCHDEPENDENCY}", "${POPULATESYSROOTDEPS}", "libdrm", "libepoxy", "libxcvt", "libxfont2", "libxkbfile", "pixman", "wayland", "wayland-native", "wayland-protocols", "xorgproto", "xtrans"]
[2m2025-12-06T06:29:22.087065Z[0m [32m INFO[0m [2mconvenient_bitbake::pipeline[0m[2m:[0m   Recipe 'blktrace' DEPENDS: ["${PATCHDEPENDENCY}", "${POPULATESYSROOTDEPS}", "libaio"]
[2m2025-12-06T06:29:22.087087Z[0m [32m INFO[0m [2mconvenient_bitbake::pipeline[0m[2m:[0m   Recipe 'cryptodev-linux' DEPENDS: ["${PATCHDEPENDENCY}", "${POPULATESYSROOTDEPS}"]
[2m2025-12-06T06:29:22.087131Z[0m [32m INFO[0m [2mconvenient_bitbake::pipeline[0m[2m:[0m   Recipe 'cryptodev-module' DEPENDS: ["${PATCHDEPENDENCY}", "${POPULATESYSROOTDEPS}", "cryptodev-linux", "make-mod-scripts"]
[2m2025-12-06T06:29:22.087149Z[0m [32m INFO[0m [2mconvenient_bitbake::pipeline[0m[2m:[0m   Recipe 'cryptodev-tests' DEPENDS: ["${PATCHDEPENDENCY}", "${POPULATESYSROOTDEPS}", "openssl"]
[2m2025-12-06T06:29:22.087166Z[0m [32m INFO[0m [2mconvenient_bitbake::pipeline[0m[2m:[0m   Recipe 'dtc' DEPENDS: ["${PATCHDEPENDENCY}", "${POPULATESYSROOTDEPS}", "bison-native", "flex-native"]
[2m2025-12-06T06:29:22.087184Z[0m [32m INFO[0m [2mconvenient_bitbake::pipeline[0m[2m:[0m   Recipe 'python3-dtschema-wrapper' DEPENDS: ["${PATCHDEPENDENCY}", "${POPULATESYSROOTDEPS}"]
[2m2025-12-06T06:29:22.087195Z[0m [32m INFO[0m [2mconvenient_bitbake::pipeline[0m[2m:[0m   Recipe 'kern-tools-native' DEPENDS: ["${PATCHDEPENDENCY}", "${POPULATESYSROOTDEPS}", "git-native"]
[2m2025-12-06T06:29:22.087210Z[0m [32m INFO[0m [2mconvenient_bitbake::pipeline[0m[2m:[0m   Recipe 'kexec-tools' DEPENDS: ["${PATCHDEPENDENCY}", "${POPULATESYSROOTDEPS}", "xz", "zlib"]
[2m2025-12-06T06:29:22.087221Z[0m [32m INFO[0m [2mconvenient_bitbake::pipeline[0m[2m:[0m   Recipe 'depmodwrapper-cross' DEPENDS: ["${PATCHDEPENDENCY}", "${POPULATESYSROOTDEPS}", "kmod-native"]
[2m2025-12-06T06:29:22.087231Z[0m [32m INFO[0m [2mconvenient_bitbake::pipeline[0m[2m:[0m   Recipe 'kmod' DEPENDS: ["${PATCHDEPENDENCY}", "${POPULATESYSROOTDEPS}", "xz", "zlib"]
[2m2025-12-06T06:29:22.087253Z[0m [32m INFO[0m [2mconvenient_bitbake::pipeline[0m[2m:[0m   Recipe 'kernel-devsrc' DEPENDS: ["${PATCHDEPENDENCY}", "${POPULATESYSROOTDEPS}", "make-mod-scripts", "virtual/kernel"]
[2m2025-12-06T06:29:22.087266Z[0m [32m INFO[0m [2mconvenient_bitbake::pipeline[0m[2m:[0m   Recipe 'linux-dummy' DEPENDS: ["${PATCHDEPENDENCY}", "${POPULATESYSROOTDEPS}"]
[2m2025-12-06T06:29:22.087276Z[0m [32m INFO[0m [2mconvenient_bitbake::pipeline[0m[2m:[0m   Recipe 'linux-yocto-dev' DEPENDS: ["${@bb.utils.contains", "${PATCHDEPENDENCY}", "${POPULATESYSROOTDEPS}", "'',", "'dt-validation',", "'elfutils-native',", "'python3-dtschema-wrapper-native',", "'x86',", "d)}", "depmodwrapper-cross", "gmp-native", "gzip-native", "libmpc-native", "libyaml-native", "make-mod-scripts", "ncurses-native", "openssl-native", "util-linux-native"]
[2m2025-12-06T06:29:22.087300Z[0m [32m INFO[0m [2mconvenient_bitbake::pipeline[0m[2m:[0m   Recipe 'linux-yocto-rt' DEPENDS: ["${@bb.utils.contains", "${PATCHDEPENDENCY}", "${POPULATESYSROOTDEPS}", "'',", "'elfutils-native',", "'x86',", "d)}", "openssl-native", "util-linux-native"]
[2m2025-12-06T06:29:22.087319Z[0m [32m INFO[0m [2mconvenient_bitbake::pipeline[0m[2m:[0m   Recipe 'linux-yocto-rt' DEPENDS: ["${@bb.utils.contains", "${PATCHDEPENDENCY}", "${POPULATESYSROOTDEPS}", "'',", "'elfutils-native',", "'x86',", "d)}", "openssl-native", "util-linux-native"]
[2m2025-12-06T06:29:22.087338Z[0m [32m INFO[0m [2mconvenient_bitbake::pipeline[0m[2m:[0m   Recipe 'linux-yocto-tiny' DEPENDS: ["${@bb.utils.contains", "${PATCHDEPENDENCY}", "${POPULATESYSROOTDEPS}", "'',", "'elfutils-native',", "'x86',", "d)}", "openssl-native", "util-linux-native"]
[2m2025-12-06T06:29:22.087356Z[0m [32m INFO[0m [2mconvenient_bitbake::pipeline[0m[2m:[0m   Recipe 'linux-yocto-tiny' DEPENDS: ["${@bb.utils.contains", "${PATCHDEPENDENCY}", "${POPULATESYSROOTDEPS}", "'',", "'elfutils-native',", "'x86',", "d)}", "openssl-native", "util-linux-native"]
[2m2025-12-06T06:29:22.087369Z[0m [32m INFO[0m [2mconvenient_bitbake::pipeline[0m[2m:[0m   Recipe 'linux-yocto' DEPENDS: ["${@bb.utils.contains", "${PATCHDEPENDENCY}", "${POPULATESYSROOTDEPS}", "'',", "'elfutils-native',", "'x86',", "d)}", "gmp-native", "libmpc-native", "openssl-native", "util-linux-native"]
[2m2025-12-06T06:29:22.087387Z[0m [32m INFO[0m [2mconvenient_bitbake::pipeline[0m[2m:[0m   Recipe 'linux-yocto' DEPENDS: ["${@bb.utils.contains", "${PATCHDEPENDENCY}", "${POPULATESYSROOTDEPS}", "'',", "'elfutils-native',", "'x86',", "d)}", "gmp-native", "libmpc-native", "openssl-native", "util-linux-native"]
[2m2025-12-06T06:29:22.087401Z[0m [32m INFO[0m [2mconvenient_bitbake::pipeline[0m[2m:[0m   Recipe 'linux-firmware' DEPENDS: ["${PATCHDEPENDENCY}", "${POPULATESYSROOTDEPS}"]
[2m2025-12-06T06:29:22.087409Z[0m [32m INFO[0m [2mconvenient_bitbake::pipeline[0m[2m:[0m   Recipe 'linux-libc-headers' DEPENDS: ["${PATCHDEPENDENCY}", "${POPULATESYSROOTDEPS}", "bison-native", "rsync-native", "unifdef-native"]
[2m2025-12-06T06:29:22.087427Z[0m [32m INFO[0m [2mconvenient_bitbake::pipeline[0m[2m:[0m   Recipe 'babeltrace2' DEPENDS: ["${PATCHDEPENDENCY}", "${POPULATESYSROOTDEPS}", "asciidoc-native", "bison-native", "flex-native", "glib-2.0", "popt", "util-linux", "xmlto-native"]
[2m2025-12-06T06:29:22.087445Z[0m [32m INFO[0m [2mconvenient_bitbake::pipeline[0m[2m:[0m   Recipe 'babeltrace' DEPENDS: ["${PATCHDEPENDENCY}", "${POPULATESYSROOTDEPS}", "bison-native", "flex-native", "glib-2.0", "popt", "util-linux"]
[2m2025-12-06T06:29:22.087463Z[0m [32m INFO[0m [2mconvenient_bitbake::pipeline[0m[2m:[0m   Recipe 'lttng-modules' DEPENDS: ["${PATCHDEPENDENCY}", "${POPULATESYSROOTDEPS}", "make-mod-scripts"]
[2m2025-12-06T06:29:22.087479Z[0m [32m INFO[0m [2mconvenient_bitbake::pipeline[0m[2m:[0m   Recipe 'lttng-tools' DEPENDS: ["${PATCHDEPENDENCY}", "${POPULATESYSROOTDEPS}", "${USERADDSETSCENEDEPS}", "bison-native", "kmod", "liburcu", "libxml2", "popt", "util-linux"]
[2m2025-12-06T06:29:22.087495Z[0m [32m INFO[0m [2mconvenient_bitbake::pipeline[0m[2m:[0m   Recipe 'lttng-ust' DEPENDS: ["${PATCHDEPENDENCY}", "${POPULATESYSROOTDEPS}", "liburcu", "util-linux"]
[2m2025-12-06T06:29:22.087519Z[0m [32m INFO[0m [2mconvenient_bitbake::pipeline[0m[2m:[0m   Recipe 'make-mod-scripts' DEPENDS: ["${PATCHDEPENDENCY}", "${POPULATESYSROOTDEPS}", "bc-native", "bison-native", "gmp-native", "openssl-native", "virtual/kernel"]
[2m2025-12-06T06:29:22.087538Z[0m [32m INFO[0m [2mconvenient_bitbake::pipeline[0m[2m:[0m   Recipe 'modutils-initscripts' DEPENDS: ["${PATCHDEPENDENCY}", "${POPULATESYSROOTDEPS}"]
[2m2025-12-06T06:29:22.087551Z[0m [32m INFO[0m [2mconvenient_bitbake::pipeline[0m[2m:[0m   Recipe 'perf' DEPENDS: ["${POPULATESYSROOTDEPS}", "binutils", "bison-native", "elfutils", "flex-native", "libnewt", "libunwind", "perl", "python3", "python3-setuptools-native", "slang", "virtual/kernel", "virtual/libc", "xz"]
[2m2025-12-06T06:29:22.087576Z[0m [32m INFO[0m [2mconvenient_bitbake::pipeline[0m[2m:[0m   Recipe 'powertop' DEPENDS: ["${PATCHDEPENDENCY}", "${POPULATESYSROOTDEPS}", "autoconf-archive", "libnl", "ncurses", "pciutils"]
[2m2025-12-06T06:29:22.087596Z[0m [32m INFO[0m [2mconvenient_bitbake::pipeline[0m[2m:[0m   Recipe 'systemtap-native' DEPENDS: ["${PATCHDEPENDENCY}", "${POPULATESYSROOTDEPS}", "boost", "elfutils", "json-c", "ncurses", "python3-setuptools-native", "sqlite3"]
[2m2025-12-06T06:29:22.087615Z[0m [32m INFO[0m [2mconvenient_bitbake::pipeline[0m[2m:[0m   Recipe 'systemtap-uprobes' DEPENDS: ["${PATCHDEPENDENCY}", "${POPULATESYSROOTDEPS}", "make-mod-scripts", "systemtap", "virtual/kernel"]
[2m2025-12-06T06:29:22.087626Z[0m [32m INFO[0m [2mconvenient_bitbake::pipeline[0m[2m:[0m   Recipe 'systemtap' DEPENDS: ["${PATCHDEPENDENCY}", "${POPULATESYSROOTDEPS}", "boost", "elfutils", "json-c", "ncurses", "python3-setuptools-native", "sqlite3"]
[2m2025-12-06T06:29:22.087639Z[0m [32m INFO[0m [2mconvenient_bitbake::pipeline[0m[2m:[0m   Recipe 'wireless-regdb' DEPENDS: ["${PATCHDEPENDENCY}", "${POPULATESYSROOTDEPS}"]
[2m2025-12-06T06:29:22.087654Z[0m [32m INFO[0m [2mconvenient_bitbake::pipeline[0m[2m:[0m   Recipe 'alsa-lib' DEPENDS: ["${PATCHDEPENDENCY}", "${POPULATESYSROOTDEPS}"]
[2m2025-12-06T06:29:22.087666Z[0m [32m INFO[0m [2mconvenient_bitbake::pipeline[0m[2m:[0m   Recipe 'alsa-plugins' DEPENDS: ["${PATCHDEPENDENCY}", "${POPULATESYSROOTDEPS}", "alsa-lib", "libsamplerate0", "speexdsp"]
[2m2025-12-06T06:29:22.087681Z[0m [32m INFO[0m [2mconvenient_bitbake::pipeline[0m[2m:[0m   Recipe 'alsa-tools' DEPENDS: ["${PATCHDEPENDENCY}", "${POPULATESYSROOTDEPS}", "alsa-lib", "glib-2.0"]
[2m2025-12-06T06:29:22.087694Z[0m [32m INFO[0m [2mconvenient_bitbake::pipeline[0m[2m:[0m   Recipe 'alsa-topology-conf' DEPENDS: ["${PATCHDEPENDENCY}", "${POPULATESYSROOTDEPS}"]
[2m2025-12-06T06:29:22.087708Z[0m [32m INFO[0m [2mconvenient_bitbake::pipeline[0m[2m:[0m   Recipe 'alsa-ucm-conf' DEPENDS: ["${PATCHDEPENDENCY}", "${POPULATESYSROOTDEPS}"]
[2m2025-12-06T06:29:22.087722Z[0m [32m INFO[0m [2mconvenient_bitbake::pipeline[0m[2m:[0m   Recipe 'alsa-utils-scripts' DEPENDS: ["${PATCHDEPENDENCY}", "${POPULATESYSROOTDEPS}", "alsa-lib", "libsamplerate0", "ncurses", "udev"]
[2m2025-12-06T06:29:22.087740Z[0m [32m INFO[0m [2mconvenient_bitbake::pipeline[0m[2m:[0m   Recipe 'alsa-utils' DEPENDS: ["${PATCHDEPENDENCY}", "${POPULATESYSROOTDEPS}", "alsa-lib", "libsamplerate0", "ncurses", "udev"]
[2m2025-12-06T06:29:22.087754Z[0m [32m INFO[0m [2mconvenient_bitbake::pipeline[0m[2m:[0m   Recipe 'ffmpeg' DEPENDS: ["${PATCHDEPENDENCY}", "${POPULATESYSROOTDEPS}", "alsa-lib", "bzip2", "libogg", "libtheora", "nasm-native", "xz", "zlib"]
[2m2025-12-06T06:29:22.087771Z[0m [32m INFO[0m [2mconvenient_bitbake::pipeline[0m[2m:[0m   Recipe 'flac' DEPENDS: ["${PATCHDEPENDENCY}", "${POPULATESYSROOTDEPS}", "libogg"]
[2m2025-12-06T06:29:22.087787Z[0m [32m INFO[0m [2mconvenient_bitbake::pipeline[0m[2m:[0m   Recipe 'gst-devtools' DEPENDS: ["${PATCHDEPENDENCY}", "${POPULATESYSROOTDEPS}", "glib-2.0", "glib-2.0-native", "gstreamer1.0", "gstreamer1.0-plugins-base", "json-glib"]
[2m2025-12-06T06:29:22.087798Z[0m [32m INFO[0m [2mconvenient_bitbake::pipeline[0m[2m:[0m   Recipe 'gst-examples' DEPENDS: ["${PATCHDEPENDENCY}", "${POPULATESYSROOTDEPS}", "glib-2.0", "glib-2.0-native", "gstreamer1.0", "gstreamer1.0-plugins-bad", "gstreamer1.0-plugins-base", "gtk+3", "json-glib", "libsoup-2.4"]
[2m2025-12-06T06:29:22.087810Z[0m [32m INFO[0m [2mconvenient_bitbake::pipeline[0m[2m:[0m   Recipe 'gstreamer1.0-libav' DEPENDS: ["${PATCHDEPENDENCY}", "${POPULATESYSROOTDEPS}", "ffmpeg", "gstreamer1.0", "gstreamer1.0-plugins-base"]
[2m2025-12-06T06:29:22.087820Z[0m [32m INFO[0m [2mconvenient_bitbake::pipeline[0m[2m:[0m   Recipe 'gstreamer1.0-meta-base' DEPENDS: ["${DEPENDS_BAD}", "${DEPENDS_UGLY}", "${PATCHDEPENDENCY}", "${POPULATESYSROOTDEPS}", "gstreamer1.0", "gstreamer1.0-plugins-base", "gstreamer1.0-plugins-good"]
[2m2025-12-06T06:29:22.087839Z[0m [32m INFO[0m [2mconvenient_bitbake::pipeline[0m[2m:[0m   Recipe 'gstreamer1.0-omx' DEPENDS: ["${PATCHDEPENDENCY}", "${POPULATESYSROOTDEPS}", "gstreamer1.0", "gstreamer1.0-plugins-bad", "gstreamer1.0-plugins-base", "virtual/libomxil"]
[2m2025-12-06T06:29:22.087852Z[0m [32m INFO[0m [2mconvenient_bitbake::pipeline[0m[2m:[0m   Recipe 'gstreamer1.0-plugins-bad' DEPENDS: ["${PATCHDEPENDENCY}", "${POPULATESYSROOTDEPS}", "bzip2", "cairo", "curl", "glib-2.0-native", "gstreamer1.0", "gstreamer1.0-plugins-base", "libgudev", "libsndfile1", "libusb1", "libwebp", "libxml2", "openssl", "pango", "sbc", "shaderc-native", "vulkan-loader"]
[2m2025-12-06T06:29:22.087871Z[0m [32m INFO[0m [2mconvenient_bitbake::pipeline[0m[2m:[0m   Recipe 'gstreamer1.0-plugins-base' DEPENDS: ["${PATCHDEPENDENCY}", "${POPULATESYSROOTDEPS}", "glib-2.0-native", "gstreamer1.0", "iso-codes", "jpeg", "libogg", "libpng", "libtheora", "libvorbis", "pango", "util-linux", "zlib"]
[2m2025-12-06T06:29:22.087890Z[0m [32m INFO[0m [2mconvenient_bitbake::pipeline[0m[2m:[0m   Recipe 'gstreamer1.0-plugins-good' DEPENDS: ["${PATCHDEPENDENCY}", "${POPULATESYSROOTDEPS}", "bzip2", "cairo", "flac", "gdk-pixbuf", "glib-2.0-native", "gstreamer1.0", "gstreamer1.0-plugins-base", "jpeg", "lame", "libcap", "libgudev", "libpng", "mpg123", "speex", "taglib", "zlib"]
[2m2025-12-06T06:29:22.087915Z[0m [32m INFO[0m [2mconvenient_bitbake::pipeline[0m[2m:[0m   Recipe 'gstreamer1.0-plugins-ugly' DEPENDS: ["${PATCHDEPENDENCY}", "${POPULATESYSROOTDEPS}", "glib-2.0-native", "gstreamer1.0", "gstreamer1.0-plugins-base", "liba52", "mpeg2dec"]
[2m2025-12-06T06:29:22.087930Z[0m [32m INFO[0m [2mconvenient_bitbake::pipeline[0m[2m:[0m   Recipe 'gstreamer1.0-python' DEPENDS: ["${PATCHDEPENDENCY}", "${POPULATESYSROOTDEPS}", "gstreamer1.0", "gstreamer1.0-plugins-base", "python3-pygobject"]
[2m2025-12-06T06:29:22.087945Z[0m [32m INFO[0m [2mconvenient_bitbake::pipeline[0m[2m:[0m   Recipe 'gstreamer1.0-rtsp-server' DEPENDS: ["${PATCHDEPENDENCY}", "${POPULATESYSROOTDEPS}", "gstreamer1.0", "gstreamer1.0-plugins-base"]
[2m2025-12-06T06:29:22.087958Z[0m [32m INFO[0m [2mconvenient_bitbake::pipeline[0m[2m:[0m   Recipe 'gstreamer1.0-vaapi' DEPENDS: ["${PATCHDEPENDENCY}", "${POPULATESYSROOTDEPS}", "gstreamer1.0", "gstreamer1.0-plugins-bad", "gstreamer1.0-plugins-base", "libdrm", "libva", "udev"]
[2m2025-12-06T06:29:22.087979Z[0m [32m INFO[0m [2mconvenient_bitbake::pipeline[0m[2m:[0m   Recipe 'gstreamer1.0' DEPENDS: ["${PATCHDEPENDENCY}", "${POPULATESYSROOTDEPS}", "bison-native", "flex-native", "glib-2.0", "glib-2.0-native", "libxml2"]
[2m2025-12-06T06:29:22.087993Z[0m [32m INFO[0m [2mconvenient_bitbake::pipeline[0m[2m:[0m   Recipe 'lame' DEPENDS: ["${PATCHDEPENDENCY}", "${POPULATESYSROOTDEPS}", "gettext-native", "ncurses"]
[2m2025-12-06T06:29:22.088006Z[0m [32m INFO[0m [2mconvenient_bitbake::pipeline[0m[2m:[0m   Recipe 'liba52' DEPENDS: ["${PATCHDEPENDENCY}", "${POPULATESYSROOTDEPS}"]
[2m2025-12-06T06:29:22.088014Z[0m [32m INFO[0m [2mconvenient_bitbake::pipeline[0m[2m:[0m   Recipe 'libogg' DEPENDS: ["${PATCHDEPENDENCY}", "${POPULATESYSROOTDEPS}"]
[2m2025-12-06T06:29:22.088098Z[0m [32m INFO[0m [2mconvenient_bitbake::pipeline[0m[2m:[0m   Recipe 'libomxil' DEPENDS: ["${PATCHDEPENDENCY}", "${POPULATESYSROOTDEPS}"]
[2m2025-12-06T06:29:22.088139Z[0m [32m INFO[0m [2mconvenient_bitbake::pipeline[0m[2m:[0m   Recipe 'libpng' DEPENDS: ["${PATCHDEPENDENCY}", "${POPULATESYSROOTDEPS}", "zlib"]
[2m2025-12-06T06:29:22.088150Z[0m [32m INFO[0m [2mconvenient_bitbake::pipeline[0m[2m:[0m   Recipe 'libsamplerate0' DEPENDS: ["${PATCHDEPENDENCY}", "${POPULATESYSROOTDEPS}", "libsndfile1"]
[2m2025-12-06T06:29:22.088159Z[0m [32m INFO[0m [2mconvenient_bitbake::pipeline[0m[2m:[0m   Recipe 'libsndfile1' DEPENDS: ["${PATCHDEPENDENCY}", "${POPULATESYSROOTDEPS}", "flac", "libogg", "libvorbis"]
[2m2025-12-06T06:29:22.088188Z[0m [32m INFO[0m [2mconvenient_bitbake::pipeline[0m[2m:[0m   Recipe 'libtheora' DEPENDS: ["${PATCHDEPENDENCY}", "${POPULATESYSROOTDEPS}", "libogg"]
[2m2025-12-06T06:29:22.088205Z[0m [32m INFO[0m [2mconvenient_bitbake::pipeline[0m[2m:[0m   Recipe 'tiff' DEPENDS: ["${PATCHDEPENDENCY}", "${POPULATESYSROOTDEPS}", "jpeg", "xz", "zlib"]
[2m2025-12-06T06:29:22.088214Z[0m [32m INFO[0m [2mconvenient_bitbake::pipeline[0m[2m:[0m   Recipe 'libvorbis' DEPENDS: ["${PATCHDEPENDENCY}", "${POPULATESYSROOTDEPS}", "libogg"]
[2m2025-12-06T06:29:22.088237Z[0m [32m INFO[0m [2mconvenient_bitbake::pipeline[0m[2m:[0m   Recipe 'mpeg2dec' DEPENDS: ["${PATCHDEPENDENCY}", "${POPULATESYSROOTDEPS}"]
[2m2025-12-06T06:29:22.088262Z[0m [32m INFO[0m [2mconvenient_bitbake::pipeline[0m[2m:[0m   Recipe 'mpg123' DEPENDS: ["${PATCHDEPENDENCY}", "${POPULATESYSROOTDEPS}"]
[2m2025-12-06T06:29:22.088286Z[0m [32m INFO[0m [2mconvenient_bitbake::pipeline[0m[2m:[0m   Recipe 'pulseaudio' DEPENDS: ["${PATCHDEPENDENCY}", "${POPULATESYSROOTDEPS}", "${USERADDSETSCENEDEPS}", "alsa-lib", "dbus", "glib-2.0", "glib-2.0-native", "libatomic-ops", "libcap", "libsndfile1", "libtool", "libxml-parser-perl-native", "m4-native", "speexdsp", "systemd", "udev"]
[2m2025-12-06T06:29:22.088300Z[0m [32m INFO[0m [2mconvenient_bitbake::pipeline[0m[2m:[0m   Recipe 'sbc' DEPENDS: ["${PATCHDEPENDENCY}", "${POPULATESYSROOTDEPS}", "libsndfile1"]
[2m2025-12-06T06:29:22.088309Z[0m [32m INFO[0m [2mconvenient_bitbake::pipeline[0m[2m:[0m   Recipe 'speex' DEPENDS: ["${PATCHDEPENDENCY}", "${POPULATESYSROOTDEPS}", "libogg", "speexdsp"]
[2m2025-12-06T06:29:22.088318Z[0m [32m INFO[0m [2mconvenient_bitbake::pipeline[0m[2m:[0m   Recipe 'speexdsp' DEPENDS: ["${PATCHDEPENDENCY}", "${POPULATESYSROOTDEPS}"]
[2m2025-12-06T06:29:22.088334Z[0m [32m INFO[0m [2mconvenient_bitbake::pipeline[0m[2m:[0m   Recipe 'libwebp' DEPENDS: ["${PATCHDEPENDENCY}", "${POPULATESYSROOTDEPS}"]
[2m2025-12-06T06:29:22.088348Z[0m [32m INFO[0m [2mconvenient_bitbake::pipeline[0m[2m:[0m   Recipe 'x264' DEPENDS: ["${PATCHDEPENDENCY}", "${POPULATESYSROOTDEPS}", "nasm-native"]
[2m2025-12-06T06:29:22.088359Z[0m [32m INFO[0m [2mconvenient_bitbake::pipeline[0m[2m:[0m   Recipe 'core-image-rt-sdk' DEPENDS: ["${PATCHDEPENDENCY}", "${POPULATESYSROOTDEPS}", "linux-yocto-rt"]
[2m2025-12-06T06:29:22.088377Z[0m [32m INFO[0m [2mconvenient_bitbake::pipeline[0m[2m:[0m   Recipe 'core-image-rt' DEPENDS: ["${PATCHDEPENDENCY}", "${POPULATESYSROOTDEPS}", "linux-yocto-rt"]
[2m2025-12-06T06:29:22.088405Z[0m [32m INFO[0m [2mconvenient_bitbake::pipeline[0m[2m:[0m   Recipe 'hwlatdetect' DEPENDS: ["${PATCHDEPENDENCY}", "${POPULATESYSROOTDEPS}"]
[2m2025-12-06T06:29:22.088422Z[0m [32m INFO[0m [2mconvenient_bitbake::pipeline[0m[2m:[0m   Recipe 'rt-tests' DEPENDS: ["${PATCHDEPENDENCY}", "${POPULATESYSROOTDEPS}", "linux-libc-headers", "numactl", "virtual/libc"]
[2m2025-12-06T06:29:22.088445Z[0m [32m INFO[0m [2mconvenient_bitbake::pipeline[0m[2m:[0m   Recipe 'core-image-sato-dev' DEPENDS: ["\"do_packagedata", "${KERNEL_DEPLOY_DEPEND}", "${PATCHDEPENDENCY}", "${POPULATESYSROOTDEPS}", "+=", "do_rootfs[recrdeptask]"]
[2m2025-12-06T06:29:22.088472Z[0m [32m INFO[0m [2mconvenient_bitbake::pipeline[0m[2m:[0m   Recipe 'core-image-sato-sdk' DEPENDS: ["\"do_packagedata", "${KERNEL_DEPLOY_DEPEND}", "${PATCHDEPENDENCY}", "${POPULATESYSROOTDEPS}", "+=", "do_rootfs[recrdeptask]"]
[2m2025-12-06T06:29:22.088491Z[0m [32m INFO[0m [2mconvenient_bitbake::pipeline[0m[2m:[0m   Recipe 'core-image-sato' DEPENDS: ["\"do_packagedata", "${KERNEL_DEPLOY_DEPEND}", "${PATCHDEPENDENCY}", "${POPULATESYSROOTDEPS}", "+=", "do_rootfs[recrdeptask]"]
[2m2025-12-06T06:29:22.088512Z[0m [32m INFO[0m [2mconvenient_bitbake::pipeline[0m[2m:[0m   Recipe 'l3afpad' DEPENDS: ["${PATCHDEPENDENCY}", "${POPULATESYSROOTDEPS}", "gettext-native", "gtk+3", "intltool-native"]
[2m2025-12-06T06:29:22.088538Z[0m [32m INFO[0m [2mconvenient_bitbake::pipeline[0m[2m:[0m   Recipe 'libptytty' DEPENDS: ["${PATCHDEPENDENCY}", "${POPULATESYSROOTDEPS}"]
[2m2025-12-06T06:29:22.088547Z[0m [32m INFO[0m [2mconvenient_bitbake::pipeline[0m[2m:[0m   Recipe 'matchbox-config-gtk' DEPENDS: ["${PATCHDEPENDENCY}", "${POPULATESYSROOTDEPS}", "gconf", "gtk+3"]
[2m2025-12-06T06:29:22.088565Z[0m [32m INFO[0m [2mconvenient_bitbake::pipeline[0m[2m:[0m   Recipe 'matchbox-desktop' DEPENDS: ["${PATCHDEPENDENCY}", "${POPULATESYSROOTDEPS}", "dbus", "gtk+3", "startup-notification"]
[2m2025-12-06T06:29:22.088579Z[0m [32m INFO[0m [2mconvenient_bitbake::pipeline[0m[2m:[0m   Recipe 'matchbox-keyboard' DEPENDS: ["${PATCHDEPENDENCY}", "${POPULATESYSROOTDEPS}", "expat", "gtk+3", "libfakekey", "libxft", "matchbox-panel-2"]
[2m2025-12-06T06:29:22.088595Z[0m [32m INFO[0m [2mconvenient_bitbake::pipeline[0m[2m:[0m   Recipe 'matchbox-panel-2' DEPENDS: ["\"\",d)}", "\"acpi\",", "\"apm\",", "\"apmd\",", "\"libacpi\",", "${@bb.utils.contains", "${PATCHDEPENDENCY}", "${POPULATESYSROOTDEPS}", "dbus", "dbus-glib", "dbus-glib-native", "gtk+3", "startup-notification"]
[2m2025-12-06T06:29:22.088619Z[0m [32m INFO[0m [2mconvenient_bitbake::pipeline[0m[2m:[0m   Recipe 'matchbox-session-sato' DEPENDS: ["${PATCHDEPENDENCY}", "${POPULATESYSROOTDEPS}"]
[2m2025-12-06T06:29:22.088636Z[0m [32m INFO[0m [2mconvenient_bitbake::pipeline[0m[2m:[0m   Recipe 'matchbox-terminal' DEPENDS: ["${PATCHDEPENDENCY}", "${POPULATESYSROOTDEPS}", "gtk+3", "vte"]
[2m2025-12-06T06:29:22.088650Z[0m [32m INFO[0m [2mconvenient_bitbake::pipeline[0m[2m:[0m   Recipe 'matchbox-theme-sato' DEPENDS: ["${PATCHDEPENDENCY}", "${POPULATESYSROOTDEPS}", "matchbox-wm"]
[2m2025-12-06T06:29:22.088664Z[0m [32m INFO[0m [2mconvenient_bitbake::pipeline[0m[2m:[0m   Recipe 'packagegroup-core-x11-sato' DEPENDS: ["${PATCHDEPENDENCY}", "${POPULATESYSROOTDEPS}"]
[2m2025-12-06T06:29:22.088683Z[0m [32m INFO[0m [2mconvenient_bitbake::pipeline[0m[2m:[0m   Recipe 'pcmanfm' DEPENDS: ["${PATCHDEPENDENCY}", "${POPULATESYSROOTDEPS}", "gettext-native", "glib-2.0-native", "gtk+3", "intltool-native", "libfm", "startup-notification"]
[2m2025-12-06T06:29:22.088700Z[0m [32m INFO[0m [2mconvenient_bitbake::pipeline[0m[2m:[0m   Recipe 'pulseaudio-client-conf-sato' DEPENDS: ["${PATCHDEPENDENCY}", "${POPULATESYSROOTDEPS}"]
[2m2025-12-06T06:29:22.088712Z[0m [32m INFO[0m [2mconvenient_bitbake::pipeline[0m[2m:[0m   Recipe 'puzzles' DEPENDS: ["${PATCHDEPENDENCY}", "${POPULATESYSROOTDEPS}", "gtk+3"]
[2m2025-12-06T06:29:22.088725Z[0m [32m INFO[0m [2mconvenient_bitbake::pipeline[0m[2m:[0m   Recipe 'rxvt-unicode' DEPENDS: ["${PATCHDEPENDENCY}", "${POPULATESYSROOTDEPS}", "gdk-pixbuf", "libptytty", "libxft", "libxmu", "libxt", "virtual/libx11"]
[2m2025-12-06T06:29:22.088750Z[0m [32m INFO[0m [2mconvenient_bitbake::pipeline[0m[2m:[0m   Recipe 'sato-screenshot' DEPENDS: ["${PATCHDEPENDENCY}", "${POPULATESYSROOTDEPS}", "gtk+3", "matchbox-panel-2"]
[2m2025-12-06T06:29:22.088761Z[0m [32m INFO[0m [2mconvenient_bitbake::pipeline[0m[2m:[0m   Recipe 'settings-daemon' DEPENDS: ["${PATCHDEPENDENCY}", "${POPULATESYSROOTDEPS}", "gconf", "glib-2.0", "gtk+3"]
[2m2025-12-06T06:29:22.088777Z[0m [32m INFO[0m [2mconvenient_bitbake::pipeline[0m[2m:[0m   Recipe 'shutdown-desktop' DEPENDS: ["${PATCHDEPENDENCY}", "${POPULATESYSROOTDEPS}"]
[2m2025-12-06T06:29:22.088788Z[0m [32m INFO[0m [2mconvenient_bitbake::pipeline[0m[2m:[0m   Recipe 'libwpe' DEPENDS: ["${PATCHDEPENDENCY}", "${POPULATESYSROOTDEPS}", "libxkbcommon", "virtual/egl"]
[2m2025-12-06T06:29:22.088800Z[0m [32m INFO[0m [2mconvenient_bitbake::pipeline[0m[2m:[0m   Recipe 'webkitgtk' DEPENDS: ["${PATCHDEPENDENCY}", "${POPULATESYSROOTDEPS}", "atk", "cairo", "enchant2", "gperf-native", "gstreamer1.0", "gstreamer1.0-plugins-base", "gtk+3", "harfbuzz", "jpeg", "libnotify", "libsecret", "libtasn1", "libwebp", "libwpe", "libxslt", "ruby-native", "wayland", "wayland-native", "wpebackend-fdo"]
[2m2025-12-06T06:29:22.088824Z[0m [32m INFO[0m [2mconvenient_bitbake::pipeline[0m[2m:[0m   Recipe 'wpebackend-fdo' DEPENDS: ["${PATCHDEPENDENCY}", "${POPULATESYSROOTDEPS}", "glib-2.0", "libepoxy", "libwpe", "libxkbcommon", "virtual/egl", "wayland", "wayland-native"]
[2m2025-12-06T06:29:22.088846Z[0m [32m INFO[0m [2mconvenient_bitbake::pipeline[0m[2m:[0m   Recipe 'apr-util' DEPENDS: ["${PATCHDEPENDENCY}", "${POPULATESYSROOTDEPS}", "apr", "expat", "gdbm", "openssl"]
[2m2025-12-06T06:29:22.088867Z[0m [32m INFO[0m [2mconvenient_bitbake::pipeline[0m[2m:[0m   Recipe 'apr' DEPENDS: ["${PATCHDEPENDENCY}", "${POPULATESYSROOTDEPS}", "util-linux"]
[2m2025-12-06T06:29:22.088881Z[0m [32m INFO[0m [2mconvenient_bitbake::pipeline[0m[2m:[0m   Recipe 'argp-standalone' DEPENDS: ["${PATCHDEPENDENCY}", "${POPULATESYSROOTDEPS}"]
[2m2025-12-06T06:29:22.088898Z[0m [32m INFO[0m [2mconvenient_bitbake::pipeline[0m[2m:[0m   Recipe 'aspell' DEPENDS: ["${PATCHDEPENDENCY}", "${POPULATESYSROOTDEPS}"]
[2m2025-12-06T06:29:22.088908Z[0m [32m INFO[0m [2mconvenient_bitbake::pipeline[0m[2m:[0m   Recipe 'at-spi2-atk' DEPENDS: ["${PATCHDEPENDENCY}", "${POPULATESYSROOTDEPS}", "at-spi2-core", "atk", "dbus", "glib-2.0", "glib-2.0-native", "libxml2"]
[2m2025-12-06T06:29:22.088921Z[0m [32m INFO[0m [2mconvenient_bitbake::pipeline[0m[2m:[0m   Recipe 'at-spi2-core' DEPENDS: ["${@bb.utils.contains", "${PATCHDEPENDENCY}", "${POPULATESYSROOTDEPS}", "'${X11DEPENDS}',", "'',", "'x11',", "d)}", "dbus", "glib-2.0"]
[2m2025-12-06T06:29:22.088937Z[0m [32m INFO[0m [2mconvenient_bitbake::pipeline[0m[2m:[0m   Recipe 'atk' DEPENDS: ["${PATCHDEPENDENCY}", "${POPULATESYSROOTDEPS}", "gettext-native", "glib-2.0"]
[2m2025-12-06T06:29:22.088947Z[0m [32m INFO[0m [2mconvenient_bitbake::pipeline[0m[2m:[0m   Recipe 'acl' DEPENDS: ["${PATCHDEPENDENCY}", "${POPULATESYSROOTDEPS}", "attr"]
[2m2025-12-06T06:29:22.088963Z[0m [32m INFO[0m [2mconvenient_bitbake::pipeline[0m[2m:[0m   Recipe 'attr' DEPENDS: ["${PATCHDEPENDENCY}", "${POPULATESYSROOTDEPS}", "virtual/libintl"]
[2m2025-12-06T06:29:22.088981Z[0m [32m INFO[0m [2mconvenient_bitbake::pipeline[0m[2m:[0m   Recipe 'bash-completion' DEPENDS: ["${PATCHDEPENDENCY}", "${POPULATESYSROOTDEPS}"]
[2m2025-12-06T06:29:22.089004Z[0m [32m INFO[0m [2mconvenient_bitbake::pipeline[0m[2m:[0m   Recipe 'bmap-tools' DEPENDS: ["${PATCHDEPENDENCY}", "${POPULATESYSROOTDEPS}"]
[2m2025-12-06T06:29:22.089017Z[0m [32m INFO[0m [2mconvenient_bitbake::pipeline[0m[2m:[0m   Recipe 'boost-build-native' DEPENDS: ["${PATCHDEPENDENCY}", "${POPULATESYSROOTDEPS}"]
[2m2025-12-06T06:29:22.089034Z[0m [32m INFO[0m [2mconvenient_bitbake::pipeline[0m[2m:[0m   Recipe 'boost' DEPENDS: ["${PATCHDEPENDENCY}", "${POPULATESYSROOTDEPS}", "boost-build-native", "bzip2", "icu", "python3", "zlib"]
[2m2025-12-06T06:29:22.089049Z[0m [32m INFO[0m [2mconvenient_bitbake::pipeline[0m[2m:[0m   Recipe 'ca-certificates' DEPENDS: ["${PATCHDEPENDENCY}", "${POPULATESYSROOTDEPS}", "openssl-native"]
[2m2025-12-06T06:29:22.089065Z[0m [32m INFO[0m [2mconvenient_bitbake::pipeline[0m[2m:[0m   Recipe 'consolekit' DEPENDS: ["${PATCHDEPENDENCY}", "${POPULATESYSROOTDEPS}", "dbus", "dbus-glib", "glib-2.0", "glib-2.0-native", "virtual/libx11"]
[2m2025-12-06T06:29:22.089076Z[0m [32m INFO[0m [2mconvenient_bitbake::pipeline[0m[2m:[0m   Recipe 'curl' DEPENDS: ["${PATCHDEPENDENCY}", "${POPULATESYSROOTDEPS}", "libidn2", "openssl", "zlib"]
[2m2025-12-06T06:29:22.089088Z[0m [32m INFO[0m [2mconvenient_bitbake::pipeline[0m[2m:[0m   Recipe 'db' DEPENDS: ["${PATCHDEPENDENCY}", "${POPULATESYSROOTDEPS}"]
[2m2025-12-06T06:29:22.089118Z[0m [32m INFO[0m [2mconvenient_bitbake::pipeline[0m[2m:[0m   Recipe 'debianutils' DEPENDS: ["${PATCHDEPENDENCY}", "${POPULATESYSROOTDEPS}"]
[2m2025-12-06T06:29:22.089148Z[0m [32m INFO[0m [2mconvenient_bitbake::pipeline[0m[2m:[0m   Recipe 'diffoscope' DEPENDS: ["${PATCHDEPENDENCY}", "${POPULATESYSROOTDEPS}"]
[2m2025-12-06T06:29:22.089160Z[0m [32m INFO[0m [2mconvenient_bitbake::pipeline[0m[2m:[0m   Recipe 'dos2unix' DEPENDS: ["${PATCHDEPENDENCY}", "${POPULATESYSROOTDEPS}"]
[2m2025-12-06T06:29:22.089180Z[0m [32m INFO[0m [2mconvenient_bitbake::pipeline[0m[2m:[0m   Recipe 'enchant2' DEPENDS: ["${PATCHDEPENDENCY}", "${POPULATESYSROOTDEPS}", "aspell", "glib-2.0"]
[2m2025-12-06T06:29:22.089190Z[0m [32m INFO[0m [2mconvenient_bitbake::pipeline[0m[2m:[0m   Recipe 'fribidi' DEPENDS: ["${PATCHDEPENDENCY}", "${POPULATESYSROOTDEPS}"]
[2m2025-12-06T06:29:22.089203Z[0m [32m INFO[0m [2mconvenient_bitbake::pipeline[0m[2m:[0m   Recipe 'gdbm' DEPENDS: ["${PATCHDEPENDENCY}", "${POPULATESYSROOTDEPS}"]
[2m2025-12-06T06:29:22.089211Z[0m [32m INFO[0m [2mconvenient_bitbake::pipeline[0m[2m:[0m   Recipe 'gmp' DEPENDS: ["${PATCHDEPENDENCY}", "${POPULATESYSROOTDEPS}"]
[2m2025-12-06T06:29:22.089221Z[0m [32m INFO[0m [2mconvenient_bitbake::pipeline[0m[2m:[0m   Recipe 'gnome-desktop-testing' DEPENDS: ["${PATCHDEPENDENCY}", "${POPULATESYSROOTDEPS}", "glib-2.0"]
[2m2025-12-06T06:29:22.089230Z[0m [32m INFO[0m [2mconvenient_bitbake::pipeline[0m[2m:[0m   Recipe 'gnupg' DEPENDS: ["${PATCHDEPENDENCY}", "${POPULATESYSROOTDEPS}", "bzip2", "gnutls", "libassuan", "libgcrypt", "libksba", "npth", "readline", "zlib"]
[2m2025-12-06T06:29:22.089249Z[0m [32m INFO[0m [2mconvenient_bitbake::pipeline[0m[2m:[0m   Recipe 'gnutls' DEPENDS: ["${PATCHDEPENDENCY}", "${POPULATESYSROOTDEPS}", "argp-standalone", "gmp", "libidn2", "libunistring", "nettle", "virtual/libiconv"]
[2m2025-12-06T06:29:22.089261Z[0m [32m INFO[0m [2mconvenient_bitbake::pipeline[0m[2m:[0m   Recipe 'libtasn1' DEPENDS: ["${PATCHDEPENDENCY}", "${POPULATESYSROOTDEPS}", "bison-native"]
[2m2025-12-06T06:29:22.089272Z[0m [32m INFO[0m [2mconvenient_bitbake::pipeline[0m[2m:[0m   Recipe 'gpgme' DEPENDS: ["${PATCHDEPENDENCY}", "${POPULATESYSROOTDEPS}", "libassuan", "libgpg-error", "python3", "swig-native"]
[2m2025-12-06T06:29:22.089281Z[0m [32m INFO[0m [2mconvenient_bitbake::pipeline[0m[2m:[0m   Recipe 'icu' DEPENDS: ["${PATCHDEPENDENCY}", "${POPULATESYSROOTDEPS}", "autoconf-archive", "icu-native"]
[2m2025-12-06T06:29:22.089296Z[0m [32m INFO[0m [2mconvenient_bitbake::pipeline[0m[2m:[0m   Recipe 'iso-codes' DEPENDS: ["${PATCHDEPENDENCY}", "${POPULATESYSROOTDEPS}", "gettext-native"]
[2m2025-12-06T06:29:22.089306Z[0m [32m INFO[0m [2mconvenient_bitbake::pipeline[0m[2m:[0m   Recipe 'itstool' DEPENDS: ["${PATCHDEPENDENCY}", "${POPULATESYSROOTDEPS}", "libxml2-native"]
[2m2025-12-06T06:29:22.089322Z[0m [32m INFO[0m [2mconvenient_bitbake::pipeline[0m[2m:[0m   Recipe 'libassuan' DEPENDS: ["${PATCHDEPENDENCY}", "${POPULATESYSROOTDEPS}", "libgpg-error"]
[2m2025-12-06T06:29:22.089331Z[0m [32m INFO[0m [2mconvenient_bitbake::pipeline[0m[2m:[0m   Recipe 'libatomic-ops' DEPENDS: ["${PATCHDEPENDENCY}", "${POPULATESYSROOTDEPS}"]
[2m2025-12-06T06:29:22.089340Z[0m [32m INFO[0m [2mconvenient_bitbake::pipeline[0m[2m:[0m   Recipe 'libbsd' DEPENDS: ["${PATCHDEPENDENCY}", "${POPULATESYSROOTDEPS}", "libmd"]
[2m2025-12-06T06:29:22.089356Z[0m [32m INFO[0m [2mconvenient_bitbake::pipeline[0m[2m:[0m   Recipe 'libcap' DEPENDS: ["${PATCHDEPENDENCY}", "${POPULATESYSROOTDEPS}", "gperf-native", "hostperl-runtime-native"]
[2m2025-12-06T06:29:22.089367Z[0m [32m INFO[0m [2mconvenient_bitbake::pipeline[0m[2m:[0m   Recipe 'libcap-ng-python' DEPENDS: ["${PATCHDEPENDENCY}", "${POPULATESYSROOTDEPS}", "libcap-ng", "python3", "swig-native"]
[2m2025-12-06T06:29:22.089385Z[0m [32m INFO[0m [2mconvenient_bitbake::pipeline[0m[2m:[0m   Recipe 'libcap-ng' DEPENDS: ["${PATCHDEPENDENCY}", "${POPULATESYSROOTDEPS}"]
[2m2025-12-06T06:29:22.089395Z[0m [32m INFO[0m [2mconvenient_bitbake::pipeline[0m[2m:[0m   Recipe 'libcheck' DEPENDS: ["${PATCHDEPENDENCY}", "${POPULATESYSROOTDEPS}"]
[2m2025-12-06T06:29:22.089422Z[0m [32m INFO[0m [2mconvenient_bitbake::pipeline[0m[2m:[0m   Recipe 'libcroco' DEPENDS: ["${PATCHDEPENDENCY}", "${POPULATESYSROOTDEPS}", "glib-2.0", "libxml2", "zlib"]
[2m2025-12-06T06:29:22.089447Z[0m [32m INFO[0m [2mconvenient_bitbake::pipeline[0m[2m:[0m   Recipe 'libdaemon' DEPENDS: ["${PATCHDEPENDENCY}", "${POPULATESYSROOTDEPS}"]
[2m2025-12-06T06:29:22.089457Z[0m [32m INFO[0m [2mconvenient_bitbake::pipeline[0m[2m:[0m   Recipe 'libevdev' DEPENDS: ["${PATCHDEPENDENCY}", "${POPULATESYSROOTDEPS}"]
[2m2025-12-06T06:29:22.089467Z[0m [32m INFO[0m [2mconvenient_bitbake::pipeline[0m[2m:[0m   Recipe 'libevent' DEPENDS: ["${PATCHDEPENDENCY}", "${POPULATESYSROOTDEPS}", "zlib"]
[2m2025-12-06T06:29:22.089480Z[0m [32m INFO[0m [2mconvenient_bitbake::pipeline[0m[2m:[0m   Recipe 'libexif' DEPENDS: ["${PATCHDEPENDENCY}", "${POPULATESYSROOTDEPS}"]
[2m2025-12-06T06:29:22.089488Z[0m [32m INFO[0m [2mconvenient_bitbake::pipeline[0m[2m:[0m   Recipe 'libffi' DEPENDS: ["${PATCHDEPENDENCY}", "${POPULATESYSROOTDEPS}"]
[2m2025-12-06T06:29:22.089501Z[0m [32m INFO[0m [2mconvenient_bitbake::pipeline[0m[2m:[0m   Recipe 'libfm-extra' DEPENDS: ["${PATCHDEPENDENCY}", "${POPULATESYSROOTDEPS}", "glib-2.0", "glib-2.0-native", "intltool-native"]
[2m2025-12-06T06:29:22.089511Z[0m [32m INFO[0m [2mconvenient_bitbake::pipeline[0m[2m:[0m   Recipe 'libfm' DEPENDS: ["${PATCHDEPENDENCY}", "${POPULATESYSROOTDEPS}", "glib-2.0", "glib-2.0-native", "gtk+3", "intltool-native", "libexif", "libfm-extra", "menu-cache", "pango"]
[2m2025-12-06T06:29:22.089530Z[0m [32m INFO[0m [2mconvenient_bitbake::pipeline[0m[2m:[0m   Recipe 'libgcrypt' DEPENDS: ["${PATCHDEPENDENCY}", "${POPULATESYSROOTDEPS}", "libcap", "libgpg-error"]
[2m2025-12-06T06:29:22.089550Z[0m [32m INFO[0m [2mconvenient_bitbake::pipeline[0m[2m:[0m   Recipe 'libgit2' DEPENDS: ["${PATCHDEPENDENCY}", "${POPULATESYSROOTDEPS}", "curl", "libgcrypt", "libpcre2", "libssh2", "openssl", "zlib"]
[2m2025-12-06T06:29:22.089565Z[0m [32m INFO[0m [2mconvenient_bitbake::pipeline[0m[2m:[0m   Recipe 'libgpg-error' DEPENDS: ["${PATCHDEPENDENCY}", "${POPULATESYSROOTDEPS}"]
[2m2025-12-06T06:29:22.089583Z[0m [32m INFO[0m [2mconvenient_bitbake::pipeline[0m[2m:[0m   Recipe 'libical' DEPENDS: ["${PATCHDEPENDENCY}", "${POPULATESYSROOTDEPS}", "glib-2.0", "glib-2.0-native", "icu", "libical-native", "libxml2", "libxml2-native"]
[2m2025-12-06T06:29:22.089602Z[0m [32m INFO[0m [2mconvenient_bitbake::pipeline[0m[2m:[0m   Recipe 'libjitterentropy' DEPENDS: ["${PATCHDEPENDENCY}", "${POPULATESYSROOTDEPS}"]
[2m2025-12-06T06:29:22.089612Z[0m [32m INFO[0m [2mconvenient_bitbake::pipeline[0m[2m:[0m   Recipe 'libksba' DEPENDS: ["${PATCHDEPENDENCY}", "${POPULATESYSROOTDEPS}", "libgpg-error"]
[2m2025-12-06T06:29:22.089630Z[0m [32m INFO[0m [2mconvenient_bitbake::pipeline[0m[2m:[0m   Recipe 'libmd' DEPENDS: ["${PATCHDEPENDENCY}", "${POPULATESYSROOTDEPS}"]
[2m2025-12-06T06:29:22.089639Z[0m [32m INFO[0m [2mconvenient_bitbake::pipeline[0m[2m:[0m   Recipe 'libmicrohttpd' DEPENDS: ["${PATCHDEPENDENCY}", "${POPULATESYSROOTDEPS}", "curl", "file", "gnutls", "libgcrypt"]
[2m2025-12-06T06:29:22.089651Z[0m [32m INFO[0m [2mconvenient_bitbake::pipeline[0m[2m:[0m   Recipe 'libmpc' DEPENDS: ["${PATCHDEPENDENCY}", "${POPULATESYSROOTDEPS}", "gmp", "mpfr"]
[2m2025-12-06T06:29:22.089665Z[0m [32m INFO[0m [2mconvenient_bitbake::pipeline[0m[2m:[0m   Recipe 'libnl' DEPENDS: ["${@bb.utils.contains", "${PATCHDEPENDENCY}", "${POPULATESYSROOTDEPS}", "'',", "'1',", "'libcheck',", "bison-native", "d)}", "flex-native"]
[2m2025-12-06T06:29:22.089676Z[0m [32m INFO[0m [2mconvenient_bitbake::pipeline[0m[2m:[0m   Recipe 'libpcre2' DEPENDS: ["${PATCHDEPENDENCY}", "${POPULATESYSROOTDEPS}", "bzip2", "zlib"]
[2m2025-12-06T06:29:22.089689Z[0m [32m INFO[0m [2mconvenient_bitbake::pipeline[0m[2m:[0m   Recipe 'libpcre' DEPENDS: ["${PATCHDEPENDENCY}", "${POPULATESYSROOTDEPS}", "bzip2", "zlib"]
[2m2025-12-06T06:29:22.089706Z[0m [32m INFO[0m [2mconvenient_bitbake::pipeline[0m[2m:[0m   Recipe 'libproxy' DEPENDS: ["${PATCHDEPENDENCY}", "${POPULATESYSROOTDEPS}", "glib-2.0"]
[2m2025-12-06T06:29:22.089729Z[0m [32m INFO[0m [2mconvenient_bitbake::pipeline[0m[2m:[0m   Recipe 'libpsl' DEPENDS: ["${PATCHDEPENDENCY}", "${POPULATESYSROOTDEPS}", "icu"]
[2m2025-12-06T06:29:22.089742Z[0m [32m INFO[0m [2mconvenient_bitbake::pipeline[0m[2m:[0m   Recipe 'libseccomp' DEPENDS: ["${PATCHDEPENDENCY}", "${POPULATESYSROOTDEPS}", "gperf-native"]
[2m2025-12-06T06:29:22.089755Z[0m [32m INFO[0m [2mconvenient_bitbake::pipeline[0m[2m:[0m   Recipe 'libsoup-2.4' DEPENDS: ["${PATCHDEPENDENCY}", "${POPULATESYSROOTDEPS}", "glib-2.0", "glib-2.0-native", "libpsl", "libxml2", "sqlite3"]
[2m2025-12-06T06:29:22.089776Z[0m [32m INFO[0m [2mconvenient_bitbake::pipeline[0m[2m:[0m   Recipe 'libsoup' DEPENDS: ["${PATCHDEPENDENCY}", "${POPULATESYSROOTDEPS}", "glib-2.0", "glib-2.0-native", "libpsl", "libxml2", "nghttp2", "sqlite3"]
[2m2025-12-06T06:29:22.089787Z[0m [32m INFO[0m [2mconvenient_bitbake::pipeline[0m[2m:[0m   Recipe 'libssh2' DEPENDS: ["${PATCHDEPENDENCY}", "${POPULATESYSROOTDEPS}", "openssl", "zlib"]
[2m2025-12-06T06:29:22.089798Z[0m [32m INFO[0m [2mconvenient_bitbake::pipeline[0m[2m:[0m   Recipe 'libunistring' DEPENDS: ["${PATCHDEPENDENCY}", "${POPULATESYSROOTDEPS}", "gperf-native"]
[2m2025-12-06T06:29:22.089809Z[0m [32m INFO[0m [2mconvenient_bitbake::pipeline[0m[2m:[0m   Recipe 'libunwind' DEPENDS: ["${PATCHDEPENDENCY}", "${POPULATESYSROOTDEPS}", "libatomic-ops", "libucontext"]
[2m2025-12-06T06:29:22.089822Z[0m [32m INFO[0m [2mconvenient_bitbake::pipeline[0m[2m:[0m   Recipe 'liburcu' DEPENDS: ["${PATCHDEPENDENCY}", "${POPULATESYSROOTDEPS}"]
[2m2025-12-06T06:29:22.089835Z[0m [32m INFO[0m [2mconvenient_bitbake::pipeline[0m[2m:[0m   Recipe 'libusb1' DEPENDS: ["${PATCHDEPENDENCY}", "${POPULATESYSROOTDEPS}"]
[2m2025-12-06T06:29:22.089846Z[0m [32m INFO[0m [2mconvenient_bitbake::pipeline[0m[2m:[0m   Recipe 'libxslt' DEPENDS: ["${PATCHDEPENDENCY}", "${POPULATESYSROOTDEPS}", "libxml2"]
[2m2025-12-06T06:29:22.089862Z[0m [32m INFO[0m [2mconvenient_bitbake::pipeline[0m[2m:[0m   Recipe 'libyaml' DEPENDS: ["${PATCHDEPENDENCY}", "${POPULATESYSROOTDEPS}"]
[2m2025-12-06T06:29:22.089879Z[0m [32m INFO[0m [2mconvenient_bitbake::pipeline[0m[2m:[0m   Recipe 'lz4' DEPENDS: ["${PATCHDEPENDENCY}", "${POPULATESYSROOTDEPS}"]
[2m2025-12-06T06:29:22.089889Z[0m [32m INFO[0m [2mconvenient_bitbake::pipeline[0m[2m:[0m   Recipe 'lzo' DEPENDS: ["${PATCHDEPENDENCY}", "${POPULATESYSROOTDEPS}"]
[2m2025-12-06T06:29:22.089905Z[0m [32m INFO[0m [2mconvenient_bitbake::pipeline[0m[2m:[0m   Recipe 'lzop' DEPENDS: ["${PATCHDEPENDENCY}", "${POPULATESYSROOTDEPS}", "lzo"]
[2m2025-12-06T06:29:22.089913Z[0m [32m INFO[0m [2mconvenient_bitbake::pipeline[0m[2m:[0m   Recipe 'mpfr' DEPENDS: ["${PATCHDEPENDENCY}", "${POPULATESYSROOTDEPS}", "autoconf-archive", "gmp"]
[2m2025-12-06T06:29:22.089926Z[0m [32m INFO[0m [2mconvenient_bitbake::pipeline[0m[2m:[0m   Recipe 'nettle' DEPENDS: ["${PATCHDEPENDENCY}", "${POPULATESYSROOTDEPS}", "gmp"]
[2m2025-12-06T06:29:22.089944Z[0m [32m INFO[0m [2mconvenient_bitbake::pipeline[0m[2m:[0m   Recipe 'nghttp2' DEPENDS: ["${PATCHDEPENDENCY}", "${POPULATESYSROOTDEPS}"]
[2m2025-12-06T06:29:22.089967Z[0m [32m INFO[0m [2mconvenient_bitbake::pipeline[0m[2m:[0m   Recipe 'npth' DEPENDS: ["${PATCHDEPENDENCY}", "${POPULATESYSROOTDEPS}"]
[2m2025-12-06T06:29:22.089986Z[0m [32m INFO[0m [2mconvenient_bitbake::pipeline[0m[2m:[0m   Recipe 'nss-myhostname' DEPENDS: ["${PATCHDEPENDENCY}", "${POPULATESYSROOTDEPS}"]
[2m2025-12-06T06:29:22.089995Z[0m [32m INFO[0m [2mconvenient_bitbake::pipeline[0m[2m:[0m   Recipe 'numactl' DEPENDS: ["${PATCHDEPENDENCY}", "${POPULATESYSROOTDEPS}"]
[2m2025-12-06T06:29:22.090004Z[0m [32m INFO[0m [2mconvenient_bitbake::pipeline[0m[2m:[0m   Recipe 'p11-kit' DEPENDS: ["${@'", "${PATCHDEPENDENCY}", "${POPULATESYSROOTDEPS}", "''}", "'True'", "==", "else", "glib-2.0'", "if", "libffi", "libtasn1", "libtasn1-native"]
[2m2025-12-06T06:29:22.090033Z[0m [32m INFO[0m [2mconvenient_bitbake::pipeline[0m[2m:[0m   Recipe 'pinentry' DEPENDS: ["${PATCHDEPENDENCY}", "${POPULATESYSROOTDEPS}", "gettext-native", "libassuan", "libcap", "libgpg-error", "ncurses"]
[2m2025-12-06T06:29:22.090050Z[0m [32m INFO[0m [2mconvenient_bitbake::pipeline[0m[2m:[0m   Recipe 'popt' DEPENDS: ["${PATCHDEPENDENCY}", "${POPULATESYSROOTDEPS}", "virtual/libiconv"]
[2m2025-12-06T06:29:22.090061Z[0m [32m INFO[0m [2mconvenient_bitbake::pipeline[0m[2m:[0m   Recipe 'ptest-runner' DEPENDS: ["${PATCHDEPENDENCY}", "${POPULATESYSROOTDEPS}"]
[2m2025-12-06T06:29:22.090074Z[0m [32m INFO[0m [2mconvenient_bitbake::pipeline[0m[2m:[0m   Recipe 're2c' DEPENDS: ["${PATCHDEPENDENCY}", "${POPULATESYSROOTDEPS}"]
[2m2025-12-06T06:29:22.090084Z[0m [32m INFO[0m [2mconvenient_bitbake::pipeline[0m[2m:[0m   Recipe 'rng-tools' DEPENDS: ["${PATCHDEPENDENCY}", "${POPULATESYSROOTDEPS}", "libjitterentropy", "openssl", "sysfsutils"]
[2m2025-12-06T06:29:22.090093Z[0m [32m INFO[0m [2mconvenient_bitbake::pipeline[0m[2m:[0m   Recipe 'serf' DEPENDS: ["${PATCHDEPENDENCY}", "${POPULATESYSROOTDEPS}", "apr", "apr-util", "expat", "openssl", "util-linux"]
[2m2025-12-06T06:29:22.090118Z[0m [32m INFO[0m [2mconvenient_bitbake::pipeline[0m[2m:[0m   Recipe 'shared-mime-info' DEPENDS: ["${PATCHDEPENDENCY}", "${POPULATESYSROOTDEPS}", "glib-2.0", "itstool-native", "libxml2", "shared-mime-info-native", "xmlto-native"]
[2m2025-12-06T06:29:22.090146Z[0m [32m INFO[0m [2mconvenient_bitbake::pipeline[0m[2m:[0m   Recipe 'sqlite3' DEPENDS: ["${PATCHDEPENDENCY}", "${POPULATESYSROOTDEPS}"]
[2m2025-12-06T06:29:22.090156Z[0m [32m INFO[0m [2mconvenient_bitbake::pipeline[0m[2m:[0m   Recipe 'taglib' DEPENDS: ["${PATCHDEPENDENCY}", "${POPULATESYSROOTDEPS}", "zlib"]
[2m2025-12-06T06:29:22.090169Z[0m [32m INFO[0m [2mconvenient_bitbake::pipeline[0m[2m:[0m   Recipe 'xuser-account' DEPENDS: ["${PATCHDEPENDENCY}", "${POPULATESYSROOTDEPS}", "${USERADDSETSCENEDEPS}"]
[2m2025-12-06T06:29:22.090182Z[0m [32m INFO[0m [2mconvenient_bitbake::pipeline[0m[2m:[0m   Recipe 'vim-tiny' DEPENDS: ["${PATCHDEPENDENCY}", "${POPULATESYSROOTDEPS}", "gettext-native", "ncurses"]
[2m2025-12-06T06:29:22.090197Z[0m [32m INFO[0m [2mconvenient_bitbake::pipeline[0m[2m:[0m   Recipe 'vim' DEPENDS: ["${PATCHDEPENDENCY}", "${POPULATESYSROOTDEPS}", "gettext-native", "ncurses"]
[2m2025-12-06T06:29:22.090207Z[0m [32m INFO[0m [2mconvenient_bitbake::pipeline[0m[2m:[0m   Recipe 'vte' DEPENDS: ["${PATCHDEPENDENCY}", "${POPULATESYSROOTDEPS}", "glib-2.0", "gnutls", "gperf-native", "gtk+3", "icu", "libpcre2", "libxml2-native"]
[2m2025-12-06T06:29:22.090219Z[0m [32m INFO[0m [2mconvenient_bitbake::pipeline[0m[2m:[0m   Recipe 'xxhash' DEPENDS: ["${PATCHDEPENDENCY}", "${POPULATESYSROOTDEPS}"]
[2m2025-12-06T06:29:22.090233Z[0m [32m INFO[0m [2mconvenient_bitbake::pipeline[0m[2m:[0m   Recipe 'tiny-init' DEPENDS: ["${PATCHDEPENDENCY}", "${POPULATESYSROOTDEPS}"]
[2m2025-12-06T06:29:22.090251Z[0m [32m INFO[0m [2mconvenient_bitbake::pipeline[0m[2m:[0m   Recipe 'gma500-gfx-check' DEPENDS: ["${PATCHDEPENDENCY}", "${POPULATESYSROOTDEPS}"]
[2m2025-12-06T06:29:22.090264Z[0m [32m INFO[0m [2mconvenient_bitbake::pipeline[0m[2m:[0m   Populating 884 recipe dependencies...
[2m2025-12-06T06:29:22.092494Z[0m [32m INFO[0m [2mconvenient_bitbake::pipeline[0m[2m:[0m   Built graph: 884 recipes, 15938 tasks
[2m2025-12-06T06:29:22.107295Z[0m [32m INFO[0m [2mconvenient_bitbake::build_orchestrator[0m[2m:[0m ✓ Step 3 completed in 5.982864024s
[2m2025-12-06T06:29:22.107387Z[0m [32m INFO[0m [2mconvenient_bitbake::build_orchestrator[0m[2m:[0m Building task execution graph
[2m2025-12-06T06:29:22.170258Z[0m [32m INFO[0m [2mconvenient_bitbake::build_orchestrator[0m[2m:[0m ✓ Step 4 completed in 62.872412ms
[2m2025-12-06T06:29:22.170362Z[0m [32m INFO[0m [2mconvenient_bitbake::build_orchestrator[0m[2m:[0m Computing task signatures
[2m2025-12-06T06:29:22.388980Z[0m [32m INFO[0m [2mconvenient_bitbake::signature_cache[0m[2m:[0m Computing task signatures...
[2m2025-12-06T06:29:22.618579Z[0m [32m INFO[0m [2mconvenient_bitbake::signature_cache[0m[2m:[0m   Computed 15882 task signatures
[2m2025-12-06T06:29:22.622991Z[0m [32m INFO[0m [2mconvenient_bitbake::build_orchestrator[0m[2m:[0m ✓ Step 5 completed in 452.638612ms
[2m2025-12-06T06:29:22.623043Z[0m [32m INFO[0m [2mconvenient_bitbake::build_orchestrator[0m[2m:[0m Analyzing incremental build requirements
[2m2025-12-06T06:29:22.776524Z[0m [32m INFO[0m [2mconvenient_bitbake::signature_cache[0m[2m:[0m Saved 15882 task signatures to cache
[2m2025-12-06T06:29:22.776561Z[0m [32m INFO[0m [2mconvenient_bitbake::build_orchestrator[0m[2m:[0m ✓ Step 6 completed in 153.518859ms
[2m2025-12-06T06:29:22.776576Z[0m [32m INFO[0m [2mconvenient_bitbake::build_orchestrator[0m[2m:[0m Creating task specifications
[2m2025-12-06T06:29:22.776796Z[0m [32m INFO[0m [2mconvenient_bitbake::build_orchestrator[0m[2m:[0m   Processing 15938 tasks in parallel (CPU-bound)...
[2m2025-12-06T06:29:22.777180Z[0m [32m INFO[0m [2mconvenient_bitbake::build_orchestrator[0m[2m:[0m   Using 1 threads with 64MB stacks for task spec generation
[2m2025-12-06T06:29:22.949510Z[0m [32m INFO[0m [2mconvenient_bitbake::build_orchestrator[0m[2m:[0m Resolved 31 file:// URIs for valgrind
[2m2025-12-06T06:29:23.117452Z[0m [32m INFO[0m [2mconvenient_bitbake::build_orchestrator[0m[2m:[0m Resolved 7 file:// URIs for bluez5
[2m2025-12-06T06:29:23.235529Z[0m [32m INFO[0m [2mconvenient_bitbake::build_orchestrator[0m[2m:[0m Resolved 3 file:// URIs for kmod
[2m2025-12-06T06:29:23.319688Z[0m [32m INFO[0m [2mconvenient_bitbake::build_orchestrator[0m[2m:[0m Resolved 2 file:// URIs for minicom
[2m2025-12-06T06:29:23.499495Z[0m [32m INFO[0m [2mconvenient_bitbake::build_orchestrator[0m[2m:[0m Resolved 3 file:// URIs for volatile-binds
[2m2025-12-06T06:29:23.803559Z[0m [32m INFO[0m [2mconvenient_bitbake::build_orchestrator[0m[2m:[0m Resolved 10 file:// URIs for cmake
[2m2025-12-06T06:29:24.020131Z[0m [32m INFO[0m [2mconvenient_bitbake::build_orchestrator[0m[2m:[0m Resolved 19 file:// URIs for ofono
[2m2025-12-06T06:29:24.254572Z[0m [32m INFO[0m [2mconvenient_bitbake::build_orchestrator[0m[2m:[0m Resolved 3 file:// URIs for glib-networking
[2m2025-12-06T06:29:24.380871Z[0m [32m INFO[0m [2mconvenient_bitbake::build_orchestrator[0m[2m:[0m Resolved 2 file:// URIs for gma500-gfx-check
[2m2025-12-06T06:29:24.777787Z[0m [32m INFO[0m [2mconvenient_bitbake::build_orchestrator[0m[2m:[0m   Progress: 227/15938 tasks (1.4%)
[2m2025-12-06T06:29:25.586347Z[0m [32m INFO[0m [2mconvenient_bitbake::build_orchestrator[0m[2m:[0m Resolved 1 file:// URIs for libdaemon
[2m2025-12-06T06:29:25.915662Z[0m [32m INFO[0m [2mconvenient_bitbake::build_orchestrator[0m[2m:[0m Resolved 1 file:// URIs for iproute2
[2m2025-12-06T06:29:25.962871Z[0m [32m INFO[0m [2mconvenient_bitbake::build_orchestrator[0m[2m:[0m Resolved 3 file:// URIs for bc
[2m2025-12-06T06:29:26.051228Z[0m [32m INFO[0m [2mconvenient_bitbake::build_orchestrator[0m[2m:[0m Resolved 10 file:// URIs for patch
[2m2025-12-06T06:29:26.285774Z[0m [32m INFO[0m [2mconvenient_bitbake::build_orchestrator[0m[2m:[0m Resolved 13 file:// URIs for syslinux
[2m2025-12-06T06:29:26.706573Z[0m [32m INFO[0m [2mconvenient_bitbake::build_orchestrator[0m[2m:[0m Resolved 6 file:// URIs for slang
[2m2025-12-06T06:29:26.780987Z[0m [32m INFO[0m [2mconvenient_bitbake::build_orchestrator[0m[2m:[0m   Progress: 452/15938 tasks (2.8%)
[2m2025-12-06T06:29:26.885320Z[0m [32m INFO[0m [2mconvenient_bitbake::build_orchestrator[0m[2m:[0m Resolved 3 file:// URIs for lzo
[2m2025-12-06T06:29:27.098588Z[0m [32m INFO[0m [2mconvenient_bitbake::build_orchestrator[0m[2m:[0m Resolved 3 file:// URIs for virglrenderer
[2m2025-12-06T06:29:27.153254Z[0m [32m INFO[0m [2mconvenient_bitbake::build_orchestrator[0m[2m:[0m Resolved 8 file:// URIs for meson
[2m2025-12-06T06:29:27.320499Z[0m [32m INFO[0m [2mconvenient_bitbake::build_orchestrator[0m[2m:[0m Resolved 25 file:// URIs for unzip
[2m2025-12-06T06:29:27.360574Z[0m [32m INFO[0m [2mconvenient_bitbake::build_orchestrator[0m[2m:[0m Resolved 6 file:// URIs for systemd-bootchart
[2m2025-12-06T06:29:27.569781Z[0m [32m INFO[0m [2mconvenient_bitbake::build_orchestrator[0m[2m:[0m Resolved 2 file:// URIs for waffle
[2m2025-12-06T06:29:27.778495Z[0m [32m INFO[0m [2mconvenient_bitbake::build_orchestrator[0m[2m:[0m Resolved 1 file:// URIs for rpcsvc-proto
[2m2025-12-06T06:29:27.867891Z[0m [32m INFO[0m [2mconvenient_bitbake::build_orchestrator[0m[2m:[0m Resolved 1 file:// URIs for libproxy
[2m2025-12-06T06:29:27.924981Z[0m [32m INFO[0m [2mconvenient_bitbake::build_orchestrator[0m[2m:[0m Resolved 6 file:// URIs for automake
[2m2025-12-06T06:29:27.982497Z[0m [32m INFO[0m [2mconvenient_bitbake::build_orchestrator[0m[2m:[0m Resolved 5 file:// URIs for gtk-doc
[2m2025-12-06T06:29:28.170740Z[0m [32m INFO[0m [2mconvenient_bitbake::build_orchestrator[0m[2m:[0m Resolved 3 file:// URIs for swig
[2m2025-12-06T06:29:28.537548Z[0m [32m INFO[0m [2mconvenient_bitbake::build_orchestrator[0m[2m:[0m Resolved 6 file:// URIs for libpcap
[2m2025-12-06T06:29:28.774782Z[0m [32m INFO[0m [2mconvenient_bitbake::build_orchestrator[0m[2m:[0m Resolved 10 file:// URIs for patch
[2m2025-12-06T06:29:28.782381Z[0m [32m INFO[0m [2mconvenient_bitbake::build_orchestrator[0m[2m:[0m   Progress: 681/15938 tasks (4.3%)
[2m2025-12-06T06:29:28.892700Z[0m [32m INFO[0m [2mconvenient_bitbake::build_orchestrator[0m[2m:[0m Resolved 2 file:// URIs for tiny-init
[2m2025-12-06T06:29:29.254020Z[0m [32m INFO[0m [2mconvenient_bitbake::build_orchestrator[0m[2m:[0m Resolved 7 file:// URIs for iptables
[2m2025-12-06T06:29:29.493125Z[0m [32m INFO[0m [2mconvenient_bitbake::build_orchestrator[0m[2m:[0m Resolved 2 file:// URIs for setserial
[2m2025-12-06T06:29:29.896513Z[0m [32m INFO[0m [2mconvenient_bitbake::build_orchestrator[0m[2m:[0m Resolved 1 file:// URIs for libpng
[2m2025-12-06T06:29:29.980679Z[0m [32m INFO[0m [2mconvenient_bitbake::build_orchestrator[0m[2m:[0m Resolved 3 file:// URIs for less
[2m2025-12-06T06:29:30.011835Z[0m [32m INFO[0m [2mconvenient_bitbake::build_orchestrator[0m[2m:[0m Resolved 2 file:// URIs for flac
[2m2025-12-06T06:29:30.784290Z[0m [32m INFO[0m [2mconvenient_bitbake::build_orchestrator[0m[2m:[0m   Progress: 907/15938 tasks (5.7%)
[2m2025-12-06T06:29:31.300638Z[0m [32m INFO[0m [2mconvenient_bitbake::build_orchestrator[0m[2m:[0m Resolved 33 file:// URIs for libsoup
[2m2025-12-06T06:29:31.914630Z[0m [32m INFO[0m [2mconvenient_bitbake::build_orchestrator[0m[2m:[0m Resolved 2 file:// URIs for itstool
[2m2025-12-06T06:29:32.143252Z[0m [32m INFO[0m [2mconvenient_bitbake::build_orchestrator[0m[2m:[0m Resolved 17 file:// URIs for avahi
[2m2025-12-06T06:29:32.228813Z[0m [32m INFO[0m [2mconvenient_bitbake::build_orchestrator[0m[2m:[0m Resolved 2 file:// URIs for flac
[2m2025-12-06T06:29:32.254754Z[0m [32m INFO[0m [2mconvenient_bitbake::build_orchestrator[0m[2m:[0m Resolved 1 file:// URIs for btrfs-tools
[2m2025-12-06T06:29:32.288629Z[0m [32m INFO[0m [2mconvenient_bitbake::build_orchestrator[0m[2m:[0m Resolved 2 file:// URIs for zstd
[2m2025-12-06T06:29:32.787868Z[0m [32m INFO[0m [2mconvenient_bitbake::build_orchestrator[0m[2m:[0m   Progress: 1135/15938 tasks (7.1%)
[2m2025-12-06T06:29:32.927773Z[0m [32m INFO[0m [2mconvenient_bitbake::build_orchestrator[0m[2m:[0m Resolved 16 file:// URIs for rsync
[2m2025-12-06T06:29:32.959705Z[0m [32m INFO[0m [2mconvenient_bitbake::build_orchestrator[0m[2m:[0m Resolved 2 file:// URIs for tiny-init
[2m2025-12-06T06:29:33.572436Z[0m [32m INFO[0m [2mconvenient_bitbake::build_orchestrator[0m[2m:[0m Resolved 4 file:// URIs for gdk-pixbuf
[2m2025-12-06T06:29:33.694905Z[0m [32m INFO[0m [2mconvenient_bitbake::build_orchestrator[0m[2m:[0m Resolved 1 file:// URIs for pango
[2m2025-12-06T06:29:33.717998Z[0m [32m INFO[0m [2mconvenient_bitbake::build_orchestrator[0m[2m:[0m Resolved 3 file:// URIs for efibootmgr
[2m2025-12-06T06:29:33.881888Z[0m [32m INFO[0m [2mconvenient_bitbake::build_orchestrator[0m[2m:[0m Resolved 2 file:// URIs for acpid
[2m2025-12-06T06:29:33.955905Z[0m [32m INFO[0m [2mconvenient_bitbake::build_orchestrator[0m[2m:[0m Resolved 12 file:// URIs for openssl
[2m2025-12-06T06:29:33.973929Z[0m [32m INFO[0m [2mconvenient_bitbake::build_orchestrator[0m[2m:[0m Resolved 3 file:// URIs for alsa-state
[2m2025-12-06T06:29:34.221920Z[0m [32m INFO[0m [2mconvenient_bitbake::build_orchestrator[0m[2m:[0m Resolved 4 file:// URIs for xdg-utils
[2m2025-12-06T06:29:34.351549Z[0m [32m INFO[0m [2mconvenient_bitbake::build_orchestrator[0m[2m:[0m Resolved 3 file:// URIs for glib-networking
[2m2025-12-06T06:29:34.470195Z[0m [32m INFO[0m [2mconvenient_bitbake::build_orchestrator[0m[2m:[0m Resolved 3 file:// URIs for argp-standalone
[2m2025-12-06T06:29:34.790218Z[0m [32m INFO[0m [2mconvenient_bitbake::build_orchestrator[0m[2m:[0m   Progress: 1363/15938 tasks (8.6%)
[2m2025-12-06T06:29:34.966464Z[0m [32m INFO[0m [2mconvenient_bitbake::build_orchestrator[0m[2m:[0m Resolved 1 file:// URIs for sudo
[2m2025-12-06T06:29:35.218035Z[0m [32m INFO[0m [2mconvenient_bitbake::build_orchestrator[0m[2m:[0m Resolved 10 file:// URIs for gpgme
[2m2025-12-06T06:29:35.597519Z[0m [32m INFO[0m [2mconvenient_bitbake::build_orchestrator[0m[2m:[0m Resolved 15 file:// URIs for dpkg
[2m2025-12-06T06:29:35.694787Z[0m [32m INFO[0m [2mconvenient_bitbake::build_orchestrator[0m[2m:[0m Resolved 1 file:// URIs for libhandy
[2m2025-12-06T06:29:35.919115Z[0m [32m INFO[0m [2mconvenient_bitbake::build_orchestrator[0m[2m:[0m Resolved 1 file:// URIs for libassuan
[2m2025-12-06T06:29:35.941474Z[0m [32m INFO[0m [2mconvenient_bitbake::build_orchestrator[0m[2m:[0m Resolved 1 file:// URIs for psmisc
[2m2025-12-06T06:29:35.988097Z[0m [32m INFO[0m [2mconvenient_bitbake::build_orchestrator[0m[2m:[0m Resolved 3 file:// URIs for glew
[2m2025-12-06T06:29:36.414099Z[0m [32m INFO[0m [2mconvenient_bitbake::build_orchestrator[0m[2m:[0m Resolved 5 file:// URIs for flex
[2m2025-12-06T06:29:36.524299Z[0m [32m INFO[0m [2mconvenient_bitbake::build_orchestrator[0m[2m:[0m Resolved 65 file:// URIs for binutils
[2m2025-12-06T06:29:36.793783Z[0m [32m INFO[0m [2mconvenient_bitbake::build_orchestrator[0m[2m:[0m   Progress: 1596/15938 tasks (10.0%)
[2m2025-12-06T06:29:37.060118Z[0m [32m INFO[0m [2mconvenient_bitbake::build_orchestrator[0m[2m:[0m Resolved 1 file:// URIs for libseccomp
[2m2025-12-06T06:29:37.181009Z[0m [32m INFO[0m [2mconvenient_bitbake::build_orchestrator[0m[2m:[0m Resolved 6 file:// URIs for slang
[2m2025-12-06T06:29:38.662681Z[0m [32m INFO[0m [2mconvenient_bitbake::build_orchestrator[0m[2m:[0m Resolved 1 file:// URIs for libpng
[2m2025-12-06T06:29:38.796573Z[0m [32m INFO[0m [2mconvenient_bitbake::build_orchestrator[0m[2m:[0m   Progress: 1831/15938 tasks (11.5%)
[2m2025-12-06T06:29:38.855523Z[0m [32m INFO[0m [2mconvenient_bitbake::build_orchestrator[0m[2m:[0m Resolved 60 file:// URIs for glib-2.0
[2m2025-12-06T06:29:38.893885Z[0m [32m INFO[0m [2mconvenient_bitbake::build_orchestrator[0m[2m:[0m Resolved 2 file:// URIs for npth
[2m2025-12-06T06:29:38.994766Z[0m [32m INFO[0m [2mconvenient_bitbake::build_orchestrator[0m[2m:[0m Resolved 1 file:// URIs for mini-x-session
[2m2025-12-06T06:29:39.293615Z[0m [32m INFO[0m [2mconvenient_bitbake::build_orchestrator[0m[2m:[0m Resolved 1 file:// URIs for libcap-ng
[2m2025-12-06T06:29:39.498517Z[0m [32m INFO[0m [2mconvenient_bitbake::build_orchestrator[0m[2m:[0m Resolved 2 file:// URIs for iw
[2m2025-12-06T06:29:39.793638Z[0m [32m INFO[0m [2mconvenient_bitbake::build_orchestrator[0m[2m:[0m Resolved 4 file:// URIs for musl
[2m2025-12-06T06:29:39.947816Z[0m [32m INFO[0m [2mconvenient_bitbake::build_orchestrator[0m[2m:[0m Resolved 11 file:// URIs for nfs-utils
[2m2025-12-06T06:29:40.797477Z[0m [32m INFO[0m [2mconvenient_bitbake::build_orchestrator[0m[2m:[0m   Progress: 2045/15938 tasks (12.8%)
[2m2025-12-06T06:29:40.890266Z[0m [32m INFO[0m [2mconvenient_bitbake::build_orchestrator[0m[2m:[0m Resolved 10 file:// URIs for cmake
[2m2025-12-06T06:29:41.665910Z[0m [32m INFO[0m [2mconvenient_bitbake::build_orchestrator[0m[2m:[0m Resolved 1 file:// URIs for speex
[2m2025-12-06T06:29:41.914290Z[0m [32m INFO[0m [2mconvenient_bitbake::build_orchestrator[0m[2m:[0m Resolved 3 file:// URIs for gnu-efi
[2m2025-12-06T06:29:41.934969Z[0m [32m INFO[0m [2mconvenient_bitbake::build_orchestrator[0m[2m:[0m Resolved 5 file:// URIs for pcmanfm
[2m2025-12-06T06:29:41.991749Z[0m [32m INFO[0m [2mconvenient_bitbake::build_orchestrator[0m[2m:[0m Resolved 6 file:// URIs for libcap
[2m2025-12-06T06:29:42.655334Z[0m [32m INFO[0m [2mconvenient_bitbake::build_orchestrator[0m[2m:[0m Resolved 3 file:// URIs for wget
[2m2025-12-06T06:29:42.805836Z[0m [32m INFO[0m [2mconvenient_bitbake::build_orchestrator[0m[2m:[0m   Progress: 2257/15938 tasks (14.2%)
[2m2025-12-06T06:29:43.120962Z[0m [32m INFO[0m [2mconvenient_bitbake::build_orchestrator[0m[2m:[0m Resolved 31 file:// URIs for glibc
[2m2025-12-06T06:29:44.196031Z[0m [32m INFO[0m [2mconvenient_bitbake::build_orchestrator[0m[2m:[0m Resolved 5 file:// URIs for groff
[2m2025-12-06T06:29:44.356867Z[0m [32m INFO[0m [2mconvenient_bitbake::build_orchestrator[0m[2m:[0m Resolved 2 file:// URIs for libpcre
[2m2025-12-06T06:29:44.571257Z[0m [32m INFO[0m [2mconvenient_bitbake::build_orchestrator[0m[2m:[0m Resolved 6 file:// URIs for make
[2m2025-12-06T06:29:44.806598Z[0m [32m INFO[0m [2mconvenient_bitbake::build_orchestrator[0m[2m:[0m   Progress: 2483/15938 tasks (15.6%)
[2m2025-12-06T06:29:45.112774Z[0m [32m INFO[0m [2mconvenient_bitbake::build_orchestrator[0m[2m:[0m Resolved 3 file:// URIs for libffi
[2m2025-12-06T06:29:45.623521Z[0m [32m INFO[0m [2mconvenient_bitbake::build_orchestrator[0m[2m:[0m Resolved 8 file:// URIs for libxslt
[2m2025-12-06T06:29:45.970257Z[0m [32m INFO[0m [2mconvenient_bitbake::build_orchestrator[0m[2m:[0m Resolved 7 file:// URIs for e2fsprogs
[2m2025-12-06T06:29:46.691514Z[0m [32m INFO[0m [2mconvenient_bitbake::build_orchestrator[0m[2m:[0m Resolved 16 file:// URIs for perl
[2m2025-12-06T06:29:46.724443Z[0m [32m INFO[0m [2mconvenient_bitbake::build_orchestrator[0m[2m:[0m Resolved 31 file:// URIs for valgrind
[2m2025-12-06T06:29:46.761606Z[0m [32m INFO[0m [2mconvenient_bitbake::build_orchestrator[0m[2m:[0m Resolved 5 file:// URIs for freetype
[2m2025-12-06T06:29:46.810614Z[0m [32m INFO[0m [2mconvenient_bitbake::build_orchestrator[0m[2m:[0m   Progress: 2690/15938 tasks (16.9%)
[2m2025-12-06T06:29:46.829950Z[0m [32m INFO[0m [2mconvenient_bitbake::build_orchestrator[0m[2m:[0m Resolved 5 file:// URIs for squashfs-tools
[2m2025-12-06T06:29:46.857205Z[0m [32m INFO[0m [2mconvenient_bitbake::build_orchestrator[0m[2m:[0m Resolved 2 file:// URIs for subversion
[2m2025-12-06T06:29:47.301747Z[0m [32m INFO[0m [2mconvenient_bitbake::build_orchestrator[0m[2m:[0m Resolved 2 file:// URIs for cracklib
[2m2025-12-06T06:29:47.354803Z[0m [32m INFO[0m [2mconvenient_bitbake::build_orchestrator[0m[2m:[0m Resolved 12 file:// URIs for openssl
[2m2025-12-06T06:29:48.154757Z[0m [32m INFO[0m [2mconvenient_bitbake::build_orchestrator[0m[2m:[0m Resolved 25 file:// URIs for unzip
[2m2025-12-06T06:29:48.302406Z[0m [32m INFO[0m [2mconvenient_bitbake::build_orchestrator[0m[2m:[0m Resolved 1 file:// URIs for libvorbis
[2m2025-12-06T06:29:48.451287Z[0m [32m INFO[0m [2mconvenient_bitbake::build_orchestrator[0m[2m:[0m Resolved 1 file:// URIs for libproxy
[2m2025-12-06T06:29:48.533677Z[0m [32m INFO[0m [2mconvenient_bitbake::build_orchestrator[0m[2m:[0m Resolved 4 file:// URIs for gmp
[2m2025-12-06T06:29:48.585264Z[0m [32m INFO[0m [2mconvenient_bitbake::build_orchestrator[0m[2m:[0m Resolved 1 file:// URIs for acpica
[2m2025-12-06T06:29:48.812708Z[0m [32m INFO[0m [2mconvenient_bitbake::build_orchestrator[0m[2m:[0m   Progress: 2894/15938 tasks (18.2%)
[2m2025-12-06T06:29:48.972441Z[0m [32m INFO[0m [2mconvenient_bitbake::build_orchestrator[0m[2m:[0m Resolved 5 file:// URIs for ltp
[2m2025-12-06T06:29:49.372881Z[0m [32m INFO[0m [2mconvenient_bitbake::build_orchestrator[0m[2m:[0m Resolved 2 file:// URIs for subversion
[2m2025-12-06T06:29:49.484053Z[0m [32m INFO[0m [2mconvenient_bitbake::build_orchestrator[0m[2m:[0m Resolved 4 file:// URIs for gmp
[2m2025-12-06T06:29:49.672178Z[0m [32m INFO[0m [2mconvenient_bitbake::build_orchestrator[0m[2m:[0m Resolved 3 file:// URIs for rng-tools
[2m2025-12-06T06:29:49.794622Z[0m [32m INFO[0m [2mconvenient_bitbake::build_orchestrator[0m[2m:[0m Resolved 4 file:// URIs for libsdl2
[2m2025-12-06T06:29:49.802451Z[0m [32m INFO[0m [2mconvenient_bitbake::build_orchestrator[0m[2m:[0m   Progress: 3000/15938 tasks (18.8%)
[2m2025-12-06T06:29:49.823747Z[0m [32m INFO[0m [2mconvenient_bitbake::build_orchestrator[0m[2m:[0m Resolved 2 file:// URIs for libgpg-error
[2m2025-12-06T06:29:49.897781Z[0m [32m INFO[0m [2mconvenient_bitbake::build_orchestrator[0m[2m:[0m Resolved 10 file:// URIs for apt
[2m2025-12-06T06:29:50.080720Z[0m [32m INFO[0m [2mconvenient_bitbake::build_orchestrator[0m[2m:[0m Resolved 13 file:// URIs for syslinux
[2m2025-12-06T06:29:50.364332Z[0m [32m INFO[0m [2mconvenient_bitbake::build_orchestrator[0m[2m:[0m Resolved 1 file:// URIs for mini-x-session
[2m2025-12-06T06:29:50.418215Z[0m [32m INFO[0m [2mconvenient_bitbake::build_orchestrator[0m[2m:[0m Resolved 8 file:// URIs for dhcpcd
[2m2025-12-06T06:29:50.612545Z[0m [32m INFO[0m [2mconvenient_bitbake::build_orchestrator[0m[2m:[0m Resolved 19 file:// URIs for u-boot
[2m2025-12-06T06:29:50.817686Z[0m [32m INFO[0m [2mconvenient_bitbake::build_orchestrator[0m[2m:[0m   Progress: 3110/15938 tasks (19.5%)
[2m2025-12-06T06:29:50.853548Z[0m [32m INFO[0m [2mconvenient_bitbake::build_orchestrator[0m[2m:[0m Resolved 4 file:// URIs for libsdl2
[2m2025-12-06T06:29:50.902705Z[0m [32m INFO[0m [2mconvenient_bitbake::build_orchestrator[0m[2m:[0m Resolved 1 file:// URIs for keymaps
[2m2025-12-06T06:29:50.952877Z[0m [32m INFO[0m [2mconvenient_bitbake::build_orchestrator[0m[2m:[0m Resolved 3 file:// URIs for virglrenderer
[2m2025-12-06T06:29:50.962964Z[0m [32m INFO[0m [2mconvenient_bitbake::build_orchestrator[0m[2m:[0m Resolved 3 file:// URIs for bc
[2m2025-12-06T06:29:51.330960Z[0m [32m INFO[0m [2mconvenient_bitbake::build_orchestrator[0m[2m:[0m Resolved 2 file:// URIs for diffutils
[2m2025-12-06T06:29:51.443164Z[0m [32m INFO[0m [2mconvenient_bitbake::build_orchestrator[0m[2m:[0m Resolved 1 file:// URIs for fontconfig
[2m2025-12-06T06:29:51.499413Z[0m [32m INFO[0m [2mconvenient_bitbake::build_orchestrator[0m[2m:[0m Resolved 4 file:// URIs for blktool
[2m2025-12-06T06:29:51.731961Z[0m [32m INFO[0m [2mconvenient_bitbake::build_orchestrator[0m[2m:[0m Resolved 1 file:// URIs for sbc
[2m2025-12-06T06:29:52.822538Z[0m [32m INFO[0m [2mconvenient_bitbake::build_orchestrator[0m[2m:[0m   Progress: 3345/15938 tasks (21.0%)
[2m2025-12-06T06:29:52.914115Z[0m [32m INFO[0m [2mconvenient_bitbake::build_orchestrator[0m[2m:[0m Resolved 2 file:// URIs for ppp-dialin
[2m2025-12-06T06:29:53.005098Z[0m [32m INFO[0m [2mconvenient_bitbake::build_orchestrator[0m[2m:[0m Resolved 1 file:// URIs for diffoscope
[2m2025-12-06T06:29:53.109790Z[0m [32m INFO[0m [2mconvenient_bitbake::build_orchestrator[0m[2m:[0m Resolved 14 file:// URIs for util-linux
[2m2025-12-06T06:29:53.279571Z[0m [32m INFO[0m [2mconvenient_bitbake::build_orchestrator[0m[2m:[0m Resolved 3 file:// URIs for mc
[2m2025-12-06T06:29:53.564831Z[0m [32m INFO[0m [2mconvenient_bitbake::build_orchestrator[0m[2m:[0m Resolved 1 file:// URIs for igt-gpu-tools
[2m2025-12-06T06:29:53.650562Z[0m [32m INFO[0m [2mconvenient_bitbake::build_orchestrator[0m[2m:[0m Resolved 2 file:// URIs for itstool
[2m2025-12-06T06:29:54.291036Z[0m [32m INFO[0m [2mconvenient_bitbake::build_orchestrator[0m[2m:[0m Resolved 1 file:// URIs for createrepo-c
[2m2025-12-06T06:29:54.436024Z[0m [32m INFO[0m [2mconvenient_bitbake::build_orchestrator[0m[2m:[0m Resolved 1 file:// URIs for libsolv
[2m2025-12-06T06:29:54.817177Z[0m [32m INFO[0m [2mconvenient_bitbake::build_orchestrator[0m[2m:[0m Resolved 3 file:// URIs for distcc
[2m2025-12-06T06:29:54.824373Z[0m [32m INFO[0m [2mconvenient_bitbake::build_orchestrator[0m[2m:[0m   Progress: 3578/15938 tasks (22.4%)
[2m2025-12-06T06:29:54.867710Z[0m [32m INFO[0m [2mconvenient_bitbake::build_orchestrator[0m[2m:[0m Resolved 1 file:// URIs for diffoscope
[2m2025-12-06T06:29:54.937034Z[0m [32m INFO[0m [2mconvenient_bitbake::build_orchestrator[0m[2m:[0m Resolved 2 file:// URIs for ethtool
[2m2025-12-06T06:29:54.989017Z[0m [32m INFO[0m [2mconvenient_bitbake::build_orchestrator[0m[2m:[0m Resolved 15 file:// URIs for ppp
[2m2025-12-06T06:29:55.009156Z[0m [32m INFO[0m [2mconvenient_bitbake::build_orchestrator[0m[2m:[0m Resolved 10 file:// URIs for apmd
[2m2025-12-06T06:29:55.152213Z[0m [32m INFO[0m [2mconvenient_bitbake::build_orchestrator[0m[2m:[0m Resolved 9 file:// URIs for strace
[2m2025-12-06T06:29:55.219931Z[0m [32m INFO[0m [2mconvenient_bitbake::build_orchestrator[0m[2m:[0m Resolved 9 file:// URIs for kea
[2m2025-12-06T06:29:55.253643Z[0m [32m INFO[0m [2mconvenient_bitbake::build_orchestrator[0m[2m:[0m Resolved 1 file:// URIs for modutils-initscripts
[2m2025-12-06T06:29:55.276962Z[0m [32m INFO[0m [2mconvenient_bitbake::build_orchestrator[0m[2m:[0m Resolved 13 file:// URIs for gdb
[2m2025-12-06T06:29:55.443462Z[0m [32m INFO[0m [2mconvenient_bitbake::build_orchestrator[0m[2m:[0m Resolved 9 file:// URIs for efivar
[2m2025-12-06T06:29:55.452750Z[0m [32m INFO[0m [2mconvenient_bitbake::build_orchestrator[0m[2m:[0m Resolved 1 file:// URIs for makedevs
[2m2025-12-06T06:29:56.115001Z[0m [32m INFO[0m [2mconvenient_bitbake::build_orchestrator[0m[2m:[0m Resolved 1 file:// URIs for rpcsvc-proto
[2m2025-12-06T06:29:56.370086Z[0m [32m INFO[0m [2mconvenient_bitbake::build_orchestrator[0m[2m:[0m Resolved 2 file:// URIs for x264
[2m2025-12-06T06:29:56.506964Z[0m [32m INFO[0m [2mconvenient_bitbake::build_orchestrator[0m[2m:[0m Resolved 3 file:// URIs for opkg
[2m2025-12-06T06:29:56.593718Z[0m [32m INFO[0m [2mconvenient_bitbake::build_orchestrator[0m[2m:[0m Resolved 1 file:// URIs for shared-mime-info
[2m2025-12-06T06:29:56.830617Z[0m [32m INFO[0m [2mconvenient_bitbake::build_orchestrator[0m[2m:[0m   Progress: 3811/15938 tasks (23.9%)
[2m2025-12-06T06:29:56.880633Z[0m [32m INFO[0m [2mconvenient_bitbake::build_orchestrator[0m[2m:[0m Resolved 1 file:// URIs for liba52
[2m2025-12-06T06:29:56.991162Z[0m [32m INFO[0m [2mconvenient_bitbake::build_orchestrator[0m[2m:[0m Resolved 3 file:// URIs for argp-standalone
[2m2025-12-06T06:29:57.018238Z[0m [32m INFO[0m [2mconvenient_bitbake::build_orchestrator[0m[2m:[0m Resolved 5 file:// URIs for flex
[2m2025-12-06T06:29:57.173211Z[0m [32m INFO[0m [2mconvenient_bitbake::build_orchestrator[0m[2m:[0m Resolved 2 file:// URIs for gdbm
[2m2025-12-06T06:29:57.472852Z[0m [32m INFO[0m [2mconvenient_bitbake::build_orchestrator[0m[2m:[0m Resolved 11 file:// URIs for nfs-utils
[2m2025-12-06T06:29:57.483614Z[0m [32m INFO[0m [2mconvenient_bitbake::build_orchestrator[0m[2m:[0m Resolved 1 file:// URIs for mpg123
[2m2025-12-06T06:29:58.283881Z[0m [32m INFO[0m [2mconvenient_bitbake::build_orchestrator[0m[2m:[0m Resolved 4 file:// URIs for numactl
[2m2025-12-06T06:29:58.332512Z[0m [32m INFO[0m [2mconvenient_bitbake::build_orchestrator[0m[2m:[0m Resolved 7 file:// URIs for e2fsprogs
[2m2025-12-06T06:29:58.802785Z[0m [32m INFO[0m [2mconvenient_bitbake::build_orchestrator[0m[2m:[0m Resolved 1 file:// URIs for makedevs
[2m2025-12-06T06:29:58.838000Z[0m [32m INFO[0m [2mconvenient_bitbake::build_orchestrator[0m[2m:[0m   Progress: 4007/15938 tasks (25.1%)
[2m2025-12-06T06:29:58.885496Z[0m [32m INFO[0m [2mconvenient_bitbake::build_orchestrator[0m[2m:[0m Resolved 1 file:// URIs for igt-gpu-tools
[2m2025-12-06T06:29:59.308884Z[0m [32m INFO[0m [2mconvenient_bitbake::build_orchestrator[0m[2m:[0m Resolved 1 file:// URIs for sed
[2m2025-12-06T06:29:59.344784Z[0m [32m INFO[0m [2mconvenient_bitbake::build_orchestrator[0m[2m:[0m Resolved 2 file:// URIs for minicom
[2m2025-12-06T06:29:59.544224Z[0m [32m INFO[0m [2mconvenient_bitbake::build_orchestrator[0m[2m:[0m Resolved 3 file:// URIs for xinput-calibrator
[2m2025-12-06T06:30:00.201712Z[0m [32m INFO[0m [2mconvenient_bitbake::build_orchestrator[0m[2m:[0m Resolved 116 file:// URIs for qemu
[2m2025-12-06T06:30:00.606888Z[0m [32m INFO[0m [2mconvenient_bitbake::build_orchestrator[0m[2m:[0m Resolved 12 file:// URIs for dropbear
[2m2025-12-06T06:30:00.812591Z[0m [32m INFO[0m [2mconvenient_bitbake::build_orchestrator[0m[2m:[0m Resolved 3 file:// URIs for run-postinsts
[2m2025-12-06T06:30:00.842019Z[0m [32m INFO[0m [2mconvenient_bitbake::build_orchestrator[0m[2m:[0m   Progress: 4255/15938 tasks (26.7%)
[2m2025-12-06T06:30:00.875861Z[0m [32m INFO[0m [2mconvenient_bitbake::build_orchestrator[0m[2m:[0m Resolved 2 file:// URIs for powertop
[2m2025-12-06T06:30:01.102399Z[0m [32m INFO[0m [2mconvenient_bitbake::build_orchestrator[0m[2m:[0m Resolved 4 file:// URIs for epiphany
[2m2025-12-06T06:30:01.364524Z[0m [32m INFO[0m [2mconvenient_bitbake::build_orchestrator[0m[2m:[0m Resolved 5 file:// URIs for squashfs-tools
[2m2025-12-06T06:30:01.964259Z[0m [32m INFO[0m [2mconvenient_bitbake::build_orchestrator[0m[2m:[0m Resolved 16 file:// URIs for rsync
[2m2025-12-06T06:30:02.069449Z[0m [32m INFO[0m [2mconvenient_bitbake::build_orchestrator[0m[2m:[0m Resolved 64 file:// URIs for binutils-cross-testsuite
[2m2025-12-06T06:30:02.283852Z[0m [32m INFO[0m [2mconvenient_bitbake::build_orchestrator[0m[2m:[0m Resolved 2 file:// URIs for gma500-gfx-check
[2m2025-12-06T06:30:02.424036Z[0m [32m INFO[0m [2mconvenient_bitbake::build_orchestrator[0m[2m:[0m Resolved 2 file:// URIs for usbinit
[2m2025-12-06T06:30:02.845087Z[0m [32m INFO[0m [2mconvenient_bitbake::build_orchestrator[0m[2m:[0m   Progress: 4493/15938 tasks (28.2%)
[2m2025-12-06T06:30:03.069416Z[0m [32m INFO[0m [2mconvenient_bitbake::build_orchestrator[0m[2m:[0m Resolved 1 file:// URIs for opkg-utils
[2m2025-12-06T06:30:03.190996Z[0m [32m INFO[0m [2mconvenient_bitbake::build_orchestrator[0m[2m:[0m Resolved 5 file:// URIs for mpeg2dec
[2m2025-12-06T06:30:03.546574Z[0m [32m INFO[0m [2mconvenient_bitbake::build_orchestrator[0m[2m:[0m Resolved 7 file:// URIs for zlib
[2m2025-12-06T06:30:03.793819Z[0m [32m INFO[0m [2mconvenient_bitbake::build_orchestrator[0m[2m:[0m Resolved 1 file:// URIs for gnu-config
[2m2025-12-06T06:30:04.019681Z[0m [32m INFO[0m [2mconvenient_bitbake::build_orchestrator[0m[2m:[0m Resolved 16 file:// URIs for libtool
[2m2025-12-06T06:30:04.066452Z[0m [32m INFO[0m [2mconvenient_bitbake::build_orchestrator[0m[2m:[0m Resolved 64 file:// URIs for binutils-cross-canadian
[2m2025-12-06T06:30:04.143413Z[0m [32m INFO[0m [2mconvenient_bitbake::build_orchestrator[0m[2m:[0m Resolved 64 file:// URIs for binutils-cross-testsuite
[2m2025-12-06T06:30:04.354037Z[0m [32m INFO[0m [2mconvenient_bitbake::build_orchestrator[0m[2m:[0m Resolved 1 file:// URIs for sed
[2m2025-12-06T06:30:04.647524Z[0m [32m INFO[0m [2mconvenient_bitbake::build_orchestrator[0m[2m:[0m Resolved 2 file:// URIs for resolvconf
[2m2025-12-06T06:30:04.847876Z[0m [32m INFO[0m [2mconvenient_bitbake::build_orchestrator[0m[2m:[0m   Progress: 4726/15938 tasks (29.7%)
[2m2025-12-06T06:30:05.608787Z[0m [32m INFO[0m [2mconvenient_bitbake::build_orchestrator[0m[2m:[0m Resolved 1 file:// URIs for seatd
[2m2025-12-06T06:30:05.842111Z[0m [32m INFO[0m [2mconvenient_bitbake::build_orchestrator[0m[2m:[0m Resolved 8 file:// URIs for apr
[2m2025-12-06T06:30:06.004295Z[0m [32m INFO[0m [2mconvenient_bitbake::build_orchestrator[0m[2m:[0m Resolved 10 file:// URIs for gpgme
[2m2025-12-06T06:30:06.264804Z[0m [32m INFO[0m [2mconvenient_bitbake::build_orchestrator[0m[2m:[0m Resolved 3 file:// URIs for vim
[2m2025-12-06T06:30:06.584637Z[0m [32m INFO[0m [2mconvenient_bitbake::build_orchestrator[0m[2m:[0m Resolved 9 file:// URIs for bind
[2m2025-12-06T06:30:06.848518Z[0m [32m INFO[0m [2mconvenient_bitbake::build_orchestrator[0m[2m:[0m   Progress: 4960/15938 tasks (31.1%)
[2m2025-12-06T06:30:06.857569Z[0m [32m INFO[0m [2mconvenient_bitbake::build_orchestrator[0m[2m:[0m Resolved 1 file:// URIs for ccache
[2m2025-12-06T06:30:06.919728Z[0m [32m INFO[0m [2mconvenient_bitbake::build_orchestrator[0m[2m:[0m Resolved 5 file:// URIs for ca-certificates
[2m2025-12-06T06:30:06.969249Z[0m [32m INFO[0m [2mconvenient_bitbake::build_orchestrator[0m[2m:[0m Resolved 1 file:// URIs for fontconfig
[2m2025-12-06T06:30:06.994285Z[0m [32m INFO[0m [2mconvenient_bitbake::build_orchestrator[0m[2m:[0m Resolved 16 file:// URIs for libtool
[2m2025-12-06T06:30:07.290458Z[0m [32m INFO[0m [2mconvenient_bitbake::build_orchestrator[0m[2m:[0m Resolved 7 file:// URIs for dnf
[2m2025-12-06T06:30:07.440755Z[0m [32m INFO[0m [2mconvenient_bitbake::build_orchestrator[0m[2m:[0m Resolved 1 file:// URIs for libsolv
[2m2025-12-06T06:30:07.614650Z[0m [32m INFO[0m [2mconvenient_bitbake::build_orchestrator[0m[2m:[0m Resolved 2 file:// URIs for librepo
[2m2025-12-06T06:30:07.860847Z[0m [32m INFO[0m [2mconvenient_bitbake::build_orchestrator[0m[2m:[0m Resolved 2 file:// URIs for ethtool
[2m2025-12-06T06:30:08.173983Z[0m [32m INFO[0m [2mconvenient_bitbake::build_orchestrator[0m[2m:[0m Resolved 3 file:// URIs for xinetd
[2m2025-12-06T06:30:08.223549Z[0m [32m INFO[0m [2mconvenient_bitbake::build_orchestrator[0m[2m:[0m Resolved 4 file:// URIs for vte
[2m2025-12-06T06:30:08.446748Z[0m [32m INFO[0m [2mconvenient_bitbake::build_orchestrator[0m[2m:[0m Resolved 6 file:// URIs for systemd-bootchart
[2m2025-12-06T06:30:08.852683Z[0m [32m INFO[0m [2mconvenient_bitbake::build_orchestrator[0m[2m:[0m   Progress: 5189/15938 tasks (32.6%)
[2m2025-12-06T06:30:08.890625Z[0m [32m INFO[0m [2mconvenient_bitbake::build_orchestrator[0m[2m:[0m Resolved 1 file:// URIs for libedit
[2m2025-12-06T06:30:08.950719Z[0m [32m INFO[0m [2mconvenient_bitbake::build_orchestrator[0m[2m:[0m Resolved 2 file:// URIs for diffutils
[2m2025-12-06T06:30:08.962198Z[0m [32m INFO[0m [2mconvenient_bitbake::build_orchestrator[0m[2m:[0m Resolved 1 file:// URIs for attr
[2m2025-12-06T06:30:09.116876Z[0m [32m INFO[0m [2mconvenient_bitbake::build_orchestrator[0m[2m:[0m Resolved 4 file:// URIs for m4
[2m2025-12-06T06:30:09.515173Z[0m [32m INFO[0m [2mconvenient_bitbake::build_orchestrator[0m[2m:[0m Resolved 2 file:// URIs for shaderc
[2m2025-12-06T06:30:09.704230Z[0m [32m INFO[0m [2mconvenient_bitbake::build_orchestrator[0m[2m:[0m Resolved 5 file:// URIs for piglit
[2m2025-12-06T06:30:10.174307Z[0m [32m INFO[0m [2mconvenient_bitbake::build_orchestrator[0m[2m:[0m Resolved 1 file:// URIs for icecc-create-env
[2m2025-12-06T06:30:10.209053Z[0m [32m INFO[0m [2mconvenient_bitbake::build_orchestrator[0m[2m:[0m Resolved 4 file:// URIs for nettle
[2m2025-12-06T06:30:10.675977Z[0m [32m INFO[0m [2mconvenient_bitbake::build_orchestrator[0m[2m:[0m Resolved 1 file:// URIs for grep
[2m2025-12-06T06:30:10.814926Z[0m [32m INFO[0m [2mconvenient_bitbake::build_orchestrator[0m[2m:[0m Resolved 25 file:// URIs for wpa-supplicant
[2m2025-12-06T06:30:10.859465Z[0m [32m INFO[0m [2mconvenient_bitbake::build_orchestrator[0m[2m:[0m   Progress: 5394/15938 tasks (33.8%)
[2m2025-12-06T06:30:10.933814Z[0m [32m INFO[0m [2mconvenient_bitbake::build_orchestrator[0m[2m:[0m Resolved 46 file:// URIs for grub
[2m2025-12-06T06:30:11.144680Z[0m [32m INFO[0m [2mconvenient_bitbake::build_orchestrator[0m[2m:[0m Resolved 7 file:// URIs for procps
[2m2025-12-06T06:30:11.265593Z[0m [32m INFO[0m [2mconvenient_bitbake::build_orchestrator[0m[2m:[0m Resolved 3 file:// URIs for volatile-binds
[2m2025-12-06T06:30:11.377977Z[0m [32m INFO[0m [2mconvenient_bitbake::build_orchestrator[0m[2m:[0m Resolved 3 file:// URIs for parted
[2m2025-12-06T06:30:11.482718Z[0m [32m INFO[0m [2mconvenient_bitbake::build_orchestrator[0m[2m:[0m Resolved 5 file:// URIs for pcmanfm
[2m2025-12-06T06:30:11.547985Z[0m [32m INFO[0m [2mconvenient_bitbake::build_orchestrator[0m[2m:[0m Resolved 25 file:// URIs for wpa-supplicant
[2m2025-12-06T06:30:11.737865Z[0m [32m INFO[0m [2mconvenient_bitbake::build_orchestrator[0m[2m:[0m Resolved 7 file:// URIs for screen
[2m2025-12-06T06:30:12.250290Z[0m [32m INFO[0m [2mconvenient_bitbake::build_orchestrator[0m[2m:[0m Resolved 6 file:// URIs for linux-libc-headers
[2m2025-12-06T06:30:12.722159Z[0m [32m INFO[0m [2mconvenient_bitbake::build_orchestrator[0m[2m:[0m Resolved 4 file:// URIs for texinfo
[2m2025-12-06T06:30:12.811485Z[0m [32m INFO[0m [2mconvenient_bitbake::build_orchestrator[0m[2m:[0m Resolved 3 file:// URIs for lzo
[2m2025-12-06T06:30:12.862550Z[0m [32m INFO[0m [2mconvenient_bitbake::build_orchestrator[0m[2m:[0m   Progress: 5621/15938 tasks (35.3%)
[2m2025-12-06T06:30:13.055549Z[0m [32m INFO[0m [2mconvenient_bitbake::build_orchestrator[0m[2m:[0m Resolved 5 file:// URIs for pulseaudio
[2m2025-12-06T06:30:13.122173Z[0m [32m INFO[0m [2mconvenient_bitbake::build_orchestrator[0m[2m:[0m Resolved 2 file:// URIs for libgpg-error
[2m2025-12-06T06:30:13.633377Z[0m [32m INFO[0m [2mconvenient_bitbake::build_orchestrator[0m[2m:[0m Resolved 27 file:// URIs for openssh
[2m2025-12-06T06:30:13.837813Z[0m [32m INFO[0m [2mconvenient_bitbake::build_orchestrator[0m[2m:[0m Resolved 3 file:// URIs for libaio
[2m2025-12-06T06:30:14.393068Z[0m [32m INFO[0m [2mconvenient_bitbake::build_orchestrator[0m[2m:[0m Resolved 1 file:// URIs for matchbox-session
[2m2025-12-06T06:30:14.408968Z[0m [32m INFO[0m [2mconvenient_bitbake::build_orchestrator[0m[2m:[0m Resolved 19 file:// URIs for systemd
[2m2025-12-06T06:30:14.661365Z[0m [32m INFO[0m [2mconvenient_bitbake::build_orchestrator[0m[2m:[0m Resolved 7 file:// URIs for screen
[2m2025-12-06T06:30:14.787533Z[0m [32m INFO[0m [2mconvenient_bitbake::build_orchestrator[0m[2m:[0m Resolved 20 file:// URIs for libarchive
[2m2025-12-06T06:30:14.865402Z[0m [32m INFO[0m [2mconvenient_bitbake::build_orchestrator[0m[2m:[0m   Progress: 5842/15938 tasks (36.7%)
[2m2025-12-06T06:30:14.901757Z[0m [32m INFO[0m [2mconvenient_bitbake::build_orchestrator[0m[2m:[0m Resolved 7 file:// URIs for expect
[2m2025-12-06T06:30:15.166276Z[0m [32m INFO[0m [2mconvenient_bitbake::build_orchestrator[0m[2m:[0m Resolved 3 file:// URIs for distcc
[2m2025-12-06T06:30:15.419052Z[0m [32m INFO[0m [2mconvenient_bitbake::build_orchestrator[0m[2m:[0m Resolved 1 file:// URIs for pong-clock
[2m2025-12-06T06:30:15.428002Z[0m [32m INFO[0m [2mconvenient_bitbake::build_orchestrator[0m[2m:[0m Resolved 2 file:// URIs for ghostscript
[2m2025-12-06T06:30:15.458082Z[0m [32m INFO[0m [2mconvenient_bitbake::build_orchestrator[0m[2m:[0m Resolved 1 file:// URIs for gnome-desktop-testing
[2m2025-12-06T06:30:15.936866Z[0m [32m INFO[0m [2mconvenient_bitbake::build_orchestrator[0m[2m:[0m Resolved 116 file:// URIs for qemu-native
[2m2025-12-06T06:30:16.126521Z[0m [32m INFO[0m [2mconvenient_bitbake::build_orchestrator[0m[2m:[0m   Progress: 6000/15938 tasks (37.6%)
[2m2025-12-06T06:30:16.221036Z[0m [32m INFO[0m [2mconvenient_bitbake::build_orchestrator[0m[2m:[0m Resolved 2 file:// URIs for diffstat
[2m2025-12-06T06:30:16.269915Z[0m [32m INFO[0m [2mconvenient_bitbake::build_orchestrator[0m[2m:[0m Resolved 57 file:// URIs for curl
[2m2025-12-06T06:30:16.563034Z[0m [32m INFO[0m [2mconvenient_bitbake::build_orchestrator[0m[2m:[0m Resolved 3 file:// URIs for libxcrypt
[2m2025-12-06T06:30:16.872971Z[0m [32m INFO[0m [2mconvenient_bitbake::build_orchestrator[0m[2m:[0m   Progress: 6088/15938 tasks (38.2%)
[2m2025-12-06T06:30:17.434571Z[0m [32m INFO[0m [2mconvenient_bitbake::build_orchestrator[0m[2m:[0m Resolved 2 file:// URIs for formfactor
[2m2025-12-06T06:30:17.460960Z[0m [32m INFO[0m [2mconvenient_bitbake::build_orchestrator[0m[2m:[0m Resolved 12 file:// URIs for dropbear
[2m2025-12-06T06:30:17.768028Z[0m [32m INFO[0m [2mconvenient_bitbake::build_orchestrator[0m[2m:[0m Resolved 2 file:// URIs for matchbox-keyboard
[2m2025-12-06T06:30:17.941749Z[0m [32m INFO[0m [2mconvenient_bitbake::build_orchestrator[0m[2m:[0m Resolved 15 file:// URIs for rpm
[2m2025-12-06T06:30:17.991692Z[0m [32m INFO[0m [2mconvenient_bitbake::build_orchestrator[0m[2m:[0m Resolved 1 file:// URIs for builder
[2m2025-12-06T06:30:18.129321Z[0m [32m INFO[0m [2mconvenient_bitbake::build_orchestrator[0m[2m:[0m Resolved 1 file:// URIs for menu-cache
[2m2025-12-06T06:30:18.565556Z[0m [32m INFO[0m [2mconvenient_bitbake::build_orchestrator[0m[2m:[0m Resolved 1 file:// URIs for attr
[2m2025-12-06T06:30:18.877461Z[0m [32m INFO[0m [2mconvenient_bitbake::build_orchestrator[0m[2m:[0m   Progress: 6325/15938 tasks (39.7%)
[2m2025-12-06T06:30:19.431641Z[0m [32m INFO[0m [2mconvenient_bitbake::build_orchestrator[0m[2m:[0m Resolved 6 file:// URIs for db
[2m2025-12-06T06:30:19.674168Z[0m [32m INFO[0m [2mconvenient_bitbake::build_orchestrator[0m[2m:[0m Resolved 2 file:// URIs for formfactor
[2m2025-12-06T06:30:19.803678Z[0m [32m INFO[0m [2mconvenient_bitbake::build_orchestrator[0m[2m:[0m Resolved 4 file:// URIs for m4
[2m2025-12-06T06:30:20.244994Z[0m [32m INFO[0m [2mconvenient_bitbake::build_orchestrator[0m[2m:[0m Resolved 3 file:// URIs for libaio
[2m2025-12-06T06:30:20.695183Z[0m [32m INFO[0m [2mconvenient_bitbake::build_orchestrator[0m[2m:[0m Resolved 1 file:// URIs for lzop
[2m2025-12-06T06:30:20.885371Z[0m [32m INFO[0m [2mconvenient_bitbake::build_orchestrator[0m[2m:[0m   Progress: 6551/15938 tasks (41.1%)
[2m2025-12-06T06:30:21.025634Z[0m [32m INFO[0m [2mconvenient_bitbake::build_orchestrator[0m[2m:[0m Resolved 19 file:// URIs for systemd
[2m2025-12-06T06:30:21.188315Z[0m [32m INFO[0m [2mconvenient_bitbake::build_orchestrator[0m[2m:[0m Resolved 8 file:// URIs for dhcpcd
[2m2025-12-06T06:30:21.435520Z[0m [32m INFO[0m [2mconvenient_bitbake::build_orchestrator[0m[2m:[0m Resolved 3 file:// URIs for parted
[2m2025-12-06T06:30:21.554688Z[0m [32m INFO[0m [2mconvenient_bitbake::build_orchestrator[0m[2m:[0m Resolved 13 file:// URIs for base-files
[2m2025-12-06T06:30:21.828237Z[0m [32m INFO[0m [2mconvenient_bitbake::build_orchestrator[0m[2m:[0m Resolved 3 file:// URIs for kmod
[2m2025-12-06T06:30:21.867596Z[0m [32m INFO[0m [2mconvenient_bitbake::build_orchestrator[0m[2m:[0m Resolved 18 file:// URIs for gnutls
[2m2025-12-06T06:30:21.899765Z[0m [32m INFO[0m [2mconvenient_bitbake::build_orchestrator[0m[2m:[0m Resolved 3 file:// URIs for dbus
[2m2025-12-06T06:30:22.200535Z[0m [32m INFO[0m [2mconvenient_bitbake::build_orchestrator[0m[2m:[0m Resolved 8 file:// URIs for coreutils
[2m2025-12-06T06:30:22.287428Z[0m [32m INFO[0m [2mconvenient_bitbake::build_orchestrator[0m[2m:[0m Resolved 1 file:// URIs for taglib
[2m2025-12-06T06:30:22.367975Z[0m [32m INFO[0m [2mconvenient_bitbake::build_orchestrator[0m[2m:[0m Resolved 5 file:// URIs for nghttp2
[2m2025-12-06T06:30:22.616632Z[0m [32m INFO[0m [2mconvenient_bitbake::build_orchestrator[0m[2m:[0m Resolved 4 file:// URIs for harfbuzz
[2m2025-12-06T06:30:22.881022Z[0m [32m INFO[0m [2mconvenient_bitbake::build_orchestrator[0m[2m:[0m Resolved 2 file:// URIs for consolekit
[2m2025-12-06T06:30:22.888262Z[0m [32m INFO[0m [2mconvenient_bitbake::build_orchestrator[0m[2m:[0m   Progress: 6765/15938 tasks (42.4%)
[2m2025-12-06T06:30:23.988831Z[0m [32m INFO[0m [2mconvenient_bitbake::build_orchestrator[0m[2m:[0m Resolved 3 file:// URIs for bzip2
[2m2025-12-06T06:30:24.521634Z[0m [32m INFO[0m [2mconvenient_bitbake::build_orchestrator[0m[2m:[0m Resolved 21 file:// URIs for expat
[2m2025-12-06T06:30:24.675063Z[0m [32m INFO[0m [2mconvenient_bitbake::build_orchestrator[0m[2m:[0m Resolved 5 file:// URIs for libgcrypt
[2m2025-12-06T06:30:24.851045Z[0m [32m INFO[0m [2mconvenient_bitbake::build_orchestrator[0m[2m:[0m Resolved 18 file:// URIs for gnutls
[2m2025-12-06T06:30:24.892091Z[0m [32m INFO[0m [2mconvenient_bitbake::build_orchestrator[0m[2m:[0m   Progress: 6982/15938 tasks (43.8%)
[2m2025-12-06T06:30:25.262778Z[0m [32m INFO[0m [2mconvenient_bitbake::build_orchestrator[0m[2m:[0m Resolved 5 file:// URIs for icu
[2m2025-12-06T06:30:25.459852Z[0m [32m INFO[0m [2mconvenient_bitbake::build_orchestrator[0m[2m:[0m Resolved 1 file:// URIs for bison
[2m2025-12-06T06:30:25.533826Z[0m [32m INFO[0m [2mconvenient_bitbake::build_orchestrator[0m[2m:[0m Resolved 2 file:// URIs for popt
[2m2025-12-06T06:30:25.831834Z[0m [32m INFO[0m [2mconvenient_bitbake::build_orchestrator[0m[2m:[0m Resolved 12 file:// URIs for shadow
[2m2025-12-06T06:30:26.044161Z[0m [32m INFO[0m [2mconvenient_bitbake::build_orchestrator[0m[2m:[0m Resolved 1 file:// URIs for aspell
[2m2025-12-06T06:30:26.202905Z[0m [32m INFO[0m [2mconvenient_bitbake::build_orchestrator[0m[2m:[0m Resolved 3 file:// URIs for wget
[2m2025-12-06T06:30:26.614518Z[0m [32m INFO[0m [2mconvenient_bitbake::build_orchestrator[0m[2m:[0m Resolved 2 file:// URIs for quota
[2m2025-12-06T06:30:26.895326Z[0m [32m INFO[0m [2mconvenient_bitbake::build_orchestrator[0m[2m:[0m   Progress: 7208/15938 tasks (45.2%)
[2m2025-12-06T06:30:27.130086Z[0m [32m INFO[0m [2mconvenient_bitbake::build_orchestrator[0m[2m:[0m Resolved 5 file:// URIs for sysstat
[2m2025-12-06T06:30:27.580115Z[0m [32m INFO[0m [2mconvenient_bitbake::build_orchestrator[0m[2m:[0m Resolved 21 file:// URIs for expat
[2m2025-12-06T06:30:27.898515Z[0m [32m INFO[0m [2mconvenient_bitbake::build_orchestrator[0m[2m:[0m Resolved 9 file:// URIs for base-passwd
[2m2025-12-06T06:30:28.650764Z[0m [32m INFO[0m [2mconvenient_bitbake::build_orchestrator[0m[2m:[0m Resolved 13 file:// URIs for gdb-cross
[2m2025-12-06T06:30:28.760906Z[0m [32m INFO[0m [2mconvenient_bitbake::build_orchestrator[0m[2m:[0m Resolved 1 file:// URIs for btrfs-tools
[2m2025-12-06T06:30:28.806523Z[0m [32m INFO[0m [2mconvenient_bitbake::build_orchestrator[0m[2m:[0m Resolved 3 file:// URIs for rt-tests
[2m2025-12-06T06:30:28.848596Z[0m [32m INFO[0m [2mconvenient_bitbake::build_orchestrator[0m[2m:[0m Resolved 2 file:// URIs for libpcre
[2m2025-12-06T06:30:28.875283Z[0m [32m INFO[0m [2mconvenient_bitbake::build_orchestrator[0m[2m:[0m Resolved 7 file:// URIs for boost
[2m2025-12-06T06:30:28.901126Z[0m [32m INFO[0m [2mconvenient_bitbake::build_orchestrator[0m[2m:[0m   Progress: 7431/15938 tasks (46.6%)
[2m2025-12-06T06:30:28.932157Z[0m [32m INFO[0m [2mconvenient_bitbake::build_orchestrator[0m[2m:[0m Resolved 3 file:// URIs for rxvt-unicode
[2m2025-12-06T06:30:29.160118Z[0m [32m INFO[0m [2mconvenient_bitbake::build_orchestrator[0m[2m:[0m Resolved 10 file:// URIs for sysvinit
[2m2025-12-06T06:30:29.672407Z[0m [32m INFO[0m [2mconvenient_bitbake::build_orchestrator[0m[2m:[0m Resolved 6 file:// URIs for libevent
[2m2025-12-06T06:30:30.080935Z[0m [32m INFO[0m [2mconvenient_bitbake::build_orchestrator[0m[2m:[0m Resolved 66 file:// URIs for binutils-crosssdk
[2m2025-12-06T06:30:30.180527Z[0m [32m INFO[0m [2mconvenient_bitbake::build_orchestrator[0m[2m:[0m Resolved 3 file:// URIs for iputils
[2m2025-12-06T06:30:30.207469Z[0m [32m INFO[0m [2mconvenient_bitbake::build_orchestrator[0m[2m:[0m Resolved 1 file:// URIs for libtirpc
[2m2025-12-06T06:30:30.235946Z[0m [32m INFO[0m [2mconvenient_bitbake::build_orchestrator[0m[2m:[0m Resolved 2 file:// URIs for matchbox-keyboard
[2m2025-12-06T06:30:30.601894Z[0m [32m INFO[0m [2mconvenient_bitbake::build_orchestrator[0m[2m:[0m Resolved 5 file:// URIs for ltp
[2m2025-12-06T06:30:30.809357Z[0m [32m INFO[0m [2mconvenient_bitbake::build_orchestrator[0m[2m:[0m Resolved 2 file:// URIs for matchbox-wm
[2m2025-12-06T06:30:30.905976Z[0m [32m INFO[0m [2mconvenient_bitbake::build_orchestrator[0m[2m:[0m   Progress: 7643/15938 tasks (48.0%)
[2m2025-12-06T06:30:31.830724Z[0m [32m INFO[0m [2mconvenient_bitbake::build_orchestrator[0m[2m:[0m Resolved 46 file:// URIs for grub
[2m2025-12-06T06:30:32.156801Z[0m [32m INFO[0m [2mconvenient_bitbake::build_orchestrator[0m[2m:[0m Resolved 7 file:// URIs for expect
[2m2025-12-06T06:30:32.174403Z[0m [32m INFO[0m [2mconvenient_bitbake::build_orchestrator[0m[2m:[0m Resolved 1 file:// URIs for hdparm
[2m2025-12-06T06:30:32.427381Z[0m [32m INFO[0m [2mconvenient_bitbake::build_orchestrator[0m[2m:[0m Resolved 11 file:// URIs for connman
[2m2025-12-06T06:30:32.491886Z[0m [32m INFO[0m [2mconvenient_bitbake::build_orchestrator[0m[2m:[0m Resolved 6 file:// URIs for make
[2m2025-12-06T06:30:32.558403Z[0m [32m INFO[0m [2mconvenient_bitbake::build_orchestrator[0m[2m:[0m Resolved 2 file:// URIs for libfm
[2m2025-12-06T06:30:32.643822Z[0m [32m INFO[0m [2mconvenient_bitbake::build_orchestrator[0m[2m:[0m Resolved 116 file:// URIs for qemu-system-native
[2m2025-12-06T06:30:32.851899Z[0m [32m INFO[0m [2mconvenient_bitbake::build_orchestrator[0m[2m:[0m Resolved 1 file:// URIs for libptytty
[2m2025-12-06T06:30:32.911532Z[0m [32m INFO[0m [2mconvenient_bitbake::build_orchestrator[0m[2m:[0m   Progress: 7866/15938 tasks (49.4%)
[2m2025-12-06T06:30:33.087635Z[0m [32m INFO[0m [2mconvenient_bitbake::build_orchestrator[0m[2m:[0m Resolved 6 file:// URIs for mesa
[2m2025-12-06T06:30:33.116264Z[0m [32m INFO[0m [2mconvenient_bitbake::build_orchestrator[0m[2m:[0m Resolved 1 file:// URIs for mpg123
[2m2025-12-06T06:30:33.155913Z[0m [32m INFO[0m [2mconvenient_bitbake::build_orchestrator[0m[2m:[0m Resolved 2 file:// URIs for waffle
[2m2025-12-06T06:30:33.170957Z[0m [32m INFO[0m [2mconvenient_bitbake::build_orchestrator[0m[2m:[0m Resolved 7 file:// URIs for dnf
[2m2025-12-06T06:30:33.222831Z[0m [32m INFO[0m [2mconvenient_bitbake::build_orchestrator[0m[2m:[0m Resolved 5 file:// URIs for pkgconfig
[2m2025-12-06T06:30:33.351526Z[0m [32m INFO[0m [2mconvenient_bitbake::build_orchestrator[0m[2m:[0m Resolved 3 file:// URIs for mtools
[2m2025-12-06T06:30:33.856983Z[0m [32m INFO[0m [2mconvenient_bitbake::build_orchestrator[0m[2m:[0m Resolved 116 file:// URIs for qemu-native
[2m2025-12-06T06:30:34.004500Z[0m [32m INFO[0m [2mconvenient_bitbake::build_orchestrator[0m[2m:[0m Resolved 2 file:// URIs for powertop
[2m2025-12-06T06:30:34.318832Z[0m [32m INFO[0m [2mconvenient_bitbake::build_orchestrator[0m[2m:[0m Resolved 6 file:// URIs for ifupdown
[2m2025-12-06T06:30:34.362292Z[0m [32m INFO[0m [2mconvenient_bitbake::build_orchestrator[0m[2m:[0m Resolved 3 file:// URIs for v86d
[2m2025-12-06T06:30:34.915737Z[0m [32m INFO[0m [2mconvenient_bitbake::build_orchestrator[0m[2m:[0m   Progress: 8081/15938 tasks (50.7%)
[2m2025-12-06T06:30:35.189679Z[0m [32m INFO[0m [2mconvenient_bitbake::build_orchestrator[0m[2m:[0m Resolved 3 file:// URIs for libxcrypt
[2m2025-12-06T06:30:35.321417Z[0m [32m INFO[0m [2mconvenient_bitbake::build_orchestrator[0m[2m:[0m Resolved 57 file:// URIs for curl
[2m2025-12-06T06:30:35.395429Z[0m [32m INFO[0m [2mconvenient_bitbake::build_orchestrator[0m[2m:[0m Resolved 3 file:// URIs for tcf-agent
[2m2025-12-06T06:30:35.735994Z[0m [32m INFO[0m [2mconvenient_bitbake::build_orchestrator[0m[2m:[0m Resolved 15 file:// URIs for rpm
[2m2025-12-06T06:30:35.976773Z[0m [32m INFO[0m [2mconvenient_bitbake::build_orchestrator[0m[2m:[0m Resolved 7 file:// URIs for ncurses
[2m2025-12-06T06:30:36.078237Z[0m [32m INFO[0m [2mconvenient_bitbake::build_orchestrator[0m[2m:[0m Resolved 2 file:// URIs for usbinit
[2m2025-12-06T06:30:36.609322Z[0m [32m INFO[0m [2mconvenient_bitbake::build_orchestrator[0m[2m:[0m Resolved 7 file:// URIs for iptables
[2m2025-12-06T06:30:36.718624Z[0m [32m INFO[0m [2mconvenient_bitbake::build_orchestrator[0m[2m:[0m Resolved 2 file:// URIs for libnl
[2m2025-12-06T06:30:36.870608Z[0m [32m INFO[0m [2mconvenient_bitbake::build_orchestrator[0m[2m:[0m Resolved 11 file:// URIs for unfs3
[2m2025-12-06T06:30:36.918867Z[0m [32m INFO[0m [2mconvenient_bitbake::build_orchestrator[0m[2m:[0m Resolved 5 file:// URIs for gtk-doc
[2m2025-12-06T06:30:36.919595Z[0m [32m INFO[0m [2mconvenient_bitbake::build_orchestrator[0m[2m:[0m   Progress: 8300/15938 tasks (52.1%)
[2m2025-12-06T06:30:37.156426Z[0m [32m INFO[0m [2mconvenient_bitbake::build_orchestrator[0m[2m:[0m Resolved 2 file:// URIs for diffstat
[2m2025-12-06T06:30:37.682288Z[0m [32m INFO[0m [2mconvenient_bitbake::build_orchestrator[0m[2m:[0m Resolved 1 file:// URIs for liba52
[2m2025-12-06T06:30:37.783358Z[0m [32m INFO[0m [2mconvenient_bitbake::build_orchestrator[0m[2m:[0m Resolved 44 file:// URIs for xwayland
[2m2025-12-06T06:30:37.800980Z[0m [32m INFO[0m [2mconvenient_bitbake::build_orchestrator[0m[2m:[0m Resolved 3 file:// URIs for bzip2
[2m2025-12-06T06:30:38.245202Z[0m [32m INFO[0m [2mconvenient_bitbake::build_orchestrator[0m[2m:[0m Resolved 1 file:// URIs for ccache
[2m2025-12-06T06:30:38.374816Z[0m [32m INFO[0m [2mconvenient_bitbake::build_orchestrator[0m[2m:[0m Resolved 4 file:// URIs for nettle
[2m2025-12-06T06:30:38.552078Z[0m [32m INFO[0m [2mconvenient_bitbake::build_orchestrator[0m[2m:[0m Resolved 5 file:// URIs for piglit
[2m2025-12-06T06:30:38.833903Z[0m [32m INFO[0m [2mconvenient_bitbake::build_orchestrator[0m[2m:[0m Resolved 6 file:// URIs for automake
[2m2025-12-06T06:30:38.920246Z[0m [32m INFO[0m [2mconvenient_bitbake::build_orchestrator[0m[2m:[0m   Progress: 8538/15938 tasks (53.6%)
[2m2025-12-06T06:30:39.072870Z[0m [32m INFO[0m [2mconvenient_bitbake::build_orchestrator[0m[2m:[0m Resolved 9 file:// URIs for kea
[2m2025-12-06T06:30:39.297256Z[0m [32m INFO[0m [2mconvenient_bitbake::build_orchestrator[0m[2m:[0m Resolved 1 file:// URIs for grep
[2m2025-12-06T06:30:39.447187Z[0m [32m INFO[0m [2mconvenient_bitbake::build_orchestrator[0m[2m:[0m Resolved 13 file:// URIs for gdb-cross-canadian
[2m2025-12-06T06:30:39.483454Z[0m [32m INFO[0m [2mconvenient_bitbake::build_orchestrator[0m[2m:[0m Resolved 27 file:// URIs for openssh
[2m2025-12-06T06:30:39.977231Z[0m [32m INFO[0m [2mconvenient_bitbake::build_orchestrator[0m[2m:[0m Resolved 1 file:// URIs for gnome-desktop-testing
[2m2025-12-06T06:30:40.130079Z[0m [32m INFO[0m [2mconvenient_bitbake::build_orchestrator[0m[2m:[0m Resolved 14 file:// URIs for util-linux
[2m2025-12-06T06:30:40.751628Z[0m [32m INFO[0m [2mconvenient_bitbake::build_orchestrator[0m[2m:[0m Resolved 1 file:// URIs for hdparm
[2m2025-12-06T06:30:40.799018Z[0m [32m INFO[0m [2mconvenient_bitbake::build_orchestrator[0m[2m:[0m Resolved 3 file:// URIs for libffi
[2m2025-12-06T06:30:40.926064Z[0m [32m INFO[0m [2mconvenient_bitbake::build_orchestrator[0m[2m:[0m   Progress: 8749/15938 tasks (54.9%)
[2m2025-12-06T06:30:41.118199Z[0m [32m INFO[0m [2mconvenient_bitbake::build_orchestrator[0m[2m:[0m Resolved 1 file:// URIs for findutils
[2m2025-12-06T06:30:41.159360Z[0m [32m INFO[0m [2mconvenient_bitbake::build_orchestrator[0m[2m:[0m Resolved 1 file:// URIs for cpio
[2m2025-12-06T06:30:41.323815Z[0m [32m INFO[0m [2mconvenient_bitbake::build_orchestrator[0m[2m:[0m Resolved 1 file:// URIs for libksba
[2m2025-12-06T06:30:41.358248Z[0m [32m INFO[0m [2mconvenient_bitbake::build_orchestrator[0m[2m:[0m Resolved 10 file:// URIs for gnupg
[2m2025-12-06T06:30:41.832888Z[0m [32m INFO[0m [2mconvenient_bitbake::build_orchestrator[0m[2m:[0m Resolved 3 file:// URIs for bootchart2
[2m2025-12-06T06:30:42.164753Z[0m [32m INFO[0m [2mconvenient_bitbake::build_orchestrator[0m[2m:[0m Resolved 1 file:// URIs for lame
[2m2025-12-06T06:30:42.476018Z[0m [32m INFO[0m [2mconvenient_bitbake::build_orchestrator[0m[2m:[0m Resolved 1 file:// URIs for glslang
[2m2025-12-06T06:30:42.557285Z[0m [32m INFO[0m [2mconvenient_bitbake::build_orchestrator[0m[2m:[0m Resolved 3 file:// URIs for cronie
[2m2025-12-06T06:30:42.927270Z[0m [32m INFO[0m [2mconvenient_bitbake::build_orchestrator[0m[2m:[0m Resolved 66 file:// URIs for binutils-crosssdk
[2m2025-12-06T06:30:42.927838Z[0m [32m INFO[0m [2mconvenient_bitbake::build_orchestrator[0m[2m:[0m   Progress: 8986/15938 tasks (56.4%)
[2m2025-12-06T06:30:42.997657Z[0m [32m INFO[0m [2mconvenient_bitbake::build_orchestrator[0m[2m:[0m Resolved 1 file:// URIs for shutdown-desktop
[2m2025-12-06T06:30:43.030733Z[0m [32m INFO[0m [2mconvenient_bitbake::build_orchestrator[0m[2m:[0m   Progress: 9000/15938 tasks (56.5%)
[2m2025-12-06T06:30:43.916237Z[0m [32m INFO[0m [2mconvenient_bitbake::build_orchestrator[0m[2m:[0m Resolved 6 file:// URIs for libcap
[2m2025-12-06T06:30:44.002545Z[0m [32m INFO[0m [2mconvenient_bitbake::build_orchestrator[0m[2m:[0m Resolved 6 file:// URIs for dmidecode
[2m2025-12-06T06:30:44.057019Z[0m [32m INFO[0m [2mconvenient_bitbake::build_orchestrator[0m[2m:[0m Resolved 17 file:// URIs for avahi
[2m2025-12-06T06:30:44.225801Z[0m [32m INFO[0m [2mconvenient_bitbake::build_orchestrator[0m[2m:[0m Resolved 3 file:// URIs for glew
[2m2025-12-06T06:30:44.269008Z[0m [32m INFO[0m [2mconvenient_bitbake::build_orchestrator[0m[2m:[0m Resolved 2 file:// URIs for popt
[2m2025-12-06T06:30:44.831983Z[0m [32m INFO[0m [2mconvenient_bitbake::build_orchestrator[0m[2m:[0m Resolved 2 file:// URIs for x264
[2m2025-12-06T06:30:44.959403Z[0m [32m INFO[0m [2mconvenient_bitbake::build_orchestrator[0m[2m:[0m Resolved 64 file:// URIs for binutils-cross-canadian
[2m2025-12-06T06:30:44.959884Z[0m [32m INFO[0m [2mconvenient_bitbake::build_orchestrator[0m[2m:[0m   Progress: 9200/15938 tasks (57.7%)
[2m2025-12-06T06:30:45.049021Z[0m [32m INFO[0m [2mconvenient_bitbake::build_orchestrator[0m[2m:[0m Resolved 8 file:// URIs for llvm
[2m2025-12-06T06:30:45.454404Z[0m [32m INFO[0m [2mconvenient_bitbake::build_orchestrator[0m[2m:[0m Resolved 1 file:// URIs for dtc
[2m2025-12-06T06:30:45.566509Z[0m [32m INFO[0m [2mconvenient_bitbake::build_orchestrator[0m[2m:[0m Resolved 5 file:// URIs for nasm
[2m2025-12-06T06:30:46.273823Z[0m [32m INFO[0m [2mconvenient_bitbake::build_orchestrator[0m[2m:[0m Resolved 1 file:// URIs for gperf
[2m2025-12-06T06:30:46.579469Z[0m [32m INFO[0m [2mconvenient_bitbake::build_orchestrator[0m[2m:[0m Resolved 3 file:// URIs for man-db
[2m2025-12-06T06:30:46.827987Z[0m [32m INFO[0m [2mconvenient_bitbake::build_orchestrator[0m[2m:[0m Resolved 8 file:// URIs for quilt
[2m2025-12-06T06:30:46.960433Z[0m [32m INFO[0m [2mconvenient_bitbake::build_orchestrator[0m[2m:[0m   Progress: 9416/15938 tasks (59.1%)
[2m2025-12-06T06:30:47.379187Z[0m [32m INFO[0m [2mconvenient_bitbake::build_orchestrator[0m[2m:[0m Resolved 5 file:// URIs for ca-certificates
[2m2025-12-06T06:30:47.812243Z[0m [32m INFO[0m [2mconvenient_bitbake::build_orchestrator[0m[2m:[0m Resolved 1 file:// URIs for libcap-ng
[2m2025-12-06T06:30:47.840384Z[0m [32m INFO[0m [2mconvenient_bitbake::build_orchestrator[0m[2m:[0m Resolved 1 file:// URIs for matchbox-config-gtk
[2m2025-12-06T06:30:48.021350Z[0m [32m INFO[0m [2mconvenient_bitbake::build_orchestrator[0m[2m:[0m Resolved 3 file:// URIs for tcf-agent
[2m2025-12-06T06:30:48.420627Z[0m [32m INFO[0m [2mconvenient_bitbake::build_orchestrator[0m[2m:[0m Resolved 5 file:// URIs for nghttp2
[2m2025-12-06T06:30:48.718735Z[0m [32m INFO[0m [2mconvenient_bitbake::build_orchestrator[0m[2m:[0m Resolved 1 file:// URIs for json-glib
[2m2025-12-06T06:30:48.797397Z[0m [32m INFO[0m [2mconvenient_bitbake::build_orchestrator[0m[2m:[0m Resolved 6 file:// URIs for dmidecode
[2m2025-12-06T06:30:48.807801Z[0m [32m INFO[0m [2mconvenient_bitbake::build_orchestrator[0m[2m:[0m Resolved 2 file:// URIs for zstd
[2m2025-12-06T06:30:48.821692Z[0m [32m INFO[0m [2mconvenient_bitbake::build_orchestrator[0m[2m:[0m Resolved 10 file:// URIs for apt
[2m2025-12-06T06:30:48.961005Z[0m [32m INFO[0m [2mconvenient_bitbake::build_orchestrator[0m[2m:[0m   Progress: 9641/15938 tasks (60.5%)
[2m2025-12-06T06:30:49.108289Z[0m [32m INFO[0m [2mconvenient_bitbake::build_orchestrator[0m[2m:[0m Resolved 1 file:// URIs for libcroco
[2m2025-12-06T06:30:49.345196Z[0m [32m INFO[0m [2mconvenient_bitbake::build_orchestrator[0m[2m:[0m Resolved 8 file:// URIs for quilt
[2m2025-12-06T06:30:49.356400Z[0m [32m INFO[0m [2mconvenient_bitbake::build_orchestrator[0m[2m:[0m Resolved 1 file:// URIs for shared-mime-info
[2m2025-12-06T06:30:49.551052Z[0m [32m INFO[0m [2mconvenient_bitbake::build_orchestrator[0m[2m:[0m Resolved 6 file:// URIs for mesa
[2m2025-12-06T06:30:49.583478Z[0m [32m INFO[0m [2mconvenient_bitbake::build_orchestrator[0m[2m:[0m Resolved 30 file:// URIs for ffmpeg
[2m2025-12-06T06:30:49.857303Z[0m [32m INFO[0m [2mconvenient_bitbake::build_orchestrator[0m[2m:[0m Resolved 2 file:// URIs for settings-daemon
[2m2025-12-06T06:30:50.414190Z[0m [32m INFO[0m [2mconvenient_bitbake::build_orchestrator[0m[2m:[0m Resolved 4 file:// URIs for texinfo
[2m2025-12-06T06:30:50.431857Z[0m [32m INFO[0m [2mconvenient_bitbake::build_orchestrator[0m[2m:[0m Resolved 3 file:// URIs for lighttpd
[2m2025-12-06T06:30:50.708348Z[0m [32m INFO[0m [2mconvenient_bitbake::build_orchestrator[0m[2m:[0m Resolved 1 file:// URIs for libdaemon
[2m2025-12-06T06:30:50.966045Z[0m [32m INFO[0m [2mconvenient_bitbake::build_orchestrator[0m[2m:[0m   Progress: 9862/15938 tasks (61.9%)
[2m2025-12-06T06:30:51.394671Z[0m [32m INFO[0m [2mconvenient_bitbake::build_orchestrator[0m[2m:[0m Resolved 1 file:// URIs for libksba
[2m2025-12-06T06:30:51.647899Z[0m [32m INFO[0m [2mconvenient_bitbake::build_orchestrator[0m[2m:[0m Resolved 3 file:// URIs for rng-tools
[2m2025-12-06T06:30:51.661121Z[0m [32m INFO[0m [2mconvenient_bitbake::build_orchestrator[0m[2m:[0m Resolved 8 file:// URIs for autoconf
[2m2025-12-06T06:30:51.954121Z[0m [32m INFO[0m [2mconvenient_bitbake::build_orchestrator[0m[2m:[0m Resolved 13 file:// URIs for base-files
[2m2025-12-06T06:30:52.097278Z[0m [32m INFO[0m [2mconvenient_bitbake::build_orchestrator[0m[2m:[0m Resolved 21 file:// URIs for git
[2m2025-12-06T06:30:52.615389Z[0m [32m INFO[0m [2mconvenient_bitbake::build_orchestrator[0m[2m:[0m Resolved 18 file:// URIs for elfutils
[2m2025-12-06T06:30:52.679794Z[0m [32m INFO[0m [2mconvenient_bitbake::build_orchestrator[0m[2m:[0m Resolved 1 file:// URIs for lsof
[2m2025-12-06T06:30:52.793159Z[0m [32m INFO[0m [2mconvenient_bitbake::build_orchestrator[0m[2m:[0m Resolved 5 file:// URIs for pkgconfig
[2m2025-12-06T06:30:52.802519Z[0m [32m INFO[0m [2mconvenient_bitbake::build_orchestrator[0m[2m:[0m Resolved 1 file:// URIs for libtirpc
[2m2025-12-06T06:30:52.970382Z[0m [32m INFO[0m [2mconvenient_bitbake::build_orchestrator[0m[2m:[0m   Progress: 10091/15938 tasks (63.3%)
[2m2025-12-06T06:30:53.757188Z[0m [32m INFO[0m [2mconvenient_bitbake::build_orchestrator[0m[2m:[0m Resolved 7 file:// URIs for bluez5
[2m2025-12-06T06:30:53.788779Z[0m [32m INFO[0m [2mconvenient_bitbake::build_orchestrator[0m[2m:[0m Resolved 9 file:// URIs for strace
[2m2025-12-06T06:30:53.819324Z[0m [32m INFO[0m [2mconvenient_bitbake::build_orchestrator[0m[2m:[0m Resolved 3 file:// URIs for rxvt-unicode
[2m2025-12-06T06:30:54.189613Z[0m [32m INFO[0m [2mconvenient_bitbake::build_orchestrator[0m[2m:[0m Resolved 1 file:// URIs for libcroco
[2m2025-12-06T06:30:54.404097Z[0m [32m INFO[0m [2mconvenient_bitbake::build_orchestrator[0m[2m:[0m Resolved 3 file:// URIs for vim
[2m2025-12-06T06:30:54.465525Z[0m [32m INFO[0m [2mconvenient_bitbake::build_orchestrator[0m[2m:[0m Resolved 1 file:// URIs for dwarfsrcfiles
[2m2025-12-06T06:30:54.587125Z[0m [32m INFO[0m [2mconvenient_bitbake::build_orchestrator[0m[2m:[0m Resolved 1 file:// URIs for modutils-initscripts
[2m2025-12-06T06:30:54.693944Z[0m [32m INFO[0m [2mconvenient_bitbake::build_orchestrator[0m[2m:[0m Resolved 1 file:// URIs for libhandy
[2m2025-12-06T06:30:54.977264Z[0m [32m INFO[0m [2mconvenient_bitbake::build_orchestrator[0m[2m:[0m Resolved 2 file:// URIs for npth
[2m2025-12-06T06:30:54.977685Z[0m [32m INFO[0m [2mconvenient_bitbake::build_orchestrator[0m[2m:[0m   Progress: 10326/15938 tasks (64.8%)
[2m2025-12-06T06:30:55.051448Z[0m [32m INFO[0m [2mconvenient_bitbake::build_orchestrator[0m[2m:[0m Resolved 12 file:// URIs for inetutils
[2m2025-12-06T06:30:55.426864Z[0m [32m INFO[0m [2mconvenient_bitbake::build_orchestrator[0m[2m:[0m Resolved 3 file:// URIs for run-postinsts
[2m2025-12-06T06:30:55.514604Z[0m [32m INFO[0m [2mconvenient_bitbake::build_orchestrator[0m[2m:[0m Resolved 18 file:// URIs for cups
[2m2025-12-06T06:30:56.142272Z[0m [32m INFO[0m [2mconvenient_bitbake::build_orchestrator[0m[2m:[0m Resolved 2 file:// URIs for gcr
[2m2025-12-06T06:30:56.513819Z[0m [32m INFO[0m [2mconvenient_bitbake::build_orchestrator[0m[2m:[0m Resolved 1 file:// URIs for file
[2m2025-12-06T06:30:56.562413Z[0m [32m INFO[0m [2mconvenient_bitbake::build_orchestrator[0m[2m:[0m Resolved 3 file:// URIs for bootchart2
[2m2025-12-06T06:30:56.589196Z[0m [32m INFO[0m [2mconvenient_bitbake::build_orchestrator[0m[2m:[0m Resolved 1 file:// URIs for socat
[2m2025-12-06T06:30:56.982836Z[0m [32m INFO[0m [2mconvenient_bitbake::build_orchestrator[0m[2m:[0m   Progress: 10536/15938 tasks (66.1%)
[2m2025-12-06T06:30:57.166010Z[0m [32m INFO[0m [2mconvenient_bitbake::build_orchestrator[0m[2m:[0m Resolved 53 file:// URIs for ruby
[2m2025-12-06T06:30:57.205692Z[0m [32m INFO[0m [2mconvenient_bitbake::build_orchestrator[0m[2m:[0m Resolved 4 file:// URIs for epiphany
[2m2025-12-06T06:30:57.299223Z[0m [32m INFO[0m [2mconvenient_bitbake::build_orchestrator[0m[2m:[0m Resolved 5 file:// URIs for icu
[2m2025-12-06T06:30:57.721474Z[0m [32m INFO[0m [2mconvenient_bitbake::build_orchestrator[0m[2m:[0m Resolved 15 file:// URIs for dpkg
[2m2025-12-06T06:30:58.230042Z[0m [32m INFO[0m [2mconvenient_bitbake::build_orchestrator[0m[2m:[0m Resolved 1 file:// URIs for file
[2m2025-12-06T06:30:58.290920Z[0m [32m INFO[0m [2mconvenient_bitbake::build_orchestrator[0m[2m:[0m Resolved 4 file:// URIs for readline
[2m2025-12-06T06:30:58.356737Z[0m [32m INFO[0m [2mconvenient_bitbake::build_orchestrator[0m[2m:[0m Resolved 1 file:// URIs for matchbox-panel-2
[2m2025-12-06T06:30:58.390456Z[0m [32m INFO[0m [2mconvenient_bitbake::build_orchestrator[0m[2m:[0m Resolved 20 file:// URIs for libarchive
[2m2025-12-06T06:30:58.499376Z[0m [32m INFO[0m [2mconvenient_bitbake::build_orchestrator[0m[2m:[0m Resolved 5 file:// URIs for net-tools
[2m2025-12-06T06:30:58.596007Z[0m [32m INFO[0m [2mconvenient_bitbake::build_orchestrator[0m[2m:[0m Resolved 3 file:// URIs for rt-tests
[2m2025-12-06T06:30:58.862129Z[0m [32m INFO[0m [2mconvenient_bitbake::build_orchestrator[0m[2m:[0m Resolved 5 file:// URIs for freetype
[2m2025-12-06T06:30:58.952208Z[0m [32m INFO[0m [2mconvenient_bitbake::build_orchestrator[0m[2m:[0m Resolved 5 file:// URIs for pseudo
[2m2025-12-06T06:30:58.987517Z[0m [32m INFO[0m [2mconvenient_bitbake::build_orchestrator[0m[2m:[0m   Progress: 10754/15938 tasks (67.5%)
[2m2025-12-06T06:31:00.238010Z[0m [32m INFO[0m [2mconvenient_bitbake::build_orchestrator[0m[2m:[0m Resolved 7 file:// URIs for procps
[2m2025-12-06T06:31:00.358655Z[0m [32m INFO[0m [2mconvenient_bitbake::build_orchestrator[0m[2m:[0m Resolved 4 file:// URIs for libssh2
[2m2025-12-06T06:31:00.444288Z[0m [32m INFO[0m [2mconvenient_bitbake::build_orchestrator[0m[2m:[0m Resolved 11 file:// URIs for unfs3
[2m2025-12-06T06:31:00.687816Z[0m [32m INFO[0m [2mconvenient_bitbake::build_orchestrator[0m[2m:[0m Resolved 1 file:// URIs for libptytty
[2m2025-12-06T06:31:00.730251Z[0m [32m INFO[0m [2mconvenient_bitbake::build_orchestrator[0m[2m:[0m Resolved 1 file:// URIs for bison
[2m2025-12-06T06:31:00.985595Z[0m [32m INFO[0m [2mconvenient_bitbake::build_orchestrator[0m[2m:[0m Resolved 3 file:// URIs for xinetd
[2m2025-12-06T06:31:00.993623Z[0m [32m INFO[0m [2mconvenient_bitbake::build_orchestrator[0m[2m:[0m   Progress: 10968/15938 tasks (68.8%)
[2m2025-12-06T06:31:01.058767Z[0m [32m INFO[0m [2mconvenient_bitbake::build_orchestrator[0m[2m:[0m Resolved 13 file:// URIs for gdb-cross-canadian
[2m2025-12-06T06:31:01.083820Z[0m [32m INFO[0m [2mconvenient_bitbake::build_orchestrator[0m[2m:[0m Resolved 1 file:// URIs for builder
[2m2025-12-06T06:31:01.442589Z[0m [32m INFO[0m [2mconvenient_bitbake::build_orchestrator[0m[2m:[0m Resolved 1 file:// URIs for dwarfsrcfiles
[2m2025-12-06T06:31:01.656268Z[0m [32m INFO[0m [2mconvenient_bitbake::build_orchestrator[0m[2m:[0m Resolved 1 file:// URIs for rust-hello-world
[2m2025-12-06T06:31:01.741156Z[0m [32m INFO[0m [2mconvenient_bitbake::build_orchestrator[0m[2m:[0m Resolved 2 file:// URIs for gobject-introspection
[2m2025-12-06T06:31:02.107161Z[0m [32m INFO[0m [2mconvenient_bitbake::build_orchestrator[0m[2m:[0m Resolved 3 file:// URIs for libuv
[2m2025-12-06T06:31:02.365974Z[0m [32m INFO[0m [2mconvenient_bitbake::build_orchestrator[0m[2m:[0m Resolved 5 file:// URIs for cairo
[2m2025-12-06T06:31:02.452422Z[0m [32m INFO[0m [2mconvenient_bitbake::build_orchestrator[0m[2m:[0m Resolved 116 file:// URIs for qemu-system-native
[2m2025-12-06T06:31:02.685471Z[0m [32m INFO[0m [2mconvenient_bitbake::build_orchestrator[0m[2m:[0m Resolved 3 file:// URIs for mc
[2m2025-12-06T06:31:02.759936Z[0m [32m INFO[0m [2mconvenient_bitbake::build_orchestrator[0m[2m:[0m Resolved 8 file:// URIs for libxslt
[2m2025-12-06T06:31:02.949316Z[0m [32m INFO[0m [2mconvenient_bitbake::build_orchestrator[0m[2m:[0m Resolved 1 file:// URIs for libical
[2m2025-12-06T06:31:02.995116Z[0m [32m INFO[0m [2mconvenient_bitbake::build_orchestrator[0m[2m:[0m   Progress: 11195/15938 tasks (70.2%)
[2m2025-12-06T06:31:03.147501Z[0m [32m INFO[0m [2mconvenient_bitbake::build_orchestrator[0m[2m:[0m Resolved 3 file:// URIs for psplash
[2m2025-12-06T06:31:03.437134Z[0m [32m INFO[0m [2mconvenient_bitbake::build_orchestrator[0m[2m:[0m Resolved 2 file:// URIs for gcr
[2m2025-12-06T06:31:03.721836Z[0m [32m INFO[0m [2mconvenient_bitbake::build_orchestrator[0m[2m:[0m Resolved 1 file:// URIs for psmisc
[2m2025-12-06T06:31:03.890987Z[0m [32m INFO[0m [2mconvenient_bitbake::build_orchestrator[0m[2m:[0m Resolved 1 file:// URIs for shutdown-desktop
[2m2025-12-06T06:31:04.096924Z[0m [32m INFO[0m [2mconvenient_bitbake::build_orchestrator[0m[2m:[0m Resolved 5 file:// URIs for net-tools
[2m2025-12-06T06:31:04.180687Z[0m [32m INFO[0m [2mconvenient_bitbake::build_orchestrator[0m[2m:[0m Resolved 1 file:// URIs for gnu-config
[2m2025-12-06T06:31:04.191681Z[0m [32m INFO[0m [2mconvenient_bitbake::build_orchestrator[0m[2m:[0m Resolved 5 file:// URIs for libacpi
[2m2025-12-06T06:31:04.305680Z[0m [32m INFO[0m [2mconvenient_bitbake::build_orchestrator[0m[2m:[0m Resolved 18 file:// URIs for elfutils
[2m2025-12-06T06:31:04.406482Z[0m [32m INFO[0m [2mconvenient_bitbake::build_orchestrator[0m[2m:[0m Resolved 2 file:// URIs for settings-daemon
[2m2025-12-06T06:31:04.757551Z[0m [32m INFO[0m [2mconvenient_bitbake::build_orchestrator[0m[2m:[0m Resolved 6 file:// URIs for libpcap
[2m2025-12-06T06:31:04.997682Z[0m [32m INFO[0m [2mconvenient_bitbake::build_orchestrator[0m[2m:[0m   Progress: 11425/15938 tasks (71.7%)
[2m2025-12-06T06:31:05.503619Z[0m [32m INFO[0m [2mconvenient_bitbake::build_orchestrator[0m[2m:[0m Resolved 2 file:// URIs for libgit2
[2m2025-12-06T06:31:05.574271Z[0m [32m INFO[0m [2mconvenient_bitbake::build_orchestrator[0m[2m:[0m Resolved 58 file:// URIs for busybox
[2m2025-12-06T06:31:05.873253Z[0m [32m INFO[0m [2mconvenient_bitbake::build_orchestrator[0m[2m:[0m Resolved 12 file:// URIs for inetutils
[2m2025-12-06T06:31:06.137930Z[0m [32m INFO[0m [2mconvenient_bitbake::build_orchestrator[0m[2m:[0m Resolved 1 file:// URIs for blktrace
[2m2025-12-06T06:31:06.176600Z[0m [32m INFO[0m [2mconvenient_bitbake::build_orchestrator[0m[2m:[0m Resolved 1 file:// URIs for icecc-create-env
[2m2025-12-06T06:31:06.540373Z[0m [32m INFO[0m [2mconvenient_bitbake::build_orchestrator[0m[2m:[0m Resolved 1 file:// URIs for speex
[2m2025-12-06T06:31:06.560238Z[0m [32m INFO[0m [2mconvenient_bitbake::build_orchestrator[0m[2m:[0m Resolved 4 file:// URIs for neard
[2m2025-12-06T06:31:06.773849Z[0m [32m INFO[0m [2mconvenient_bitbake::build_orchestrator[0m[2m:[0m Resolved 4 file:// URIs for neard
[2m2025-12-06T06:31:06.878673Z[0m [32m INFO[0m [2mconvenient_bitbake::build_orchestrator[0m[2m:[0m Resolved 3 file:// URIs for sysklogd
[2m2025-12-06T06:31:06.913927Z[0m [32m INFO[0m [2mconvenient_bitbake::build_orchestrator[0m[2m:[0m Resolved 1 file:// URIs for lz4
[2m2025-12-06T06:31:07.004845Z[0m [32m INFO[0m [2mconvenient_bitbake::build_orchestrator[0m[2m:[0m   Progress: 11616/15938 tasks (72.9%)
[2m2025-12-06T06:31:07.092713Z[0m [32m INFO[0m [2mconvenient_bitbake::build_orchestrator[0m[2m:[0m Resolved 1 file:// URIs for keymaps
[2m2025-12-06T06:31:07.632905Z[0m [32m INFO[0m [2mconvenient_bitbake::build_orchestrator[0m[2m:[0m Resolved 16 file:// URIs for perl
[2m2025-12-06T06:31:07.854780Z[0m [32m INFO[0m [2mconvenient_bitbake::build_orchestrator[0m[2m:[0m Resolved 2 file:// URIs for librepo
[2m2025-12-06T06:31:08.156417Z[0m [32m INFO[0m [2mconvenient_bitbake::build_orchestrator[0m[2m:[0m Resolved 2 file:// URIs for libgit2
[2m2025-12-06T06:31:08.570364Z[0m [32m INFO[0m [2mconvenient_bitbake::build_orchestrator[0m[2m:[0m Resolved 4 file:// URIs for wayland
[2m2025-12-06T06:31:08.598337Z[0m [32m INFO[0m [2mconvenient_bitbake::build_orchestrator[0m[2m:[0m Resolved 1 file:// URIs for matchbox-session
[2m2025-12-06T06:31:09.026197Z[0m [32m INFO[0m [2mconvenient_bitbake::build_orchestrator[0m[2m:[0m Resolved 30 file:// URIs for ffmpeg
[2m2025-12-06T06:31:09.027270Z[0m [32m INFO[0m [2mconvenient_bitbake::build_orchestrator[0m[2m:[0m   Progress: 11818/15938 tasks (74.1%)
[2m2025-12-06T06:31:09.130607Z[0m [32m INFO[0m [2mconvenient_bitbake::build_orchestrator[0m[2m:[0m Resolved 65 file:// URIs for binutils-cross
[2m2025-12-06T06:31:09.325517Z[0m [32m INFO[0m [2mconvenient_bitbake::build_orchestrator[0m[2m:[0m Resolved 7 file:// URIs for boost
[2m2025-12-06T06:31:09.585321Z[0m [32m INFO[0m [2mconvenient_bitbake::build_orchestrator[0m[2m:[0m Resolved 33 file:// URIs for libsoup
[2m2025-12-06T06:31:09.653758Z[0m [32m INFO[0m [2mconvenient_bitbake::build_orchestrator[0m[2m:[0m Resolved 4 file:// URIs for intltool
[2m2025-12-06T06:31:09.667613Z[0m [32m INFO[0m [2mconvenient_bitbake::build_orchestrator[0m[2m:[0m Resolved 5 file:// URIs for mpeg2dec
[2m2025-12-06T06:31:09.810699Z[0m [32m INFO[0m [2mconvenient_bitbake::build_orchestrator[0m[2m:[0m Resolved 3 file:// URIs for opkg
[2m2025-12-06T06:31:10.152038Z[0m [32m INFO[0m [2mconvenient_bitbake::build_orchestrator[0m[2m:[0m Resolved 1 file:// URIs for libcomps
[2m2025-12-06T06:31:10.310234Z[0m [32m INFO[0m [2mconvenient_bitbake::build_orchestrator[0m[2m:[0m Resolved 7 file:// URIs for at
[2m2025-12-06T06:31:10.581272Z[0m [32m INFO[0m [2mconvenient_bitbake::build_orchestrator[0m[2m:[0m Resolved 10 file:// URIs for sysvinit
[2m2025-12-06T06:31:10.712001Z[0m [32m INFO[0m [2mconvenient_bitbake::build_orchestrator[0m[2m:[0m Resolved 26 file:// URIs for mdadm
[2m2025-12-06T06:31:10.755151Z[0m [32m INFO[0m [2mconvenient_bitbake::build_orchestrator[0m[2m:[0m   Progress: 12000/15938 tasks (75.3%)
[2m2025-12-06T06:31:10.827937Z[0m [32m INFO[0m [2mconvenient_bitbake::build_orchestrator[0m[2m:[0m Resolved 3 file:// URIs for dbus
[2m2025-12-06T06:31:10.870236Z[0m [32m INFO[0m [2mconvenient_bitbake::build_orchestrator[0m[2m:[0m Resolved 2 file:// URIs for setserial
[2m2025-12-06T06:31:11.032142Z[0m [32m INFO[0m [2mconvenient_bitbake::build_orchestrator[0m[2m:[0m   Progress: 12032/15938 tasks (75.5%)
[2m2025-12-06T06:31:11.373053Z[0m [32m INFO[0m [2mconvenient_bitbake::build_orchestrator[0m[2m:[0m Resolved 4 file:// URIs for wayland
[2m2025-12-06T06:31:11.565062Z[0m [32m INFO[0m [2mconvenient_bitbake::build_orchestrator[0m[2m:[0m Resolved 1 file:// URIs for ninja
[2m2025-12-06T06:31:11.575988Z[0m [32m INFO[0m [2mconvenient_bitbake::build_orchestrator[0m[2m:[0m Resolved 3 file:// URIs for swig
[2m2025-12-06T06:31:11.907397Z[0m [32m INFO[0m [2mconvenient_bitbake::build_orchestrator[0m[2m:[0m Resolved 4 file:// URIs for pkgconf
[2m2025-12-06T06:31:12.189780Z[0m [32m INFO[0m [2mconvenient_bitbake::build_orchestrator[0m[2m:[0m Resolved 5 file:// URIs for cairo
[2m2025-12-06T06:31:12.469157Z[0m [32m INFO[0m [2mconvenient_bitbake::build_orchestrator[0m[2m:[0m Resolved 1 file:// URIs for iproute2
[2m2025-12-06T06:31:12.786179Z[0m [32m INFO[0m [2mconvenient_bitbake::build_orchestrator[0m[2m:[0m Resolved 3 file:// URIs for libuv
[2m2025-12-06T06:31:12.962167Z[0m [32m INFO[0m [2mconvenient_bitbake::build_orchestrator[0m[2m:[0m Resolved 5 file:// URIs for libunwind
[2m2025-12-06T06:31:13.064515Z[0m [32m INFO[0m [2mconvenient_bitbake::build_orchestrator[0m[2m:[0m Resolved 60 file:// URIs for glib-2.0
[2m2025-12-06T06:31:13.065093Z[0m [32m INFO[0m [2mconvenient_bitbake::build_orchestrator[0m[2m:[0m   Progress: 12266/15938 tasks (77.0%)
[2m2025-12-06T06:31:13.153737Z[0m [32m INFO[0m [2mconvenient_bitbake::build_orchestrator[0m[2m:[0m Resolved 3 file:// URIs for gawk
[2m2025-12-06T06:31:13.250299Z[0m [32m INFO[0m [2mconvenient_bitbake::build_orchestrator[0m[2m:[0m Resolved 4 file:// URIs for gdk-pixbuf
[2m2025-12-06T06:31:13.286169Z[0m [32m INFO[0m [2mconvenient_bitbake::build_orchestrator[0m[2m:[0m Resolved 1 file:// URIs for opkg-utils
[2m2025-12-06T06:31:13.325735Z[0m [32m INFO[0m [2mconvenient_bitbake::build_orchestrator[0m[2m:[0m Resolved 7 file:// URIs for at
[2m2025-12-06T06:31:14.319603Z[0m [32m INFO[0m [2mconvenient_bitbake::build_orchestrator[0m[2m:[0m Resolved 58 file:// URIs for busybox
[2m2025-12-06T06:31:14.359565Z[0m [32m INFO[0m [2mconvenient_bitbake::build_orchestrator[0m[2m:[0m Resolved 8 file:// URIs for meson
[2m2025-12-06T06:31:14.657071Z[0m [32m INFO[0m [2mconvenient_bitbake::build_orchestrator[0m[2m:[0m Resolved 1 file:// URIs for sudo
[2m2025-12-06T06:31:14.690200Z[0m [32m INFO[0m [2mconvenient_bitbake::build_orchestrator[0m[2m:[0m Resolved 1 file:// URIs for pciutils
[2m2025-12-06T06:31:14.842133Z[0m [32m INFO[0m [2mconvenient_bitbake::build_orchestrator[0m[2m:[0m Resolved 5 file:// URIs for serf
[2m2025-12-06T06:31:15.034403Z[0m [32m INFO[0m [2mconvenient_bitbake::build_orchestrator[0m[2m:[0m Resolved 1 file:// URIs for pbzip2
[2m2025-12-06T06:31:15.065665Z[0m [32m INFO[0m [2mconvenient_bitbake::build_orchestrator[0m[2m:[0m   Progress: 12485/15938 tasks (78.3%)
[2m2025-12-06T06:31:15.233446Z[0m [32m INFO[0m [2mconvenient_bitbake::build_orchestrator[0m[2m:[0m Resolved 1 file:// URIs for matchbox-config-gtk
[2m2025-12-06T06:31:15.326308Z[0m [32m INFO[0m [2mconvenient_bitbake::build_orchestrator[0m[2m:[0m Resolved 6 file:// URIs for linux-libc-headers
[2m2025-12-06T06:31:15.449893Z[0m [32m INFO[0m [2mconvenient_bitbake::build_orchestrator[0m[2m:[0m Resolved 12 file:// URIs for bash
[2m2025-12-06T06:31:15.597740Z[0m [32m INFO[0m [2mconvenient_bitbake::build_orchestrator[0m[2m:[0m Resolved 3 file:// URIs for mtools
[2m2025-12-06T06:31:15.764167Z[0m [32m INFO[0m [2mconvenient_bitbake::build_orchestrator[0m[2m:[0m Resolved 11 file:// URIs for connman
[2m2025-12-06T06:31:15.890712Z[0m [32m INFO[0m [2mconvenient_bitbake::build_orchestrator[0m[2m:[0m Resolved 2 file:// URIs for ppp-dialin
[2m2025-12-06T06:31:15.969686Z[0m [32m INFO[0m [2mconvenient_bitbake::build_orchestrator[0m[2m:[0m Resolved 3 file:// URIs for iputils
[2m2025-12-06T06:31:16.121900Z[0m [32m INFO[0m [2mconvenient_bitbake::build_orchestrator[0m[2m:[0m Resolved 18 file:// URIs for cups
[2m2025-12-06T06:31:16.306209Z[0m [32m INFO[0m [2mconvenient_bitbake::build_orchestrator[0m[2m:[0m Resolved 7 file:// URIs for ncurses
[2m2025-12-06T06:31:16.485450Z[0m [32m INFO[0m [2mconvenient_bitbake::build_orchestrator[0m[2m:[0m Resolved 3 file:// URIs for v86d
[2m2025-12-06T06:31:16.629028Z[0m [32m INFO[0m [2mconvenient_bitbake::build_orchestrator[0m[2m:[0m Resolved 8 file:// URIs for coreutils
[2m2025-12-06T06:31:16.689583Z[0m [32m INFO[0m [2mconvenient_bitbake::build_orchestrator[0m[2m:[0m Resolved 8 file:// URIs for llvm
[2m2025-12-06T06:31:16.703891Z[0m [32m INFO[0m [2mconvenient_bitbake::build_orchestrator[0m[2m:[0m Resolved 13 file:// URIs for gdb-cross
[2m2025-12-06T06:31:16.794020Z[0m [32m INFO[0m [2mconvenient_bitbake::build_orchestrator[0m[2m:[0m Resolved 1 file:// URIs for libassuan
[2m2025-12-06T06:31:16.947913Z[0m [32m INFO[0m [2mconvenient_bitbake::build_orchestrator[0m[2m:[0m Resolved 2 file:// URIs for shaderc
[2m2025-12-06T06:31:17.006205Z[0m [32m INFO[0m [2mconvenient_bitbake::build_orchestrator[0m[2m:[0m Resolved 4 file:// URIs for numactl
[2m2025-12-06T06:31:17.073891Z[0m [32m INFO[0m [2mconvenient_bitbake::build_orchestrator[0m[2m:[0m   Progress: 12703/15938 tasks (79.7%)
[2m2025-12-06T06:31:17.100827Z[0m [32m INFO[0m [2mconvenient_bitbake::build_orchestrator[0m[2m:[0m Resolved 5 file:// URIs for libunwind
[2m2025-12-06T06:31:17.116423Z[0m [32m INFO[0m [2mconvenient_bitbake::build_orchestrator[0m[2m:[0m Resolved 6 file:// URIs for libevent
[2m2025-12-06T06:31:17.408822Z[0m [32m INFO[0m [2mconvenient_bitbake::build_orchestrator[0m[2m:[0m Resolved 5 file:// URIs for libgcrypt
[2m2025-12-06T06:31:17.596412Z[0m [32m INFO[0m [2mconvenient_bitbake::build_orchestrator[0m[2m:[0m Resolved 4 file:// URIs for rpcbind
[2m2025-12-06T06:31:17.751879Z[0m [32m INFO[0m [2mconvenient_bitbake::build_orchestrator[0m[2m:[0m Resolved 1 file:// URIs for lsof
[2m2025-12-06T06:31:17.858889Z[0m [32m INFO[0m [2mconvenient_bitbake::build_orchestrator[0m[2m:[0m Resolved 44 file:// URIs for xwayland
[2m2025-12-06T06:31:18.096804Z[0m [32m INFO[0m [2mconvenient_bitbake::build_orchestrator[0m[2m:[0m Resolved 9 file:// URIs for libdnf
[2m2025-12-06T06:31:18.872555Z[0m [32m INFO[0m [2mconvenient_bitbake::build_orchestrator[0m[2m:[0m Resolved 3 file:// URIs for cronie
[2m2025-12-06T06:31:18.995111Z[0m [32m INFO[0m [2mconvenient_bitbake::build_orchestrator[0m[2m:[0m Resolved 26 file:// URIs for mdadm
[2m2025-12-06T06:31:19.078304Z[0m [32m INFO[0m [2mconvenient_bitbake::build_orchestrator[0m[2m:[0m   Progress: 12921/15938 tasks (81.1%)
[2m2025-12-06T06:31:19.282205Z[0m [32m INFO[0m [2mconvenient_bitbake::build_orchestrator[0m[2m:[0m Resolved 4 file:// URIs for harfbuzz
[2m2025-12-06T06:31:19.374543Z[0m [32m INFO[0m [2mconvenient_bitbake::build_orchestrator[0m[2m:[0m Resolved 3 file:// URIs for man-db
[2m2025-12-06T06:31:19.526206Z[0m [32m INFO[0m [2mconvenient_bitbake::build_orchestrator[0m[2m:[0m Resolved 3 file:// URIs for alsa-state
[2m2025-12-06T06:31:20.187289Z[0m [32m INFO[0m [2mconvenient_bitbake::build_orchestrator[0m[2m:[0m Resolved 1 file:// URIs for findutils
[2m2025-12-06T06:31:20.309921Z[0m [32m INFO[0m [2mconvenient_bitbake::build_orchestrator[0m[2m:[0m Resolved 19 file:// URIs for ofono
[2m2025-12-06T06:31:20.355047Z[0m [32m INFO[0m [2mconvenient_bitbake::build_orchestrator[0m[2m:[0m Resolved 4 file:// URIs for lua
[2m2025-12-06T06:31:20.598595Z[0m [32m INFO[0m [2mconvenient_bitbake::build_orchestrator[0m[2m:[0m Resolved 1 file:// URIs for ninja
[2m2025-12-06T06:31:20.842558Z[0m [32m INFO[0m [2mconvenient_bitbake::build_orchestrator[0m[2m:[0m Resolved 1 file:// URIs for gperf
[2m2025-12-06T06:31:20.978693Z[0m [32m INFO[0m [2mconvenient_bitbake::build_orchestrator[0m[2m:[0m Resolved 1 file:// URIs for libvorbis
[2m2025-12-06T06:31:21.090776Z[0m [32m INFO[0m [2mconvenient_bitbake::build_orchestrator[0m[2m:[0m   Progress: 13140/15938 tasks (82.4%)
[2m2025-12-06T06:31:21.131357Z[0m [32m INFO[0m [2mconvenient_bitbake::build_orchestrator[0m[2m:[0m Resolved 3 file:// URIs for kmscube
[2m2025-12-06T06:31:21.152548Z[0m [32m INFO[0m [2mconvenient_bitbake::build_orchestrator[0m[2m:[0m Resolved 2 file:// URIs for json-c
[2m2025-12-06T06:31:21.350226Z[0m [32m INFO[0m [2mconvenient_bitbake::build_orchestrator[0m[2m:[0m Resolved 3 file:// URIs for gawk
[2m2025-12-06T06:31:21.738697Z[0m [32m INFO[0m [2mconvenient_bitbake::build_orchestrator[0m[2m:[0m Resolved 4 file:// URIs for readline
[2m2025-12-06T06:31:21.927513Z[0m [32m INFO[0m [2mconvenient_bitbake::build_orchestrator[0m[2m:[0m Resolved 2 file:// URIs for gobject-introspection
[2m2025-12-06T06:31:22.029597Z[0m [32m INFO[0m [2mconvenient_bitbake::build_orchestrator[0m[2m:[0m Resolved 4 file:// URIs for lua
[2m2025-12-06T06:31:23.103476Z[0m [32m INFO[0m [2mconvenient_bitbake::build_orchestrator[0m[2m:[0m   Progress: 13342/15938 tasks (83.7%)
[2m2025-12-06T06:31:23.259148Z[0m [32m INFO[0m [2mconvenient_bitbake::build_orchestrator[0m[2m:[0m Resolved 15 file:// URIs for ppp
[2m2025-12-06T06:31:23.276491Z[0m [32m INFO[0m [2mconvenient_bitbake::build_orchestrator[0m[2m:[0m Resolved 10 file:// URIs for gnupg
[2m2025-12-06T06:31:23.401984Z[0m [32m INFO[0m [2mconvenient_bitbake::build_orchestrator[0m[2m:[0m Resolved 9 file:// URIs for libdnf
[2m2025-12-06T06:31:23.539871Z[0m [32m INFO[0m [2mconvenient_bitbake::build_orchestrator[0m[2m:[0m Resolved 32 file:// URIs for ovmf
[2m2025-12-06T06:31:23.815023Z[0m [32m INFO[0m [2mconvenient_bitbake::build_orchestrator[0m[2m:[0m Resolved 5 file:// URIs for groff
[2m2025-12-06T06:31:23.943256Z[0m [32m INFO[0m [2mconvenient_bitbake::build_orchestrator[0m[2m:[0m Resolved 1 file:// URIs for ssh-pregen-hostkeys
[2m2025-12-06T06:31:24.293916Z[0m [32m INFO[0m [2mconvenient_bitbake::build_orchestrator[0m[2m:[0m Resolved 2 file:// URIs for iw
[2m2025-12-06T06:31:24.430380Z[0m [32m INFO[0m [2mconvenient_bitbake::build_orchestrator[0m[2m:[0m Resolved 1 file:// URIs for pango
[2m2025-12-06T06:31:24.662648Z[0m [32m INFO[0m [2mconvenient_bitbake::build_orchestrator[0m[2m:[0m Resolved 1 file:// URIs for rust-hello-world
[2m2025-12-06T06:31:24.765765Z[0m [32m INFO[0m [2mconvenient_bitbake::build_orchestrator[0m[2m:[0m Resolved 2 file:// URIs for librsvg
[2m2025-12-06T06:31:25.105952Z[0m [32m INFO[0m [2mconvenient_bitbake::build_orchestrator[0m[2m:[0m   Progress: 13565/15938 tasks (85.1%)
[2m2025-12-06T06:31:25.193322Z[0m [32m INFO[0m [2mconvenient_bitbake::build_orchestrator[0m[2m:[0m Resolved 3 file:// URIs for psplash
[2m2025-12-06T06:31:25.249856Z[0m [32m INFO[0m [2mconvenient_bitbake::build_orchestrator[0m[2m:[0m Resolved 2 file:// URIs for ghostscript
[2m2025-12-06T06:31:25.279532Z[0m [32m INFO[0m [2mconvenient_bitbake::build_orchestrator[0m[2m:[0m Resolved 7 file:// URIs for zlib
[2m2025-12-06T06:31:25.294345Z[0m [32m INFO[0m [2mconvenient_bitbake::build_orchestrator[0m[2m:[0m Resolved 12 file:// URIs for bash
[2m2025-12-06T06:31:25.951907Z[0m [32m INFO[0m [2mconvenient_bitbake::build_orchestrator[0m[2m:[0m Resolved 2 file:// URIs for consolekit
[2m2025-12-06T06:31:25.964099Z[0m [32m INFO[0m [2mconvenient_bitbake::build_orchestrator[0m[2m:[0m Resolved 4 file:// URIs for libssh2
[2m2025-12-06T06:31:25.975234Z[0m [32m INFO[0m [2mconvenient_bitbake::build_orchestrator[0m[2m:[0m Resolved 1 file:// URIs for libical
[2m2025-12-06T06:31:25.992658Z[0m [32m INFO[0m [2mconvenient_bitbake::build_orchestrator[0m[2m:[0m Resolved 1 file:// URIs for sbc
[2m2025-12-06T06:31:26.072880Z[0m [32m INFO[0m [2mconvenient_bitbake::build_orchestrator[0m[2m:[0m Resolved 2 file:// URIs for cracklib
[2m2025-12-06T06:31:26.266280Z[0m [32m INFO[0m [2mconvenient_bitbake::build_orchestrator[0m[2m:[0m Resolved 6 file:// URIs for ifupdown
[2m2025-12-06T06:31:27.039872Z[0m [32m INFO[0m [2mconvenient_bitbake::build_orchestrator[0m[2m:[0m Resolved 4 file:// URIs for blktool
[2m2025-12-06T06:31:27.121069Z[0m [32m INFO[0m [2mconvenient_bitbake::build_orchestrator[0m[2m:[0m   Progress: 13798/15938 tasks (86.6%)
[2m2025-12-06T06:31:27.170854Z[0m [32m INFO[0m [2mconvenient_bitbake::build_orchestrator[0m[2m:[0m Resolved 1 file:// URIs for gzip
[2m2025-12-06T06:31:27.236485Z[0m [32m INFO[0m [2mconvenient_bitbake::build_orchestrator[0m[2m:[0m Resolved 4 file:// URIs for vte
[2m2025-12-06T06:31:27.482595Z[0m [32m INFO[0m [2mconvenient_bitbake::build_orchestrator[0m[2m:[0m Resolved 5 file:// URIs for sysstat
[2m2025-12-06T06:31:27.494406Z[0m [32m INFO[0m [2mconvenient_bitbake::build_orchestrator[0m[2m:[0m Resolved 2 file:// URIs for matchbox-wm
[2m2025-12-06T06:31:27.599878Z[0m [32m INFO[0m [2mconvenient_bitbake::build_orchestrator[0m[2m:[0m Resolved 5 file:// URIs for libacpi
[2m2025-12-06T06:31:28.243610Z[0m [32m INFO[0m [2mconvenient_bitbake::build_orchestrator[0m[2m:[0m Resolved 10 file:// URIs for apmd
[2m2025-12-06T06:31:28.359270Z[0m [32m INFO[0m [2mconvenient_bitbake::build_orchestrator[0m[2m:[0m Resolved 31 file:// URIs for glibc
[2m2025-12-06T06:31:28.454979Z[0m [32m INFO[0m [2mconvenient_bitbake::build_orchestrator[0m[2m:[0m Resolved 19 file:// URIs for u-boot
[2m2025-12-06T06:31:28.740423Z[0m [32m INFO[0m [2mconvenient_bitbake::build_orchestrator[0m[2m:[0m Resolved 21 file:// URIs for git
[2m2025-12-06T06:31:29.327333Z[0m [32m INFO[0m [2mconvenient_bitbake::build_orchestrator[0m[2m:[0m   Progress: 14012/15938 tasks (87.9%)
[2m2025-12-06T06:31:30.148624Z[0m [32m INFO[0m [2mconvenient_bitbake::build_orchestrator[0m[2m:[0m Resolved 3 file:// URIs for lighttpd
[2m2025-12-06T06:31:30.772156Z[0m [32m INFO[0m [2mconvenient_bitbake::build_orchestrator[0m[2m:[0m Resolved 9 file:// URIs for efivar
[2m2025-12-06T06:31:30.895998Z[0m [32m INFO[0m [2mconvenient_bitbake::build_orchestrator[0m[2m:[0m Resolved 1 file:// URIs for libedit
[2m2025-12-06T06:31:30.987161Z[0m [32m INFO[0m [2mconvenient_bitbake::build_orchestrator[0m[2m:[0m Resolved 1 file:// URIs for lame
[2m2025-12-06T06:31:31.004799Z[0m [32m INFO[0m [2mconvenient_bitbake::build_orchestrator[0m[2m:[0m Resolved 1 file:// URIs for libcomps
[2m2025-12-06T06:31:31.107605Z[0m [32m INFO[0m [2mconvenient_bitbake::build_orchestrator[0m[2m:[0m Resolved 1 file:// URIs for chrpath
[2m2025-12-06T06:31:31.190591Z[0m [32m INFO[0m [2mconvenient_bitbake::build_orchestrator[0m[2m:[0m Resolved 4 file:// URIs for musl
[2m2025-12-06T06:31:31.234042Z[0m [32m INFO[0m [2mconvenient_bitbake::build_orchestrator[0m[2m:[0m Resolved 65 file:// URIs for binutils
[2m2025-12-06T06:31:31.332923Z[0m [32m INFO[0m [2mconvenient_bitbake::build_orchestrator[0m[2m:[0m   Progress: 14217/15938 tasks (89.2%)
[2m2025-12-06T06:31:32.222139Z[0m [32m INFO[0m [2mconvenient_bitbake::build_orchestrator[0m[2m:[0m Resolved 2 file:// URIs for acpid
[2m2025-12-06T06:31:32.424998Z[0m [32m INFO[0m [2mconvenient_bitbake::build_orchestrator[0m[2m:[0m Resolved 3 file:// URIs for kmscube
[2m2025-12-06T06:31:32.872728Z[0m [32m INFO[0m [2mconvenient_bitbake::build_orchestrator[0m[2m:[0m Resolved 2 file:// URIs for resolvconf
[2m2025-12-06T06:31:33.005928Z[0m [32m INFO[0m [2mconvenient_bitbake::build_orchestrator[0m[2m:[0m Resolved 2 file:// URIs for json-c
[2m2025-12-06T06:31:33.267115Z[0m [32m INFO[0m [2mconvenient_bitbake::build_orchestrator[0m[2m:[0m Resolved 3 file:// URIs for sysklogd
[2m2025-12-06T06:31:33.334295Z[0m [32m INFO[0m [2mconvenient_bitbake::build_orchestrator[0m[2m:[0m   Progress: 14419/15938 tasks (90.5%)
[2m2025-12-06T06:31:33.631559Z[0m [32m INFO[0m [2mconvenient_bitbake::build_orchestrator[0m[2m:[0m Resolved 1 file:// URIs for pciutils
[2m2025-12-06T06:31:33.688831Z[0m [32m INFO[0m [2mconvenient_bitbake::build_orchestrator[0m[2m:[0m Resolved 32 file:// URIs for ovmf
[2m2025-12-06T06:31:34.347037Z[0m [32m INFO[0m [2mconvenient_bitbake::build_orchestrator[0m[2m:[0m Resolved 3 file:// URIs for gnu-efi
[2m2025-12-06T06:31:34.875926Z[0m [32m INFO[0m [2mconvenient_bitbake::build_orchestrator[0m[2m:[0m Resolved 1 file:// URIs for repo
[2m2025-12-06T06:31:35.334966Z[0m [32m INFO[0m [2mconvenient_bitbake::build_orchestrator[0m[2m:[0m   Progress: 14624/15938 tasks (91.8%)
[2m2025-12-06T06:31:35.507846Z[0m [32m INFO[0m [2mconvenient_bitbake::build_orchestrator[0m[2m:[0m Resolved 1 file:// URIs for libcheck
[2m2025-12-06T06:31:35.620927Z[0m [32m INFO[0m [2mconvenient_bitbake::build_orchestrator[0m[2m:[0m Resolved 9 file:// URIs for bind
[2m2025-12-06T06:31:35.938912Z[0m [32m INFO[0m [2mconvenient_bitbake::build_orchestrator[0m[2m:[0m Resolved 1 file:// URIs for pong-clock
[2m2025-12-06T06:31:36.066187Z[0m [32m INFO[0m [2mconvenient_bitbake::build_orchestrator[0m[2m:[0m Resolved 1 file:// URIs for aspell
[2m2025-12-06T06:31:36.094245Z[0m [32m INFO[0m [2mconvenient_bitbake::build_orchestrator[0m[2m:[0m Resolved 2 file:// URIs for libfm
[2m2025-12-06T06:31:36.476241Z[0m [32m INFO[0m [2mconvenient_bitbake::build_orchestrator[0m[2m:[0m Resolved 4 file:// URIs for xdg-utils
[2m2025-12-06T06:31:36.883026Z[0m [32m INFO[0m [2mconvenient_bitbake::build_orchestrator[0m[2m:[0m Resolved 5 file:// URIs for watchdog
[2m2025-12-06T06:31:36.942621Z[0m [32m INFO[0m [2mconvenient_bitbake::build_orchestrator[0m[2m:[0m Resolved 4 file:// URIs for intltool
[2m2025-12-06T06:31:37.337339Z[0m [32m INFO[0m [2mconvenient_bitbake::build_orchestrator[0m[2m:[0m   Progress: 14861/15938 tasks (93.2%)
[2m2025-12-06T06:31:37.468982Z[0m [32m INFO[0m [2mconvenient_bitbake::build_orchestrator[0m[2m:[0m Resolved 2 file:// URIs for quota
[2m2025-12-06T06:31:37.489941Z[0m [32m INFO[0m [2mconvenient_bitbake::build_orchestrator[0m[2m:[0m Resolved 6 file:// URIs for db
[2m2025-12-06T06:31:37.904174Z[0m [32m INFO[0m [2mconvenient_bitbake::build_orchestrator[0m[2m:[0m Resolved 5 file:// URIs for nasm
[2m2025-12-06T06:31:38.329266Z[0m [32m INFO[0m [2mconvenient_bitbake::build_orchestrator[0m[2m:[0m Resolved 1 file:// URIs for seatd
[2m2025-12-06T06:31:38.423056Z[0m [32m INFO[0m [2mconvenient_bitbake::build_orchestrator[0m[2m:[0m Resolved 3 file:// URIs for xinput-calibrator
[2m2025-12-06T06:31:38.433789Z[0m [32m INFO[0m [2mconvenient_bitbake::build_orchestrator[0m[2m:[0m Resolved 1 file:// URIs for libcheck
[2m2025-12-06T06:31:38.450608Z[0m [32m INFO[0m [2mconvenient_bitbake::build_orchestrator[0m[2m:[0m Resolved 1 file:// URIs for pbzip2
[2m2025-12-06T06:31:38.617668Z[0m [32m INFO[0m [2mconvenient_bitbake::build_orchestrator[0m[2m:[0m Resolved 9 file:// URIs for base-passwd
[2m2025-12-06T06:31:38.634500Z[0m [32m INFO[0m [2mconvenient_bitbake::build_orchestrator[0m[2m:[0m Resolved 1 file:// URIs for erofs-utils
[2m2025-12-06T06:31:38.674403Z[0m [32m INFO[0m [2mconvenient_bitbake::build_orchestrator[0m[2m:[0m Resolved 1 file:// URIs for socat
[2m2025-12-06T06:31:38.682337Z[0m [32m INFO[0m [2mconvenient_bitbake::build_orchestrator[0m[2m:[0m   Progress: 15000/15938 tasks (94.1%)
[2m2025-12-06T06:31:38.937220Z[0m [32m INFO[0m [2mconvenient_bitbake::build_orchestrator[0m[2m:[0m Resolved 12 file:// URIs for shadow
[2m2025-12-06T06:31:39.266683Z[0m [32m INFO[0m [2mconvenient_bitbake::build_orchestrator[0m[2m:[0m Resolved 3 file:// URIs for efibootmgr
[2m2025-12-06T06:31:39.343337Z[0m [32m INFO[0m [2mconvenient_bitbake::build_orchestrator[0m[2m:[0m   Progress: 15077/15938 tasks (94.6%)
[2m2025-12-06T06:31:39.521837Z[0m [32m INFO[0m [2mconvenient_bitbake::build_orchestrator[0m[2m:[0m Resolved 2 file:// URIs for libnl
[2m2025-12-06T06:31:39.680636Z[0m [32m INFO[0m [2mconvenient_bitbake::build_orchestrator[0m[2m:[0m Resolved 1 file:// URIs for repo
[2m2025-12-06T06:31:39.782789Z[0m [32m INFO[0m [2mconvenient_bitbake::build_orchestrator[0m[2m:[0m Resolved 1 file:// URIs for libseccomp
[2m2025-12-06T06:31:40.005733Z[0m [32m INFO[0m [2mconvenient_bitbake::build_orchestrator[0m[2m:[0m Resolved 1 file:// URIs for erofs-utils
[2m2025-12-06T06:31:40.549910Z[0m [32m INFO[0m [2mconvenient_bitbake::build_orchestrator[0m[2m:[0m Resolved 1 file:// URIs for matchbox-panel-2
[2m2025-12-06T06:31:40.577653Z[0m [32m INFO[0m [2mconvenient_bitbake::build_orchestrator[0m[2m:[0m Resolved 1 file:// URIs for createrepo-c
[2m2025-12-06T06:31:40.769347Z[0m [32m INFO[0m [2mconvenient_bitbake::build_orchestrator[0m[2m:[0m Resolved 116 file:// URIs for qemu
[2m2025-12-06T06:31:40.838984Z[0m [32m INFO[0m [2mconvenient_bitbake::build_orchestrator[0m[2m:[0m Resolved 5 file:// URIs for pseudo
[2m2025-12-06T06:31:41.097836Z[0m [32m INFO[0m [2mconvenient_bitbake::build_orchestrator[0m[2m:[0m Resolved 65 file:// URIs for binutils-cross
[2m2025-12-06T06:31:41.350809Z[0m [32m INFO[0m [2mconvenient_bitbake::build_orchestrator[0m[2m:[0m   Progress: 15302/15938 tasks (96.0%)
[2m2025-12-06T06:31:41.417204Z[0m [32m INFO[0m [2mconvenient_bitbake::build_orchestrator[0m[2m:[0m Resolved 1 file:// URIs for glslang
[2m2025-12-06T06:31:41.861647Z[0m [32m INFO[0m [2mconvenient_bitbake::build_orchestrator[0m[2m:[0m Resolved 8 file:// URIs for autoconf
[2m2025-12-06T06:31:42.133480Z[0m [32m INFO[0m [2mconvenient_bitbake::build_orchestrator[0m[2m:[0m Resolved 1 file:// URIs for cpio
[2m2025-12-06T06:31:42.344492Z[0m [32m INFO[0m [2mconvenient_bitbake::build_orchestrator[0m[2m:[0m Resolved 4 file:// URIs for pkgconf
[2m2025-12-06T06:31:42.375588Z[0m [32m INFO[0m [2mconvenient_bitbake::build_orchestrator[0m[2m:[0m Resolved 5 file:// URIs for pulseaudio
[2m2025-12-06T06:31:42.508187Z[0m [32m INFO[0m [2mconvenient_bitbake::build_orchestrator[0m[2m:[0m Resolved 9 file:// URIs for systemtap
[2m2025-12-06T06:31:42.555168Z[0m [32m INFO[0m [2mconvenient_bitbake::build_orchestrator[0m[2m:[0m Resolved 1 file:// URIs for chrpath
[2m2025-12-06T06:31:42.694500Z[0m [32m INFO[0m [2mconvenient_bitbake::build_orchestrator[0m[2m:[0m Resolved 2 file:// URIs for gdbm
[2m2025-12-06T06:31:43.001820Z[0m [32m INFO[0m [2mconvenient_bitbake::build_orchestrator[0m[2m:[0m Resolved 5 file:// URIs for watchdog
[2m2025-12-06T06:31:43.298361Z[0m [32m INFO[0m [2mconvenient_bitbake::build_orchestrator[0m[2m:[0m Resolved 1 file:// URIs for lz4
[2m2025-12-06T06:31:43.328169Z[0m [32m INFO[0m [2mconvenient_bitbake::build_orchestrator[0m[2m:[0m Resolved 1 file:// URIs for lzop
[2m2025-12-06T06:31:43.352918Z[0m [32m INFO[0m [2mconvenient_bitbake::build_orchestrator[0m[2m:[0m   Progress: 15504/15938 tasks (97.3%)
[2m2025-12-06T06:31:43.372688Z[0m [32m INFO[0m [2mconvenient_bitbake::build_orchestrator[0m[2m:[0m Resolved 1 file:// URIs for dtc
[2m2025-12-06T06:31:43.532437Z[0m [32m INFO[0m [2mconvenient_bitbake::build_orchestrator[0m[2m:[0m Resolved 1 file:// URIs for blktrace
[2m2025-12-06T06:31:43.724789Z[0m [32m INFO[0m [2mconvenient_bitbake::build_orchestrator[0m[2m:[0m Resolved 8 file:// URIs for apr
[2m2025-12-06T06:31:43.933334Z[0m [32m INFO[0m [2mconvenient_bitbake::build_orchestrator[0m[2m:[0m Resolved 13 file:// URIs for gdb
[2m2025-12-06T06:31:44.061647Z[0m [32m INFO[0m [2mconvenient_bitbake::build_orchestrator[0m[2m:[0m Resolved 1 file:// URIs for menu-cache
[2m2025-12-06T06:31:44.359183Z[0m [32m INFO[0m [2mconvenient_bitbake::build_orchestrator[0m[2m:[0m Resolved 1 file:// URIs for gzip
[2m2025-12-06T06:31:44.408351Z[0m [32m INFO[0m [2mconvenient_bitbake::build_orchestrator[0m[2m:[0m Resolved 53 file:// URIs for ruby
[2m2025-12-06T06:31:44.647302Z[0m [32m INFO[0m [2mconvenient_bitbake::build_orchestrator[0m[2m:[0m Resolved 5 file:// URIs for serf
[2m2025-12-06T06:31:45.104284Z[0m [32m INFO[0m [2mconvenient_bitbake::build_orchestrator[0m[2m:[0m Resolved 2 file:// URIs for librsvg
[2m2025-12-06T06:31:45.357743Z[0m [32m INFO[0m [2mconvenient_bitbake::build_orchestrator[0m[2m:[0m   Progress: 15737/15938 tasks (98.7%)
[2m2025-12-06T06:31:45.506271Z[0m [32m INFO[0m [2mconvenient_bitbake::build_orchestrator[0m[2m:[0m Resolved 9 file:// URIs for systemtap
[2m2025-12-06T06:31:46.061169Z[0m [32m INFO[0m [2mconvenient_bitbake::build_orchestrator[0m[2m:[0m Resolved 4 file:// URIs for rpcbind
[2m2025-12-06T06:31:46.240821Z[0m [32m INFO[0m [2mconvenient_bitbake::build_orchestrator[0m[2m:[0m Resolved 1 file:// URIs for ssh-pregen-hostkeys
[2m2025-12-06T06:31:46.382947Z[0m [32m INFO[0m [2mconvenient_bitbake::build_orchestrator[0m[2m:[0m Resolved 1 file:// URIs for acpica
[2m2025-12-06T06:31:46.665730Z[0m [32m INFO[0m [2mconvenient_bitbake::build_orchestrator[0m[2m:[0m Resolved 1 file:// URIs for taglib
[2m2025-12-06T06:31:46.845379Z[0m [32m INFO[0m [2mconvenient_bitbake::build_orchestrator[0m[2m:[0m Resolved 3 file:// URIs for less
[2m2025-12-06T06:31:47.189437Z[0m [32m INFO[0m [2mconvenient_bitbake::build_orchestrator[0m[2m:[0m Resolved 1 file:// URIs for json-glib
[2m2025-12-06T06:31:47.310753Z[0m [32m INFO[0m [2mconvenient_bitbake::build_orchestrator[0m[2m:[0m   ✓ Preprocessing: 15938 tasks in 4.90922s (avg 308µs/task)
[2m2025-12-06T06:31:47.310807Z[0m [32m INFO[0m [2mconvenient_bitbake::build_orchestrator[0m[2m:[0m ✓ Step 7 completed in 144.534225813s (15882 task specs created)
[2m2025-12-06T06:31:47.310838Z[0m [32m INFO[0m [2mconvenient_bitbake::build_orchestrator[0m[2m:[0m ✓ Build plan completed in 153.172564014s
  ✓ Recipes parsed: 884
  ✓ Tasks available: 15938

📊 Incremental Build Analysis:
  Total tasks:      15938
  Unchanged:        15918 (99.9%)
  Need rebuild:     20 (0.1%)
  New tasks:        0 (0.0%)

💾 Cache Status:
  CAS objects:      4976 (15.8 MB)
  Cached tasks:     48
  Active sandboxes: 0

🎯 Finding target recipe: busybox
  ✓ Found: busybox 1.35.0
  DEBUG: Recipe has 2 build dependencies
    - kern-tools-native
    - libxcrypt
  ✓ Target task: install

🔗 Building execution graph for busybox:install...
  ✓ Tasks in graph: 41
  ✓ Root tasks: 13
  ✓ Execution order computed (topologically sorted)

  DEBUG: Task dependency structure:
    - kern-tools-native:checkuri (depends_on: 0)
    - libxcrypt:checkuri (depends_on: 0)
    - libxcrypt:fetch (depends_on: 0)
    - libxcrypt:listtasks (depends_on: 0)
    - kern-tools-native:packagedata (depends_on: 0)
    - busybox:fetch (depends_on: 0)
    - libxcrypt:packagedata (depends_on: 0)
    - kern-tools-native:clean (depends_on: 0)
    - kern-tools-native:listtasks (depends_on: 0)
    - kern-tools-native:package (depends_on: 0)
    - kern-tools-native:fetch (depends_on: 0)
    - libxcrypt:package (depends_on: 0)
    - libxcrypt:clean (depends_on: 0)
    - libxcrypt:prepare_recipe_sysroot (depends_on: 1 [libxcrypt:fetch])
    - libxcrypt:unpack (depends_on: 1 [libxcrypt:fetch])
    - busybox:unpack (depends_on: 1 [busybox:fetch])
    - kern-tools-native:cleansstate (depends_on: 1 [kern-tools-native:clean])
    - kern-tools-native:prepare_recipe_sysroot (depends_on: 1 [kern-tools-native:fetch])
    - kern-tools-native:unpack (depends_on: 1 [kern-tools-native:fetch])
    - libxcrypt:cleansstate (depends_on: 1 [libxcrypt:clean])
    - libxcrypt:patch (depends_on: 1 [libxcrypt:unpack])
    - busybox:patch (depends_on: 1 [busybox:unpack])
    - kern-tools-native:cleanall (depends_on: 1 [kern-tools-native:cleansstate])
    - kern-tools-native:patch (depends_on: 1 [kern-tools-native:unpack])
    - libxcrypt:cleanall (depends_on: 1 [libxcrypt:cleansstate])
    - libxcrypt:configure (depends_on: 1 [libxcrypt:patch])
    - libxcrypt:deploy_source_date_epoch (depends_on: 1 [libxcrypt:patch])
    - busybox:configure (depends_on: 3 [busybox:patch, busybox:unpack, busybox:patch])
    - kern-tools-native:deploy_source_date_epoch (depends_on: 1 [kern-tools-native:patch])
    - kern-tools-native:configure (depends_on: 1 [kern-tools-native:patch])
    - libxcrypt:compile (depends_on: 1 [libxcrypt:configure])
    - busybox:compile (depends_on: 1 [busybox:configure])
    - kern-tools-native:compile (depends_on: 1 [kern-tools-native:configure])
    - libxcrypt:install (depends_on: 1 [libxcrypt:compile])
    - busybox:install (depends_on: 1 [busybox:compile])
    - kern-tools-native:install (depends_on: 1 [kern-tools-native:compile])
    - libxcrypt:populate_sysroot (depends_on: 1 [libxcrypt:install])
    - kern-tools-native:populate_sysroot (depends_on: 1 [kern-tools-native:install])
    - libxcrypt:build (depends_on: 1 [libxcrypt:populate_sysroot])
    - kern-tools-native:addto_recipe_sysroot (depends_on: 1 [kern-tools-native:populate_sysroot])
    - kern-tools-native:build (depends_on: 1 [kern-tools-native:populate_sysroot])

🚀 Executing task graph...

[2m2025-12-06T06:31:48.963886Z[0m [32m INFO[0m [2mconvenient_bitbake::executor::executor[0m[2m:[0m Initializing task executor
[2m2025-12-06T06:31:50.134958Z[0m [32m INFO[0m [2mconvenient_bitbake::executor::sandbox_backend[0m[2m:[0m Using native Linux namespace sandbox (recommended)
[2m2025-12-06T06:31:50.135093Z[0m [32m INFO[0m [2mconvenient_bitbake::executor::monitor[0m[2m:[0m Task started [3mtask_id[0m[2m=[0mkern-tools-native:checkuri [3mrecipe[0m[2m=[0mkern-tools-native [3mtask_name[0m[2m=[0mcheckuri
  ▶️  kern-tools-native:checkuri
[2m2025-12-06T06:31:50.136343Z[0m [32m INFO[0m [2mconvenient_bitbake::executor::executor[0m[2m:[0m Executing task: kern-tools-native:checkuri (mode: Shell)
[2m2025-12-06T06:31:50.220313Z[0m [32m INFO[0m [2mconvenient_bitbake::executor::executor[0m[2m:[0m Cache MISS for kern-tools-native:checkuri
[2m2025-12-06T06:31:50.220358Z[0m [32m INFO[0m [2mconvenient_bitbake::executor::executor[0m[2m:[0m Using sandboxed execution
[2m2025-12-06T06:31:50.600311Z[0m [32m INFO[0m [2mconvenient_bitbake::executor::executor[0m[2m:[0m Executing in sandbox: build-real-kas/hitzeleiter-cache/sandboxes/56449c77-6bf1-4a98-b822-b641eaa1272c
[2m2025-12-06T06:31:50.600366Z[0m [32m INFO[0m [2mconvenient_bitbake::executor::sandbox_backend[0m[2m:[0m Using native Linux namespace sandbox
[2m2025-12-06T06:31:50.600989Z[0m [32m INFO[0m [2mconvenient_bitbake::executor::native_sandbox[0m[2m:[0m Executing in native Linux namespace sandbox (mount+pid+network+cgroup): Isolated
[2m2025-12-06T06:31:50.601371Z[0m [33m WARN[0m [2mconvenient_bitbake::executor::native_sandbox[0m[2m:[0m cgroup v2 not available, resource limits will not be enforced
[2m2025-12-06T06:31:50.601393Z[0m [33m WARN[0m [2mconvenient_bitbake::executor::native_sandbox[0m[2m:[0m Failed to setup cgroup: Sandbox error: cgroup v2 not available (unified hierarchy required). Continuing without resource limits
[2m2025-12-06T06:31:50.742118Z[0m [32m INFO[0m [2mconvenient_bitbake::executor::native_sandbox[0m[2m:[0m Fast path: executing 5 actions directly (no bash)
[2m2025-12-06T06:31:50.844405Z[0m [32m INFO[0m [2mconvenient_bitbake::executor::executor[0m[2m:[0m Task completed in 596ms
[2m2025-12-06T06:31:50.846982Z[0m [32m INFO[0m [2mconvenient_bitbake::executor::monitor[0m[2m:[0m Task completed [3mtask_id[0m[2m=[0mkern-tools-native:checkuri [3mrecipe[0m[2m=[0mkern-tools-native [3mtask_name[0m[2m=[0mcheckuri [3mduration_ms[0m[2m=[0m711 [3mcached[0m[2m=[0mfalse
      ✅ Completed (0.60s)
      📊 Progress: 1/41 (2.4%)
[2m2025-12-06T06:31:50.847325Z[0m [32m INFO[0m [2mconvenient_bitbake::executor::monitor[0m[2m:[0m Task started [3mtask_id[0m[2m=[0mlibxcrypt:checkuri [3mrecipe[0m[2m=[0mlibxcrypt [3mtask_name[0m[2m=[0mcheckuri
  ▶️  libxcrypt:checkuri
[2m2025-12-06T06:31:50.849149Z[0m [32m INFO[0m [2mconvenient_bitbake::executor::executor[0m[2m:[0m Executing task: libxcrypt:checkuri (mode: Shell)
[2m2025-12-06T06:31:50.955255Z[0m [32m INFO[0m [2mconvenient_bitbake::executor::executor[0m[2m:[0m Cache MISS for libxcrypt:checkuri
[2m2025-12-06T06:31:50.955302Z[0m [32m INFO[0m [2mconvenient_bitbake::executor::executor[0m[2m:[0m Using sandboxed execution
[2m2025-12-06T06:31:51.410560Z[0m [32m INFO[0m [2mconvenient_bitbake::executor::executor[0m[2m:[0m Executing in sandbox: build-real-kas/hitzeleiter-cache/sandboxes/06b82b1b-c049-4b09-8660-488ae2419305
[2m2025-12-06T06:31:51.410608Z[0m [32m INFO[0m [2mconvenient_bitbake::executor::sandbox_backend[0m[2m:[0m Using native Linux namespace sandbox
[2m2025-12-06T06:31:51.411302Z[0m [32m INFO[0m [2mconvenient_bitbake::executor::native_sandbox[0m[2m:[0m Executing in native Linux namespace sandbox (mount+pid+network+cgroup): Isolated
[2m2025-12-06T06:31:51.411588Z[0m [33m WARN[0m [2mconvenient_bitbake::executor::native_sandbox[0m[2m:[0m cgroup v2 not available, resource limits will not be enforced
[2m2025-12-06T06:31:51.411611Z[0m [33m WARN[0m [2mconvenient_bitbake::executor::native_sandbox[0m[2m:[0m Failed to setup cgroup: Sandbox error: cgroup v2 not available (unified hierarchy required). Continuing without resource limits
[2m2025-12-06T06:31:51.460881Z[0m [32m INFO[0m [2mconvenient_bitbake::executor::native_sandbox[0m[2m:[0m Fast path: executing 5 actions directly (no bash)
[2m2025-12-06T06:31:51.555070Z[0m [32m INFO[0m [2mconvenient_bitbake::executor::executor[0m[2m:[0m Task completed in 583ms
[2m2025-12-06T06:31:51.558785Z[0m [32m INFO[0m [2mconvenient_bitbake::executor::monitor[0m[2m:[0m Task completed [3mtask_id[0m[2m=[0mlibxcrypt:checkuri [3mrecipe[0m[2m=[0mlibxcrypt [3mtask_name[0m[2m=[0mcheckuri [3mduration_ms[0m[2m=[0m711 [3mcached[0m[2m=[0mfalse
      ✅ Completed (0.58s)
      📊 Progress: 2/41 (4.9%)
[2m2025-12-06T06:31:51.559073Z[0m [32m INFO[0m [2mconvenient_bitbake::executor::monitor[0m[2m:[0m Task started [3mtask_id[0m[2m=[0mlibxcrypt:fetch [3mrecipe[0m[2m=[0mlibxcrypt [3mtask_name[0m[2m=[0mfetch
  ▶️  libxcrypt:fetch
[2m2025-12-06T06:31:51.560693Z[0m [32m INFO[0m [2mconvenient_bitbake::executor::executor[0m[2m:[0m Executing task: libxcrypt:fetch (mode: Shell)
[2m2025-12-06T06:31:51.657804Z[0m [32m INFO[0m [2mconvenient_bitbake::executor::executor[0m[2m:[0m Cache MISS for libxcrypt:fetch
[2m2025-12-06T06:31:51.657972Z[0m [32m INFO[0m [2mconvenient_bitbake::executor::executor[0m[2m:[0m Using pure Rust fetcher for fetch task (no host tools)
[2m2025-12-06T06:31:51.657990Z[0m [32m INFO[0m [2mconvenient_bitbake::executor::executor[0m[2m:[0m Executing fetch task with pure Rust fetcher
[2m2025-12-06T06:31:51.658257Z[0m [32m INFO[0m [2mconvenient_bitbake::executor::executor[0m[2m:[0m DL_DIR: build-real-kas/tmp/work/qemuarm64/libxcrypt/4.4.33/downloads
[2m2025-12-06T06:31:51.658301Z[0m [32m INFO[0m [2mconvenient_bitbake::executor::fetch_task[0m[2m:[0m Executing fetch task
[2m2025-12-06T06:31:51.658343Z[0m [32m INFO[0m [2mconvenient_bitbake::executor::fetch_task[0m[2m:[0m SRC_URI: git://github.com/besser82/libxcrypt.git;branch=master;protocol=https file://fix_cflags_handling.patch      file://0001-Make-BuildCommon.pm-compatible-with-latest-perl.patch      file://0002-Remove-smartmatch-usage-from-gen-crypt-h.patch
[2m2025-12-06T06:31:51.659090Z[0m [32m INFO[0m [2mconvenient_bitbake::executor::fetch_task[0m[2m:[0m Found 4 source URIs
[2m2025-12-06T06:31:51.659129Z[0m [32m INFO[0m [2mconvenient_bitbake::executor::fetch_task[0m[2m:[0m Fetching: https://github.com/besser82/libxcrypt.git
[2m2025-12-06T06:31:51.659140Z[0m [32m INFO[0m [2mconvenient_bitbake::executor::rust_fetcher[0m[2m:[0m Fetching source: https://github.com/besser82/libxcrypt.git
[2m2025-12-06T06:31:51.659803Z[0m [32m INFO[0m [2mconvenient_bitbake::executor::rust_fetcher[0m[2m:[0m Repository exists, updating: build-real-kas/tmp/work/qemuarm64/libxcrypt/4.4.33/downloads/git/libxcrypt
[2m2025-12-06T06:31:51.701443Z[0m [33m WARN[0m [2mconvenient_bitbake::executor::rust_fetcher[0m[2m:[0m git2 update failed with proxy error, using existing repo: Git operation failed: proxy returned unexpected status: 401; class=Http (34)
[2m2025-12-06T06:31:51.701482Z[0m [32m INFO[0m [2mconvenient_bitbake::executor::rust_fetcher[0m[2m:[0m Using git CLI fallback for pull
[2m2025-12-06T06:31:52.123006Z[0m [32m INFO[0m [2mconvenient_bitbake::executor::rust_fetcher[0m[2m:[0m git CLI pull successful
[2m2025-12-06T06:31:52.123312Z[0m [32m INFO[0m [2mconvenient_bitbake::executor::fetch_task[0m[2m:[0m Fetching: file://fix_cflags_handling.patch
[2m2025-12-06T06:31:52.123729Z[0m [32m INFO[0m [2mconvenient_bitbake::executor::fetch_task[0m[2m:[0m Fetching: file://0001-Make-BuildCommon.pm-compatible-with-latest-perl.patch
[2m2025-12-06T06:31:52.124034Z[0m [32m INFO[0m [2mconvenient_bitbake::executor::fetch_task[0m[2m:[0m Fetching: file://0002-Remove-smartmatch-usage-from-gen-crypt-h.patch
[2m2025-12-06T06:31:52.124377Z[0m [32m INFO[0m [2mconvenient_bitbake::executor::fetch_task[0m[2m:[0m Fetch complete: 4 files, 9695 bytes
[2m2025-12-06T06:31:52.126530Z[0m [32m INFO[0m [2mconvenient_bitbake::executor::executor[0m[2m:[0m Fetch task completed: 4 files, 9695 bytes in 466ms
[2m2025-12-06T06:31:52.133275Z[0m [32m INFO[0m [2mconvenient_bitbake::executor::executor[0m[2m:[0m Task completed in 466ms
[2m2025-12-06T06:31:52.133678Z[0m [32m INFO[0m [2mconvenient_bitbake::executor::monitor[0m[2m:[0m Task completed [3mtask_id[0m[2m=[0mlibxcrypt:fetch [3mrecipe[0m[2m=[0mlibxcrypt [3mtask_name[0m[2m=[0mfetch [3mduration_ms[0m[2m=[0m574 [3mcached[0m[2m=[0mfalse
      ✅ Completed (0.47s)
      📊 Progress: 3/41 (7.3%)
[2m2025-12-06T06:31:52.133850Z[0m [32m INFO[0m [2mconvenient_bitbake::executor::monitor[0m[2m:[0m Task started [3mtask_id[0m[2m=[0mlibxcrypt:listtasks [3mrecipe[0m[2m=[0mlibxcrypt [3mtask_name[0m[2m=[0mlisttasks
  ▶️  libxcrypt:listtasks
[2m2025-12-06T06:31:52.135965Z[0m [32m INFO[0m [2mconvenient_bitbake::executor::executor[0m[2m:[0m Executing task: libxcrypt:listtasks (mode: Shell)
[2m2025-12-06T06:31:52.235937Z[0m [32m INFO[0m [2mconvenient_bitbake::executor::executor[0m[2m:[0m Cache MISS for libxcrypt:listtasks
[2m2025-12-06T06:31:52.235995Z[0m [32m INFO[0m [2mconvenient_bitbake::executor::executor[0m[2m:[0m Using sandboxed execution
[2m2025-12-06T06:31:52.694785Z[0m [32m INFO[0m [2mconvenient_bitbake::executor::executor[0m[2m:[0m Executing in sandbox: build-real-kas/hitzeleiter-cache/sandboxes/3dcbfe7e-5ec6-4a89-8e3b-416179dd01d4
[2m2025-12-06T06:31:52.694836Z[0m [32m INFO[0m [2mconvenient_bitbake::executor::sandbox_backend[0m[2m:[0m Using native Linux namespace sandbox
[2m2025-12-06T06:31:52.695537Z[0m [32m INFO[0m [2mconvenient_bitbake::executor::native_sandbox[0m[2m:[0m Executing in native Linux namespace sandbox (mount+pid+network+cgroup): Isolated
[2m2025-12-06T06:31:52.695802Z[0m [33m WARN[0m [2mconvenient_bitbake::executor::native_sandbox[0m[2m:[0m cgroup v2 not available, resource limits will not be enforced
[2m2025-12-06T06:31:52.695828Z[0m [33m WARN[0m [2mconvenient_bitbake::executor::native_sandbox[0m[2m:[0m Failed to setup cgroup: Sandbox error: cgroup v2 not available (unified hierarchy required). Continuing without resource limits
[2m2025-12-06T06:31:52.746376Z[0m [32m INFO[0m [2mconvenient_bitbake::executor::native_sandbox[0m[2m:[0m Fast path: executing 5 actions directly (no bash)
[2m2025-12-06T06:31:52.837874Z[0m [32m INFO[0m [2mconvenient_bitbake::executor::executor[0m[2m:[0m Task completed in 590ms
[2m2025-12-06T06:31:52.840810Z[0m [32m INFO[0m [2mconvenient_bitbake::executor::monitor[0m[2m:[0m Task completed [3mtask_id[0m[2m=[0mlibxcrypt:listtasks [3mrecipe[0m[2m=[0mlibxcrypt [3mtask_name[0m[2m=[0mlisttasks [3mduration_ms[0m[2m=[0m706 [3mcached[0m[2m=[0mfalse
      ✅ Completed (0.59s)
      📊 Progress: 4/41 (9.8%)
[2m2025-12-06T06:31:52.841066Z[0m [32m INFO[0m [2mconvenient_bitbake::executor::monitor[0m[2m:[0m Task started [3mtask_id[0m[2m=[0mkern-tools-native:packagedata [3mrecipe[0m[2m=[0mkern-tools-native [3mtask_name[0m[2m=[0mpackagedata
  ▶️  kern-tools-native:packagedata
[2m2025-12-06T06:31:52.843114Z[0m [32m INFO[0m [2mconvenient_bitbake::executor::executor[0m[2m:[0m Executing task: kern-tools-native:packagedata (mode: Shell)
[2m2025-12-06T06:31:52.926513Z[0m [32m INFO[0m [2mconvenient_bitbake::executor::executor[0m[2m:[0m Cache MISS for kern-tools-native:packagedata
[2m2025-12-06T06:31:52.926560Z[0m [32m INFO[0m [2mconvenient_bitbake::executor::executor[0m[2m:[0m Using sandboxed execution
[2m2025-12-06T06:31:53.310147Z[0m [32m INFO[0m [2mconvenient_bitbake::executor::executor[0m[2m:[0m Executing in sandbox: build-real-kas/hitzeleiter-cache/sandboxes/311d0a32-0da7-4279-96fe-40ec7f16e6ce
[2m2025-12-06T06:31:53.310191Z[0m [32m INFO[0m [2mconvenient_bitbake::executor::sandbox_backend[0m[2m:[0m Using native Linux namespace sandbox
[2m2025-12-06T06:31:53.310931Z[0m [32m INFO[0m [2mconvenient_bitbake::executor::native_sandbox[0m[2m:[0m Executing in native Linux namespace sandbox (mount+pid+network+cgroup): Isolated
[2m2025-12-06T06:31:53.311306Z[0m [33m WARN[0m [2mconvenient_bitbake::executor::native_sandbox[0m[2m:[0m cgroup v2 not available, resource limits will not be enforced
[2m2025-12-06T06:31:53.311326Z[0m [33m WARN[0m [2mconvenient_bitbake::executor::native_sandbox[0m[2m:[0m Failed to setup cgroup: Sandbox error: cgroup v2 not available (unified hierarchy required). Continuing without resource limits
[2m2025-12-06T06:31:53.364327Z[0m [32m INFO[0m [2mconvenient_bitbake::executor::native_sandbox[0m[2m:[0m Fast path: executing 5 actions directly (no bash)
[2m2025-12-06T06:31:53.446254Z[0m [32m INFO[0m [2mconvenient_bitbake::executor::executor[0m[2m:[0m Task completed in 508ms
[2m2025-12-06T06:31:53.449867Z[0m [32m INFO[0m [2mconvenient_bitbake::executor::monitor[0m[2m:[0m Task completed [3mtask_id[0m[2m=[0mkern-tools-native:packagedata [3mrecipe[0m[2m=[0mkern-tools-native [3mtask_name[0m[2m=[0mpackagedata [3mduration_ms[0m[2m=[0m608 [3mcached[0m[2m=[0mfalse
      ✅ Completed (0.51s)
      📊 Progress: 5/41 (12.2%)
[2m2025-12-06T06:31:53.450080Z[0m [32m INFO[0m [2mconvenient_bitbake::executor::monitor[0m[2m:[0m Task started [3mtask_id[0m[2m=[0mbusybox:fetch [3mrecipe[0m[2m=[0mbusybox [3mtask_name[0m[2m=[0mfetch
  ▶️  busybox:fetch
[2m2025-12-06T06:31:53.452196Z[0m [32m INFO[0m [2mconvenient_bitbake::executor::executor[0m[2m:[0m Executing task: busybox:fetch (mode: Shell)
[2m2025-12-06T06:31:55.158871Z[0m [32m INFO[0m [2mconvenient_bitbake::executor::executor[0m[2m:[0m Cache MISS for busybox:fetch
[2m2025-12-06T06:31:55.158962Z[0m [32m INFO[0m [2mconvenient_bitbake::executor::executor[0m[2m:[0m Using pure Rust fetcher for fetch task (no host tools)
[2m2025-12-06T06:31:55.158994Z[0m [32m INFO[0m [2mconvenient_bitbake::executor::executor[0m[2m:[0m Executing fetch task with pure Rust fetcher
[2m2025-12-06T06:31:55.159334Z[0m [32m INFO[0m [2mconvenient_bitbake::executor::executor[0m[2m:[0m DL_DIR: build-real-kas/tmp/work/qemuarm64/busybox/1.35.0/downloads
[2m2025-12-06T06:31:55.159377Z[0m [32m INFO[0m [2mconvenient_bitbake::executor::fetch_task[0m[2m:[0m Executing fetch task
[2m2025-12-06T06:31:55.159393Z[0m [32m INFO[0m [2mconvenient_bitbake::executor::fetch_task[0m[2m:[0m SRC_URI: https://busybox.net/downloads/busybox-${PV}.tar.bz2;name=tarball             file://0001-depmod-Ignore-.debug-directories.patch             file://busybox-udhcpc-no_deconfig.patch             file://find-touchscreen.sh             file://busybox-cron             file://busybox-httpd             file://busybox-udhcpd             file://default.script             file://simple.script             file://hwclock.sh             file://syslog             file://syslog-startup.conf             file://syslog.conf             file://busybox-syslog.default             file://mdev             file://mdev.conf             file://mdev-mount.sh             file://defconfig             file://busybox-syslog.service.in             file://busybox-klogd.service.in             file://fail_on_no_media.patch             file://run-ptest             file://inetd.conf             file://inetd             file://login-utilities.cfg             file://recognize_connmand.patch             file://busybox-cross-menuconfig.patch             file://mount-via-label.cfg             file://sha1sum.cfg             file://sha256sum.cfg             file://getopts.cfg             file://longopts.cfg             file://resize.cfg              file://init.cfg][(d.getVar('VIRTUAL-RUNTIME_init_manager') == 'busybox')              file://rcS.default][(d.getVar('VIRTUAL-RUNTIME_init_manager') == 'busybox')              file://mdev.cfg][(d.getVar('VIRTUAL-RUNTIME_dev_manager') == 'busybox-mdev')             file://syslog.cfg             file://unicode.cfg             file://rev.cfg             file://pgrep.cfg             file://rcS             file://rcK             file://makefile-libbb-race.patch             file://0001-testsuite-check-uudecode-before-using-it.patch             file://0001-testsuite-use-www.example.org-for-wget-test-cases.patch             file://0001-du-l-works-fix-to-use-145-instead-of-144.patch             file://0001-sysctl-ignore-EIO-of-stable_secret-below-proc-sys-ne.patch             file://0001-libbb-sockaddr2str-ensure-only-printable-characters-.patch             file://0002-nslookup-sanitize-all-printed-strings-with-printable.patch             file://CVE-2022-30065.patch             file://0001-devmem-add-128-bit-width.patch  	   file://CVE-2022-48174.patch             file://CVE-2021-42380.patch             file://CVE-2023-42363.patch             file://CVE-2023-42364_42365-1.patch             file://CVE-2023-42364_42365-2.patch             file://CVE-2023-42366.patch             file://0001-cut-Fix-s-flag-to-omit-blank-lines.patch             file://CVE-2023-39810.patch             file://CVE-2025-46394-01.patch             file://CVE-2025-46394-02.patch file://musl.cfg
[2m2025-12-06T06:31:55.161800Z[0m [32m INFO[0m [2mconvenient_bitbake::executor::fetch_task[0m[2m:[0m Found 62 source URIs
[2m2025-12-06T06:31:55.161837Z[0m [32m INFO[0m [2mconvenient_bitbake::executor::fetch_task[0m[2m:[0m Fetching: https://busybox.net/downloads/busybox-1.35.0.tar.bz2
[2m2025-12-06T06:31:55.161854Z[0m [32m INFO[0m [2mconvenient_bitbake::executor::rust_fetcher[0m[2m:[0m Fetching source: https://busybox.net/downloads/busybox-1.35.0.tar.bz2
[2m2025-12-06T06:31:55.162548Z[0m [32m INFO[0m [2mconvenient_bitbake::executor::rust_fetcher[0m[2m:[0m File already exists: build-real-kas/tmp/work/qemuarm64/busybox/1.35.0/downloads/busybox-1.35.0.tar.bz2
[2m2025-12-06T06:31:55.162746Z[0m [32m INFO[0m [2mconvenient_bitbake::executor::fetch_task[0m[2m:[0m Fetching: file://0001-depmod-Ignore-.debug-directories.patch
[2m2025-12-06T06:31:55.163117Z[0m [32m INFO[0m [2mconvenient_bitbake::executor::fetch_task[0m[2m:[0m Fetching: file://busybox-udhcpc-no_deconfig.patch
[2m2025-12-06T06:31:55.163536Z[0m [32m INFO[0m [2mconvenient_bitbake::executor::fetch_task[0m[2m:[0m Fetching: file://find-touchscreen.sh
[2m2025-12-06T06:31:55.163864Z[0m [32m INFO[0m [2mconvenient_bitbake::executor::fetch_task[0m[2m:[0m Fetching: file://busybox-cron
[2m2025-12-06T06:31:55.164199Z[0m [32m INFO[0m [2mconvenient_bitbake::executor::fetch_task[0m[2m:[0m Fetching: file://busybox-httpd
[2m2025-12-06T06:31:55.164536Z[0m [32m INFO[0m [2mconvenient_bitbake::executor::fetch_task[0m[2m:[0m Fetching: file://busybox-udhcpd
[2m2025-12-06T06:31:55.164863Z[0m [32m INFO[0m [2mconvenient_bitbake::executor::fetch_task[0m[2m:[0m Fetching: file://default.script
[2m2025-12-06T06:31:55.165171Z[0m [32m INFO[0m [2mconvenient_bitbake::executor::fetch_task[0m[2m:[0m Fetching: file://simple.script
[2m2025-12-06T06:31:55.165484Z[0m [32m INFO[0m [2mconvenient_bitbake::executor::fetch_task[0m[2m:[0m Fetching: file://hwclock.sh
[2m2025-12-06T06:31:55.165779Z[0m [32m INFO[0m [2mconvenient_bitbake::executor::fetch_task[0m[2m:[0m Fetching: file://syslog
[2m2025-12-06T06:31:55.166111Z[0m [32m INFO[0m [2mconvenient_bitbake::executor::fetch_task[0m[2m:[0m Fetching: file://syslog-startup.conf
[2m2025-12-06T06:31:55.166492Z[0m [32m INFO[0m [2mconvenient_bitbake::executor::fetch_task[0m[2m:[0m Fetching: file://syslog.conf
[2m2025-12-06T06:31:55.166797Z[0m [32m INFO[0m [2mconvenient_bitbake::executor::fetch_task[0m[2m:[0m Fetching: file://busybox-syslog.default
[2m2025-12-06T06:31:55.167142Z[0m [32m INFO[0m [2mconvenient_bitbake::executor::fetch_task[0m[2m:[0m Fetching: file://mdev
[2m2025-12-06T06:31:55.167428Z[0m [32m INFO[0m [2mconvenient_bitbake::executor::fetch_task[0m[2m:[0m Fetching: file://mdev.conf
[2m2025-12-06T06:31:55.167694Z[0m [32m INFO[0m [2mconvenient_bitbake::executor::fetch_task[0m[2m:[0m Fetching: file://mdev-mount.sh
[2m2025-12-06T06:31:55.167950Z[0m [32m INFO[0m [2mconvenient_bitbake::executor::fetch_task[0m[2m:[0m Fetching: file://defconfig
[2m2025-12-06T06:31:55.168264Z[0m [32m INFO[0m [2mconvenient_bitbake::executor::fetch_task[0m[2m:[0m Fetching: file://busybox-syslog.service.in
[2m2025-12-06T06:31:55.168564Z[0m [32m INFO[0m [2mconvenient_bitbake::executor::fetch_task[0m[2m:[0m Fetching: file://busybox-klogd.service.in
[2m2025-12-06T06:31:55.168910Z[0m [32m INFO[0m [2mconvenient_bitbake::executor::fetch_task[0m[2m:[0m Fetching: file://fail_on_no_media.patch
[2m2025-12-06T06:31:55.169239Z[0m [32m INFO[0m [2mconvenient_bitbake::executor::fetch_task[0m[2m:[0m Fetching: file://run-ptest
[2m2025-12-06T06:31:55.169538Z[0m [32m INFO[0m [2mconvenient_bitbake::executor::fetch_task[0m[2m:[0m Fetching: file://inetd.conf
[2m2025-12-06T06:31:55.169829Z[0m [32m INFO[0m [2mconvenient_bitbake::executor::fetch_task[0m[2m:[0m Fetching: file://inetd
[2m2025-12-06T06:31:55.170112Z[0m [32m INFO[0m [2mconvenient_bitbake::executor::fetch_task[0m[2m:[0m Fetching: file://login-utilities.cfg
[2m2025-12-06T06:31:55.170434Z[0m [32m INFO[0m [2mconvenient_bitbake::executor::fetch_task[0m[2m:[0m Fetching: file://recognize_connmand.patch
[2m2025-12-06T06:31:55.170793Z[0m [32m INFO[0m [2mconvenient_bitbake::executor::fetch_task[0m[2m:[0m Fetching: file://busybox-cross-menuconfig.patch
[2m2025-12-06T06:31:55.171045Z[0m [32m INFO[0m [2mconvenient_bitbake::executor::fetch_task[0m[2m:[0m Fetching: file://mount-via-label.cfg
[2m2025-12-06T06:31:55.171387Z[0m [32m INFO[0m [2mconvenient_bitbake::executor::fetch_task[0m[2m:[0m Fetching: file://sha1sum.cfg
[2m2025-12-06T06:31:55.171721Z[0m [32m INFO[0m [2mconvenient_bitbake::executor::fetch_task[0m[2m:[0m Fetching: file://sha256sum.cfg
[2m2025-12-06T06:31:55.172040Z[0m [32m INFO[0m [2mconvenient_bitbake::executor::fetch_task[0m[2m:[0m Fetching: file://getopts.cfg
[2m2025-12-06T06:31:55.172361Z[0m [32m INFO[0m [2mconvenient_bitbake::executor::fetch_task[0m[2m:[0m Fetching: file://longopts.cfg
[2m2025-12-06T06:31:55.172638Z[0m [32m INFO[0m [2mconvenient_bitbake::executor::fetch_task[0m[2m:[0m Fetching: file://resize.cfg
[2m2025-12-06T06:31:55.172967Z[0m [32m INFO[0m [2mconvenient_bitbake::executor::fetch_task[0m[2m:[0m Fetching: file://init.cfg][(d.getVar('VIRTUAL-RUNTIME_init_manager')
[2m2025-12-06T06:31:55.173008Z[0m [32m INFO[0m [2mconvenient_bitbake::executor::fetch_task[0m[2m:[0m Fetching: file://rcS.default][(d.getVar('VIRTUAL-RUNTIME_init_manager')
[2m2025-12-06T06:31:55.173019Z[0m [32m INFO[0m [2mconvenient_bitbake::executor::fetch_task[0m[2m:[0m Fetching: file://mdev.cfg][(d.getVar('VIRTUAL-RUNTIME_dev_manager')
[2m2025-12-06T06:31:55.173040Z[0m [32m INFO[0m [2mconvenient_bitbake::executor::fetch_task[0m[2m:[0m Fetching: file://syslog.cfg
[2m2025-12-06T06:31:55.173388Z[0m [32m INFO[0m [2mconvenient_bitbake::executor::fetch_task[0m[2m:[0m Fetching: file://unicode.cfg
[2m2025-12-06T06:31:55.173687Z[0m [32m INFO[0m [2mconvenient_bitbake::executor::fetch_task[0m[2m:[0m Fetching: file://rev.cfg
[2m2025-12-06T06:31:55.173975Z[0m [32m INFO[0m [2mconvenient_bitbake::executor::fetch_task[0m[2m:[0m Fetching: file://pgrep.cfg
[2m2025-12-06T06:31:55.174388Z[0m [32m INFO[0m [2mconvenient_bitbake::executor::fetch_task[0m[2m:[0m Fetching: file://rcS
[2m2025-12-06T06:31:55.174666Z[0m [32m INFO[0m [2mconvenient_bitbake::executor::fetch_task[0m[2m:[0m Fetching: file://rcK
[2m2025-12-06T06:31:55.174944Z[0m [32m INFO[0m [2mconvenient_bitbake::executor::fetch_task[0m[2m:[0m Fetching: file://makefile-libbb-race.patch
[2m2025-12-06T06:31:55.175259Z[0m [32m INFO[0m [2mconvenient_bitbake::executor::fetch_task[0m[2m:[0m Fetching: file://0001-testsuite-check-uudecode-before-using-it.patch
[2m2025-12-06T06:31:55.175624Z[0m [32m INFO[0m [2mconvenient_bitbake::executor::fetch_task[0m[2m:[0m Fetching: file://0001-testsuite-use-www.example.org-for-wget-test-cases.patch
[2m2025-12-06T06:31:55.175951Z[0m [32m INFO[0m [2mconvenient_bitbake::executor::fetch_task[0m[2m:[0m Fetching: file://0001-du-l-works-fix-to-use-145-instead-of-144.patch
[2m2025-12-06T06:31:55.176256Z[0m [32m INFO[0m [2mconvenient_bitbake::executor::fetch_task[0m[2m:[0m Fetching: file://0001-sysctl-ignore-EIO-of-stable_secret-below-proc-sys-ne.patch
[2m2025-12-06T06:31:55.176530Z[0m [32m INFO[0m [2mconvenient_bitbake::executor::fetch_task[0m[2m:[0m Fetching: file://0001-libbb-sockaddr2str-ensure-only-printable-characters-.patch
[2m2025-12-06T06:31:55.176798Z[0m [32m INFO[0m [2mconvenient_bitbake::executor::fetch_task[0m[2m:[0m Fetching: file://0002-nslookup-sanitize-all-printed-strings-with-printable.patch
[2m2025-12-06T06:31:55.177072Z[0m [32m INFO[0m [2mconvenient_bitbake::executor::fetch_task[0m[2m:[0m Fetching: file://CVE-2022-30065.patch
[2m2025-12-06T06:31:55.177365Z[0m [32m INFO[0m [2mconvenient_bitbake::executor::fetch_task[0m[2m:[0m Fetching: file://0001-devmem-add-128-bit-width.patch
[2m2025-12-06T06:31:55.177657Z[0m [32m INFO[0m [2mconvenient_bitbake::executor::fetch_task[0m[2m:[0m Fetching: file://CVE-2022-48174.patch
[2m2025-12-06T06:31:55.177938Z[0m [32m INFO[0m [2mconvenient_bitbake::executor::fetch_task[0m[2m:[0m Fetching: file://CVE-2021-42380.patch
[2m2025-12-06T06:31:55.178284Z[0m [32m INFO[0m [2mconvenient_bitbake::executor::fetch_task[0m[2m:[0m Fetching: file://CVE-2023-42363.patch
[2m2025-12-06T06:31:55.178589Z[0m [32m INFO[0m [2mconvenient_bitbake::executor::fetch_task[0m[2m:[0m Fetching: file://CVE-2023-42364_42365-1.patch
[2m2025-12-06T06:31:55.178860Z[0m [32m INFO[0m [2mconvenient_bitbake::executor::fetch_task[0m[2m:[0m Fetching: file://CVE-2023-42364_42365-2.patch
[2m2025-12-06T06:31:55.179165Z[0m [32m INFO[0m [2mconvenient_bitbake::executor::fetch_task[0m[2m:[0m Fetching: file://CVE-2023-42366.patch
[2m2025-12-06T06:31:55.179501Z[0m [32m INFO[0m [2mconvenient_bitbake::executor::fetch_task[0m[2m:[0m Fetching: file://0001-cut-Fix-s-flag-to-omit-blank-lines.patch
[2m2025-12-06T06:31:55.179835Z[0m [32m INFO[0m [2mconvenient_bitbake::executor::fetch_task[0m[2m:[0m Fetching: file://CVE-2023-39810.patch
[2m2025-12-06T06:31:55.180158Z[0m [32m INFO[0m [2mconvenient_bitbake::executor::fetch_task[0m[2m:[0m Fetching: file://CVE-2025-46394-01.patch
[2m2025-12-06T06:31:55.180454Z[0m [32m INFO[0m [2mconvenient_bitbake::executor::fetch_task[0m[2m:[0m Fetching: file://CVE-2025-46394-02.patch
[2m2025-12-06T06:31:55.180719Z[0m [32m INFO[0m [2mconvenient_bitbake::executor::fetch_task[0m[2m:[0m Fetching: file://musl.cfg
[2m2025-12-06T06:31:55.181061Z[0m [32m INFO[0m [2mconvenient_bitbake::executor::fetch_task[0m[2m:[0m Fetch complete: 59 files, 2614883 bytes
[2m2025-12-06T06:31:55.211757Z[0m [32m INFO[0m [2mconvenient_bitbake::executor::executor[0m[2m:[0m Fetch task completed: 59 files, 2614883 bytes in 22ms
[2m2025-12-06T06:31:55.219291Z[0m [32m INFO[0m [2mconvenient_bitbake::executor::executor[0m[2m:[0m Task completed in 22ms
[2m2025-12-06T06:31:55.221477Z[0m [32m INFO[0m [2mconvenient_bitbake::executor::monitor[0m[2m:[0m Task completed [3mtask_id[0m[2m=[0mbusybox:fetch [3mrecipe[0m[2m=[0mbusybox [3mtask_name[0m[2m=[0mfetch [3mduration_ms[0m[2m=[0m1771 [3mcached[0m[2m=[0mfalse
      ✅ Completed (0.02s)
      📊 Progress: 6/41 (14.6%)
[2m2025-12-06T06:31:55.221774Z[0m [32m INFO[0m [2mconvenient_bitbake::executor::monitor[0m[2m:[0m Task started [3mtask_id[0m[2m=[0mlibxcrypt:packagedata [3mrecipe[0m[2m=[0mlibxcrypt [3mtask_name[0m[2m=[0mpackagedata
  ▶️  libxcrypt:packagedata
[2m2025-12-06T06:31:55.223696Z[0m [32m INFO[0m [2mconvenient_bitbake::executor::executor[0m[2m:[0m Executing task: libxcrypt:packagedata (mode: Shell)
[2m2025-12-06T06:31:55.334771Z[0m [32m INFO[0m [2mconvenient_bitbake::executor::executor[0m[2m:[0m Cache MISS for libxcrypt:packagedata
[2m2025-12-06T06:31:55.334819Z[0m [32m INFO[0m [2mconvenient_bitbake::executor::executor[0m[2m:[0m Using sandboxed execution
[2m2025-12-06T06:31:55.822582Z[0m [32m INFO[0m [2mconvenient_bitbake::executor::executor[0m[2m:[0m Executing in sandbox: build-real-kas/hitzeleiter-cache/sandboxes/78214adc-ae22-45db-a3d1-91aa2fa6ed94
[2m2025-12-06T06:31:55.822635Z[0m [32m INFO[0m [2mconvenient_bitbake::executor::sandbox_backend[0m[2m:[0m Using native Linux namespace sandbox
[2m2025-12-06T06:31:55.823358Z[0m [32m INFO[0m [2mconvenient_bitbake::executor::native_sandbox[0m[2m:[0m Executing in native Linux namespace sandbox (mount+pid+network+cgroup): Isolated
[2m2025-12-06T06:31:55.823857Z[0m [33m WARN[0m [2mconvenient_bitbake::executor::native_sandbox[0m[2m:[0m cgroup v2 not available, resource limits will not be enforced
[2m2025-12-06T06:31:55.823891Z[0m [33m WARN[0m [2mconvenient_bitbake::executor::native_sandbox[0m[2m:[0m Failed to setup cgroup: Sandbox error: cgroup v2 not available (unified hierarchy required). Continuing without resource limits
[2m2025-12-06T06:31:55.873768Z[0m [32m INFO[0m [2mconvenient_bitbake::executor::native_sandbox[0m[2m:[0m Fast path: executing 5 actions directly (no bash)
[2m2025-12-06T06:31:55.972980Z[0m [32m INFO[0m [2mconvenient_bitbake::executor::executor[0m[2m:[0m Task completed in 625ms
[2m2025-12-06T06:31:55.976392Z[0m [32m INFO[0m [2mconvenient_bitbake::executor::monitor[0m[2m:[0m Task completed [3mtask_id[0m[2m=[0mlibxcrypt:packagedata [3mrecipe[0m[2m=[0mlibxcrypt [3mtask_name[0m[2m=[0mpackagedata [3mduration_ms[0m[2m=[0m754 [3mcached[0m[2m=[0mfalse
      ✅ Completed (0.62s)
      📊 Progress: 7/41 (17.1%)
[2m2025-12-06T06:31:55.976492Z[0m [32m INFO[0m [2mconvenient_bitbake::executor::monitor[0m[2m:[0m Task started [3mtask_id[0m[2m=[0mkern-tools-native:clean [3mrecipe[0m[2m=[0mkern-tools-native [3mtask_name[0m[2m=[0mclean
  ▶️  kern-tools-native:clean
[2m2025-12-06T06:31:55.978529Z[0m [32m INFO[0m [2mconvenient_bitbake::executor::executor[0m[2m:[0m Executing task: kern-tools-native:clean (mode: Shell)
[2m2025-12-06T06:31:56.064220Z[0m [32m INFO[0m [2mconvenient_bitbake::executor::executor[0m[2m:[0m Cache MISS for kern-tools-native:clean
[2m2025-12-06T06:31:56.064274Z[0m [32m INFO[0m [2mconvenient_bitbake::executor::executor[0m[2m:[0m Using sandboxed execution
[2m2025-12-06T06:31:56.469734Z[0m [32m INFO[0m [2mconvenient_bitbake::executor::executor[0m[2m:[0m Executing in sandbox: build-real-kas/hitzeleiter-cache/sandboxes/cb6a84a3-1842-44ae-a342-fc1b46ec83f4
[2m2025-12-06T06:31:56.469837Z[0m [32m INFO[0m [2mconvenient_bitbake::executor::sandbox_backend[0m[2m:[0m Using native Linux namespace sandbox
[2m2025-12-06T06:31:56.470861Z[0m [32m INFO[0m [2mconvenient_bitbake::executor::native_sandbox[0m[2m:[0m Executing in native Linux namespace sandbox (mount+pid+network+cgroup): Isolated
[2m2025-12-06T06:31:56.471244Z[0m [33m WARN[0m [2mconvenient_bitbake::executor::native_sandbox[0m[2m:[0m cgroup v2 not available, resource limits will not be enforced
[2m2025-12-06T06:31:56.471272Z[0m [33m WARN[0m [2mconvenient_bitbake::executor::native_sandbox[0m[2m:[0m Failed to setup cgroup: Sandbox error: cgroup v2 not available (unified hierarchy required). Continuing without resource limits
[2m2025-12-06T06:31:56.523077Z[0m [32m INFO[0m [2mconvenient_bitbake::executor::native_sandbox[0m[2m:[0m Fast path: executing 5 actions directly (no bash)
[2m2025-12-06T06:31:56.615732Z[0m [32m INFO[0m [2mconvenient_bitbake::executor::executor[0m[2m:[0m Task completed in 535ms
[2m2025-12-06T06:31:56.619443Z[0m [32m INFO[0m [2mconvenient_bitbake::executor::monitor[0m[2m:[0m Task completed [3mtask_id[0m[2m=[0mkern-tools-native:clean [3mrecipe[0m[2m=[0mkern-tools-native [3mtask_name[0m[2m=[0mclean [3mduration_ms[0m[2m=[0m642 [3mcached[0m[2m=[0mfalse
      ✅ Completed (0.54s)
      📊 Progress: 8/41 (19.5%)
[2m2025-12-06T06:31:56.619582Z[0m [32m INFO[0m [2mconvenient_bitbake::executor::monitor[0m[2m:[0m Task started [3mtask_id[0m[2m=[0mkern-tools-native:listtasks [3mrecipe[0m[2m=[0mkern-tools-native [3mtask_name[0m[2m=[0mlisttasks
  ▶️  kern-tools-native:listtasks
[2m2025-12-06T06:31:56.622135Z[0m [32m INFO[0m [2mconvenient_bitbake::executor::executor[0m[2m:[0m Executing task: kern-tools-native:listtasks (mode: Shell)
[2m2025-12-06T06:31:56.700206Z[0m [32m INFO[0m [2mconvenient_bitbake::executor::executor[0m[2m:[0m Cache MISS for kern-tools-native:listtasks
[2m2025-12-06T06:31:56.700260Z[0m [32m INFO[0m [2mconvenient_bitbake::executor::executor[0m[2m:[0m Using sandboxed execution
[2m2025-12-06T06:31:57.059293Z[0m [32m INFO[0m [2mconvenient_bitbake::executor::executor[0m[2m:[0m Executing in sandbox: build-real-kas/hitzeleiter-cache/sandboxes/9990bcf6-f6ec-48a6-8442-c4178ae01fd9
[2m2025-12-06T06:31:57.059345Z[0m [32m INFO[0m [2mconvenient_bitbake::executor::sandbox_backend[0m[2m:[0m Using native Linux namespace sandbox
[2m2025-12-06T06:31:57.060151Z[0m [32m INFO[0m [2mconvenient_bitbake::executor::native_sandbox[0m[2m:[0m Executing in native Linux namespace sandbox (mount+pid+network+cgroup): Isolated
[2m2025-12-06T06:31:57.060518Z[0m [33m WARN[0m [2mconvenient_bitbake::executor::native_sandbox[0m[2m:[0m cgroup v2 not available, resource limits will not be enforced
[2m2025-12-06T06:31:57.060537Z[0m [33m WARN[0m [2mconvenient_bitbake::executor::native_sandbox[0m[2m:[0m Failed to setup cgroup: Sandbox error: cgroup v2 not available (unified hierarchy required). Continuing without resource limits
[2m2025-12-06T06:31:57.109568Z[0m [32m INFO[0m [2mconvenient_bitbake::executor::native_sandbox[0m[2m:[0m Fast path: executing 5 actions directly (no bash)
[2m2025-12-06T06:31:57.191848Z[0m [32m INFO[0m [2mconvenient_bitbake::executor::executor[0m[2m:[0m Task completed in 480ms
[2m2025-12-06T06:31:57.195032Z[0m [32m INFO[0m [2mconvenient_bitbake::executor::monitor[0m[2m:[0m Task completed [3mtask_id[0m[2m=[0mkern-tools-native:listtasks [3mrecipe[0m[2m=[0mkern-tools-native [3mtask_name[0m[2m=[0mlisttasks [3mduration_ms[0m[2m=[0m575 [3mcached[0m[2m=[0mfalse
      ✅ Completed (0.48s)
      📊 Progress: 9/41 (22.0%)
[2m2025-12-06T06:31:57.195233Z[0m [32m INFO[0m [2mconvenient_bitbake::executor::monitor[0m[2m:[0m Task started [3mtask_id[0m[2m=[0mkern-tools-native:package [3mrecipe[0m[2m=[0mkern-tools-native [3mtask_name[0m[2m=[0mpackage
  ▶️  kern-tools-native:package
[2m2025-12-06T06:31:57.197806Z[0m [32m INFO[0m [2mconvenient_bitbake::executor::executor[0m[2m:[0m Executing task: kern-tools-native:package (mode: Shell)
[2m2025-12-06T06:31:57.276075Z[0m [32m INFO[0m [2mconvenient_bitbake::executor::executor[0m[2m:[0m Cache MISS for kern-tools-native:package
[2m2025-12-06T06:31:57.276143Z[0m [32m INFO[0m [2mconvenient_bitbake::executor::executor[0m[2m:[0m Using sandboxed execution
[2m2025-12-06T06:31:57.669487Z[0m [32m INFO[0m [2mconvenient_bitbake::executor::executor[0m[2m:[0m Executing in sandbox: build-real-kas/hitzeleiter-cache/sandboxes/6776cae5-1a54-4d31-9efb-886cdac6be30
[2m2025-12-06T06:31:57.669539Z[0m [32m INFO[0m [2mconvenient_bitbake::executor::sandbox_backend[0m[2m:[0m Using native Linux namespace sandbox
[2m2025-12-06T06:31:57.670362Z[0m [32m INFO[0m [2mconvenient_bitbake::executor::native_sandbox[0m[2m:[0m Executing in native Linux namespace sandbox (mount+pid+network+cgroup): Isolated
[2m2025-12-06T06:31:57.670747Z[0m [33m WARN[0m [2mconvenient_bitbake::executor::native_sandbox[0m[2m:[0m cgroup v2 not available, resource limits will not be enforced
[2m2025-12-06T06:31:57.670780Z[0m [33m WARN[0m [2mconvenient_bitbake::executor::native_sandbox[0m[2m:[0m Failed to setup cgroup: Sandbox error: cgroup v2 not available (unified hierarchy required). Continuing without resource limits
[2m2025-12-06T06:31:57.721938Z[0m [32m INFO[0m [2mconvenient_bitbake::executor::native_sandbox[0m[2m:[0m Fast path: executing 5 actions directly (no bash)
[2m2025-12-06T06:31:57.808751Z[0m [32m INFO[0m [2mconvenient_bitbake::executor::executor[0m[2m:[0m Task completed in 521ms
[2m2025-12-06T06:31:57.812435Z[0m [32m INFO[0m [2mconvenient_bitbake::executor::monitor[0m[2m:[0m Task completed [3mtask_id[0m[2m=[0mkern-tools-native:package [3mrecipe[0m[2m=[0mkern-tools-native [3mtask_name[0m[2m=[0mpackage [3mduration_ms[0m[2m=[0m617 [3mcached[0m[2m=[0mfalse
      ✅ Completed (0.52s)
      📊 Progress: 10/41 (24.4%)
[2m2025-12-06T06:31:57.812518Z[0m [32m INFO[0m [2mconvenient_bitbake::executor::monitor[0m[2m:[0m Task started [3mtask_id[0m[2m=[0mkern-tools-native:fetch [3mrecipe[0m[2m=[0mkern-tools-native [3mtask_name[0m[2m=[0mfetch
  ▶️  kern-tools-native:fetch
[2m2025-12-06T06:31:57.814883Z[0m [32m INFO[0m [2mconvenient_bitbake::executor::executor[0m[2m:[0m Executing task: kern-tools-native:fetch (mode: Shell)
[2m2025-12-06T06:31:57.896272Z[0m [32m INFO[0m [2mconvenient_bitbake::executor::executor[0m[2m:[0m Cache MISS for kern-tools-native:fetch
[2m2025-12-06T06:31:57.896333Z[0m [32m INFO[0m [2mconvenient_bitbake::executor::executor[0m[2m:[0m Using pure Rust fetcher for fetch task (no host tools)
[2m2025-12-06T06:31:57.896362Z[0m [32m INFO[0m [2mconvenient_bitbake::executor::executor[0m[2m:[0m Executing fetch task with pure Rust fetcher
[2m2025-12-06T06:31:57.896648Z[0m [32m INFO[0m [2mconvenient_bitbake::executor::executor[0m[2m:[0m DL_DIR: build-real-kas/tmp/work/qemuarm64/kern-tools-native/0.3+git${SRCPV}/downloads
[2m2025-12-06T06:31:57.896696Z[0m [32m INFO[0m [2mconvenient_bitbake::executor::fetch_task[0m[2m:[0m Executing fetch task
[2m2025-12-06T06:31:57.896707Z[0m [32m INFO[0m [2mconvenient_bitbake::executor::fetch_task[0m[2m:[0m SRC_URI: git://git.yoctoproject.org/yocto-kernel-tools.git;branch=master
[2m2025-12-06T06:31:57.897461Z[0m [32m INFO[0m [2mconvenient_bitbake::executor::fetch_task[0m[2m:[0m Found 1 source URIs
[2m2025-12-06T06:31:57.897490Z[0m [32m INFO[0m [2mconvenient_bitbake::executor::fetch_task[0m[2m:[0m Fetching: git://git.yoctoproject.org/yocto-kernel-tools.git
[2m2025-12-06T06:31:57.897501Z[0m [32m INFO[0m [2mconvenient_bitbake::executor::rust_fetcher[0m[2m:[0m Fetching source: git://git.yoctoproject.org/yocto-kernel-tools.git
[2m2025-12-06T06:31:57.897984Z[0m [32m INFO[0m [2mconvenient_bitbake::executor::rust_fetcher[0m[2m:[0m Converting git:// to https:// for proxy compatibility: https://git.yoctoproject.org/yocto-kernel-tools.git
[2m2025-12-06T06:31:57.898451Z[0m [32m INFO[0m [2mconvenient_bitbake::executor::rust_fetcher[0m[2m:[0m Repository exists, updating: build-real-kas/tmp/work/qemuarm64/kern-tools-native/0.3+git${SRCPV}/downloads/git/yocto-kernel-tools
[2m2025-12-06T06:31:57.905507Z[0m [33m WARN[0m [2mconvenient_bitbake::executor::rust_fetcher[0m[2m:[0m git2 update failed with proxy error, using existing repo: Git operation failed: proxy returned unexpected status: 401; class=Http (34)
[2m2025-12-06T06:31:57.905539Z[0m [32m INFO[0m [2mconvenient_bitbake::executor::rust_fetcher[0m[2m:[0m Using git CLI fallback for pull
[2m2025-12-06T06:31:58.564941Z[0m [32m INFO[0m [2mconvenient_bitbake::executor::rust_fetcher[0m[2m:[0m git CLI pull successful
[2m2025-12-06T06:31:58.565206Z[0m [32m INFO[0m [2mconvenient_bitbake::executor::fetch_task[0m[2m:[0m Fetch complete: 1 files, 4096 bytes
[2m2025-12-06T06:31:58.565857Z[0m [32m INFO[0m [2mconvenient_bitbake::executor::executor[0m[2m:[0m Fetch task completed: 1 files, 4096 bytes in 668ms
[2m2025-12-06T06:31:58.572774Z[0m [32m INFO[0m [2mconvenient_bitbake::executor::executor[0m[2m:[0m Task completed in 668ms
[2m2025-12-06T06:31:58.573210Z[0m [32m INFO[0m [2mconvenient_bitbake::executor::monitor[0m[2m:[0m Task completed [3mtask_id[0m[2m=[0mkern-tools-native:fetch [3mrecipe[0m[2m=[0mkern-tools-native [3mtask_name[0m[2m=[0mfetch [3mduration_ms[0m[2m=[0m760 [3mcached[0m[2m=[0mfalse
      ✅ Completed (0.67s)
      📊 Progress: 11/41 (26.8%)
[2m2025-12-06T06:31:58.573392Z[0m [32m INFO[0m [2mconvenient_bitbake::executor::monitor[0m[2m:[0m Task started [3mtask_id[0m[2m=[0mlibxcrypt:package [3mrecipe[0m[2m=[0mlibxcrypt [3mtask_name[0m[2m=[0mpackage
  ▶️  libxcrypt:package
[2m2025-12-06T06:31:58.575956Z[0m [32m INFO[0m [2mconvenient_bitbake::executor::executor[0m[2m:[0m Executing task: libxcrypt:package (mode: Shell)
[2m2025-12-06T06:31:58.686555Z[0m [32m INFO[0m [2mconvenient_bitbake::executor::executor[0m[2m:[0m Cache MISS for libxcrypt:package
[2m2025-12-06T06:31:58.686611Z[0m [32m INFO[0m [2mconvenient_bitbake::executor::executor[0m[2m:[0m Using sandboxed execution
[2m2025-12-06T06:31:59.186413Z[0m [32m INFO[0m [2mconvenient_bitbake::executor::executor[0m[2m:[0m Executing in sandbox: build-real-kas/hitzeleiter-cache/sandboxes/faebcece-651d-45ac-954f-d3a2fc73903c
[2m2025-12-06T06:31:59.186464Z[0m [32m INFO[0m [2mconvenient_bitbake::executor::sandbox_backend[0m[2m:[0m Using native Linux namespace sandbox
[2m2025-12-06T06:31:59.187285Z[0m [32m INFO[0m [2mconvenient_bitbake::executor::native_sandbox[0m[2m:[0m Executing in native Linux namespace sandbox (mount+pid+network+cgroup): Isolated
[2m2025-12-06T06:31:59.187782Z[0m [33m WARN[0m [2mconvenient_bitbake::executor::native_sandbox[0m[2m:[0m cgroup v2 not available, resource limits will not be enforced
[2m2025-12-06T06:31:59.187815Z[0m [33m WARN[0m [2mconvenient_bitbake::executor::native_sandbox[0m[2m:[0m Failed to setup cgroup: Sandbox error: cgroup v2 not available (unified hierarchy required). Continuing without resource limits
[2m2025-12-06T06:31:59.235353Z[0m [32m INFO[0m [2mconvenient_bitbake::executor::native_sandbox[0m[2m:[0m Fast path: executing 5 actions directly (no bash)
[2m2025-12-06T06:31:59.329603Z[0m [32m INFO[0m [2mconvenient_bitbake::executor::executor[0m[2m:[0m Task completed in 630ms
[2m2025-12-06T06:31:59.333018Z[0m [32m INFO[0m [2mconvenient_bitbake::executor::monitor[0m[2m:[0m Task completed [3mtask_id[0m[2m=[0mlibxcrypt:package [3mrecipe[0m[2m=[0mlibxcrypt [3mtask_name[0m[2m=[0mpackage [3mduration_ms[0m[2m=[0m759 [3mcached[0m[2m=[0mfalse
      ✅ Completed (0.63s)
      📊 Progress: 12/41 (29.3%)
[2m2025-12-06T06:31:59.333233Z[0m [32m INFO[0m [2mconvenient_bitbake::executor::monitor[0m[2m:[0m Task started [3mtask_id[0m[2m=[0mlibxcrypt:clean [3mrecipe[0m[2m=[0mlibxcrypt [3mtask_name[0m[2m=[0mclean
  ▶️  libxcrypt:clean
[2m2025-12-06T06:31:59.335439Z[0m [32m INFO[0m [2mconvenient_bitbake::executor::executor[0m[2m:[0m Executing task: libxcrypt:clean (mode: Shell)
[2m2025-12-06T06:31:59.436677Z[0m [32m INFO[0m [2mconvenient_bitbake::executor::executor[0m[2m:[0m Cache MISS for libxcrypt:clean
[2m2025-12-06T06:31:59.436730Z[0m [32m INFO[0m [2mconvenient_bitbake::executor::executor[0m[2m:[0m Using sandboxed execution
[2m2025-12-06T06:31:59.914378Z[0m [32m INFO[0m [2mconvenient_bitbake::executor::executor[0m[2m:[0m Executing in sandbox: build-real-kas/hitzeleiter-cache/sandboxes/912ffeb7-0b84-4796-a3d8-26e92f20b83b
[2m2025-12-06T06:31:59.914429Z[0m [32m INFO[0m [2mconvenient_bitbake::executor::sandbox_backend[0m[2m:[0m Using native Linux namespace sandbox
[2m2025-12-06T06:31:59.915198Z[0m [32m INFO[0m [2mconvenient_bitbake::executor::native_sandbox[0m[2m:[0m Executing in native Linux namespace sandbox (mount+pid+network+cgroup): Isolated
[2m2025-12-06T06:31:59.915513Z[0m [33m WARN[0m [2mconvenient_bitbake::executor::native_sandbox[0m[2m:[0m cgroup v2 not available, resource limits will not be enforced
[2m2025-12-06T06:31:59.915545Z[0m [33m WARN[0m [2mconvenient_bitbake::executor::native_sandbox[0m[2m:[0m Failed to setup cgroup: Sandbox error: cgroup v2 not available (unified hierarchy required). Continuing without resource limits
[2m2025-12-06T06:31:59.965027Z[0m [32m INFO[0m [2mconvenient_bitbake::executor::native_sandbox[0m[2m:[0m Fast path: executing 5 actions directly (no bash)
[2m2025-12-06T06:32:00.056815Z[0m [32m INFO[0m [2mconvenient_bitbake::executor::executor[0m[2m:[0m Task completed in 608ms
[2m2025-12-06T06:32:00.060423Z[0m [32m INFO[0m [2mconvenient_bitbake::executor::monitor[0m[2m:[0m Task completed [3mtask_id[0m[2m=[0mlibxcrypt:clean [3mrecipe[0m[2m=[0mlibxcrypt [3mtask_name[0m[2m=[0mclean [3mduration_ms[0m[2m=[0m727 [3mcached[0m[2m=[0mfalse
      ✅ Completed (0.61s)
      📊 Progress: 13/41 (31.7%)
[2m2025-12-06T06:32:00.060599Z[0m [32m INFO[0m [2mconvenient_bitbake::executor::monitor[0m[2m:[0m Task started [3mtask_id[0m[2m=[0mlibxcrypt:prepare_recipe_sysroot [3mrecipe[0m[2m=[0mlibxcrypt [3mtask_name[0m[2m=[0mprepare_recipe_sysroot
  ▶️  libxcrypt:prepare_recipe_sysroot
[2m2025-12-06T06:32:00.062464Z[0m [32m INFO[0m [2mconvenient_bitbake::executor::executor[0m[2m:[0m Executing task: libxcrypt:prepare_recipe_sysroot (mode: Shell)
[2m2025-12-06T06:32:00.162840Z[0m [32m INFO[0m [2mconvenient_bitbake::executor::executor[0m[2m:[0m Cache MISS for libxcrypt:prepare_recipe_sysroot
[2m2025-12-06T06:32:00.162890Z[0m [32m INFO[0m [2mconvenient_bitbake::executor::executor[0m[2m:[0m Using sandboxed execution
[2m2025-12-06T06:32:00.624882Z[0m [32m INFO[0m [2mconvenient_bitbake::executor::executor[0m[2m:[0m Executing in sandbox: build-real-kas/hitzeleiter-cache/sandboxes/f23e21b5-1e48-4409-91a4-ce6e985342df
[2m2025-12-06T06:32:00.624937Z[0m [32m INFO[0m [2mconvenient_bitbake::executor::sandbox_backend[0m[2m:[0m Using native Linux namespace sandbox
[2m2025-12-06T06:32:00.625702Z[0m [32m INFO[0m [2mconvenient_bitbake::executor::native_sandbox[0m[2m:[0m Executing in native Linux namespace sandbox (mount+pid+network+cgroup): Isolated
[2m2025-12-06T06:32:00.626048Z[0m [33m WARN[0m [2mconvenient_bitbake::executor::native_sandbox[0m[2m:[0m cgroup v2 not available, resource limits will not be enforced
[2m2025-12-06T06:32:00.626074Z[0m [33m WARN[0m [2mconvenient_bitbake::executor::native_sandbox[0m[2m:[0m Failed to setup cgroup: Sandbox error: cgroup v2 not available (unified hierarchy required). Continuing without resource limits
[2m2025-12-06T06:32:00.673606Z[0m [32m INFO[0m [2mconvenient_bitbake::executor::native_sandbox[0m[2m:[0m Fast path: executing 5 actions directly (no bash)
[2m2025-12-06T06:32:00.762503Z[0m [32m INFO[0m [2mconvenient_bitbake::executor::executor[0m[2m:[0m Task completed in 588ms
[2m2025-12-06T06:32:00.766134Z[0m [32m INFO[0m [2mconvenient_bitbake::executor::monitor[0m[2m:[0m Task completed [3mtask_id[0m[2m=[0mlibxcrypt:prepare_recipe_sysroot [3mrecipe[0m[2m=[0mlibxcrypt [3mtask_name[0m[2m=[0mprepare_recipe_sysroot [3mduration_ms[0m[2m=[0m705 [3mcached[0m[2m=[0mfalse
      ✅ Completed (0.59s)
      📊 Progress: 14/41 (34.1%)
[2m2025-12-06T06:32:00.766338Z[0m [32m INFO[0m [2mconvenient_bitbake::executor::monitor[0m[2m:[0m Task started [3mtask_id[0m[2m=[0mlibxcrypt:unpack [3mrecipe[0m[2m=[0mlibxcrypt [3mtask_name[0m[2m=[0munpack
  ▶️  libxcrypt:unpack
[2m2025-12-06T06:32:00.996411Z[0m [32m INFO[0m [2mconvenient_bitbake::executor::executor[0m[2m:[0m Executing task: libxcrypt:unpack (mode: Shell)
[2m2025-12-06T06:32:01.103359Z[0m [32m INFO[0m [2mconvenient_bitbake::executor::executor[0m[2m:[0m Cache MISS for libxcrypt:unpack
[2m2025-12-06T06:32:01.103542Z[0m [32m INFO[0m [2mconvenient_bitbake::executor::executor[0m[2m:[0m Using pure Rust unpacker for unpack task (no host tools)
[2m2025-12-06T06:32:01.103581Z[0m [32m INFO[0m [2mconvenient_bitbake::executor::executor[0m[2m:[0m Executing unpack task with pure Rust unpacker
[2m2025-12-06T06:32:01.103874Z[0m [32m INFO[0m [2mconvenient_bitbake::executor::executor[0m[2m:[0m DL_DIR: build-real-kas/tmp/work/qemuarm64/libxcrypt/4.4.33/downloads
[2m2025-12-06T06:32:01.103915Z[0m [32m INFO[0m [2mconvenient_bitbake::executor::executor[0m[2m:[0m S: build-real-kas/tmp/work/qemuarm64/libxcrypt/4.4.33/libxcrypt-4.4.33
[2m2025-12-06T06:32:01.104356Z[0m [32m INFO[0m [2mconvenient_bitbake::executor::executor[0m[2m:[0m No archives found in DL_DIR
[2m2025-12-06T06:32:01.104925Z[0m [32m INFO[0m [2mconvenient_bitbake::executor::executor[0m[2m:[0m Extracting git repository libxcrypt to S directory
[2m2025-12-06T06:32:01.298008Z[0m [32m INFO[0m [2mconvenient_bitbake::executor::executor[0m[2m:[0m Extracted git repository libxcrypt to build-real-kas/tmp/work/qemuarm64/libxcrypt/4.4.33/libxcrypt-4.4.33
[2m2025-12-06T06:32:01.300788Z[0m [32m INFO[0m [2mconvenient_bitbake::executor::executor[0m[2m:[0m Copied 3 file:// resources to WORKDIR
[2m2025-12-06T06:32:01.368207Z[0m [32m INFO[0m [2mconvenient_bitbake::executor::executor[0m[2m:[0m Unpack task completed: 0 archives, 174 files in 264ms
[2m2025-12-06T06:32:01.374651Z[0m [32m INFO[0m [2mconvenient_bitbake::executor::executor[0m[2m:[0m Task completed in 264ms
[2m2025-12-06T06:32:01.375071Z[0m [32m INFO[0m [2mconvenient_bitbake::executor::monitor[0m[2m:[0m Task completed [3mtask_id[0m[2m=[0mlibxcrypt:unpack [3mrecipe[0m[2m=[0mlibxcrypt [3mtask_name[0m[2m=[0munpack [3mduration_ms[0m[2m=[0m608 [3mcached[0m[2m=[0mfalse
      ✅ Completed (0.26s)
      📊 Progress: 15/41 (36.6%)
[2m2025-12-06T06:32:01.375345Z[0m [32m INFO[0m [2mconvenient_bitbake::executor::monitor[0m[2m:[0m Task started [3mtask_id[0m[2m=[0mbusybox:unpack [3mrecipe[0m[2m=[0mbusybox [3mtask_name[0m[2m=[0munpack
  ▶️  busybox:unpack
[2m2025-12-06T06:32:01.589244Z[0m [32m INFO[0m [2mconvenient_bitbake::fetcher[0m[2m:[0m Fetching https://busybox.net/downloads/busybox-1.35.0.tar.bz2 to build-real-kas/downloads/busybox-1.35.0.tar.bz2
    ✗ Failed to fetch: HTTP error: Failed to fetch https://busybox.net/downloads/busybox-1.35.0.tar.bz2: https://busybox.net/downloads/busybox-1.35.0.tar.bz2: Dns Failed: resolve dns name 'busybox.net:443': failed to lookup address information: Temporary failure in name resolution
[2m2025-12-06T06:32:01.710508Z[0m [32m INFO[0m [2mconvenient_bitbake::executor::executor[0m[2m:[0m Executing task: busybox:unpack (mode: Shell)
[2m2025-12-06T06:32:03.369900Z[0m [32m INFO[0m [2mconvenient_bitbake::executor::executor[0m[2m:[0m Cache MISS for busybox:unpack
[2m2025-12-06T06:32:03.369944Z[0m [32m INFO[0m [2mconvenient_bitbake::executor::executor[0m[2m:[0m Using pure Rust unpacker for unpack task (no host tools)
[2m2025-12-06T06:32:03.369965Z[0m [32m INFO[0m [2mconvenient_bitbake::executor::executor[0m[2m:[0m Executing unpack task with pure Rust unpacker
[2m2025-12-06T06:32:03.370248Z[0m [32m INFO[0m [2mconvenient_bitbake::executor::executor[0m[2m:[0m DL_DIR: build-real-kas/tmp/work/qemuarm64/busybox/1.35.0/downloads
[2m2025-12-06T06:32:03.370300Z[0m [32m INFO[0m [2mconvenient_bitbake::executor::executor[0m[2m:[0m S: build-real-kas/tmp/work/qemuarm64/busybox/1.35.0/busybox-1.35.0
[2m2025-12-06T06:32:03.371322Z[0m [32m INFO[0m [2mconvenient_bitbake::fetcher[0m[2m:[0m Unpacking build-real-kas/tmp/work/qemuarm64/busybox/1.35.0/downloads/busybox-1.35.0.tar.bz2 to build-real-kas/tmp/work/qemuarm64/busybox/1.35.0/busybox-1.35.0
[2m2025-12-06T06:32:12.226147Z[0m [32m INFO[0m [2mconvenient_bitbake::fetcher[0m[2m:[0m Unpacked successfully
[2m2025-12-06T06:32:12.297055Z[0m [32m INFO[0m [2mconvenient_bitbake::executor::executor[0m[2m:[0m Copied 58 file:// resources to WORKDIR
[2m2025-12-06T06:32:13.365054Z[0m [32m INFO[0m [2mconvenient_bitbake::executor::executor[0m[2m:[0m Unpack task completed: 1 archives, 2777 files in 9995ms
[2m2025-12-06T06:32:13.389328Z[0m [32m INFO[0m [2mconvenient_bitbake::executor::executor[0m[2m:[0m Task completed in 9995ms
[2m2025-12-06T06:32:13.391079Z[0m [32m INFO[0m [2mconvenient_bitbake::executor::monitor[0m[2m:[0m Task completed [3mtask_id[0m[2m=[0mbusybox:unpack [3mrecipe[0m[2m=[0mbusybox [3mtask_name[0m[2m=[0munpack [3mduration_ms[0m[2m=[0m12015 [3mcached[0m[2m=[0mfalse
      ✅ Completed (9.99s)
      📊 Progress: 16/41 (39.0%)
[2m2025-12-06T06:32:13.391869Z[0m [32m INFO[0m [2mconvenient_bitbake::executor::monitor[0m[2m:[0m Task started [3mtask_id[0m[2m=[0mkern-tools-native:cleansstate [3mrecipe[0m[2m=[0mkern-tools-native [3mtask_name[0m[2m=[0mcleansstate
  ▶️  kern-tools-native:cleansstate
[2m2025-12-06T06:32:13.394559Z[0m [32m INFO[0m [2mconvenient_bitbake::executor::executor[0m[2m:[0m Executing task: kern-tools-native:cleansstate (mode: Shell)
[2m2025-12-06T06:32:13.475020Z[0m [32m INFO[0m [2mconvenient_bitbake::executor::executor[0m[2m:[0m Cache MISS for kern-tools-native:cleansstate
[2m2025-12-06T06:32:13.475069Z[0m [32m INFO[0m [2mconvenient_bitbake::executor::executor[0m[2m:[0m Using sandboxed execution
[2m2025-12-06T06:32:13.856982Z[0m [32m INFO[0m [2mconvenient_bitbake::executor::executor[0m[2m:[0m Executing in sandbox: build-real-kas/hitzeleiter-cache/sandboxes/d9dad9c1-c4ae-47cc-89c8-8b8e15d8f18b
[2m2025-12-06T06:32:13.857030Z[0m [32m INFO[0m [2mconvenient_bitbake::executor::sandbox_backend[0m[2m:[0m Using native Linux namespace sandbox
[2m2025-12-06T06:32:13.857800Z[0m [32m INFO[0m [2mconvenient_bitbake::executor::native_sandbox[0m[2m:[0m Executing in native Linux namespace sandbox (mount+pid+network+cgroup): Isolated
[2m2025-12-06T06:32:13.858096Z[0m [33m WARN[0m [2mconvenient_bitbake::executor::native_sandbox[0m[2m:[0m cgroup v2 not available, resource limits will not be enforced
[2m2025-12-06T06:32:13.858136Z[0m [33m WARN[0m [2mconvenient_bitbake::executor::native_sandbox[0m[2m:[0m Failed to setup cgroup: Sandbox error: cgroup v2 not available (unified hierarchy required). Continuing without resource limits
[2m2025-12-06T06:32:13.910635Z[0m [32m INFO[0m [2mconvenient_bitbake::executor::native_sandbox[0m[2m:[0m Fast path: executing 5 actions directly (no bash)
[2m2025-12-06T06:32:13.994750Z[0m [32m INFO[0m [2mconvenient_bitbake::executor::executor[0m[2m:[0m Task completed in 508ms
[2m2025-12-06T06:32:13.996863Z[0m [32m INFO[0m [2mconvenient_bitbake::executor::monitor[0m[2m:[0m Task completed [3mtask_id[0m[2m=[0mkern-tools-native:cleansstate [3mrecipe[0m[2m=[0mkern-tools-native [3mtask_name[0m[2m=[0mcleansstate [3mduration_ms[0m[2m=[0m604 [3mcached[0m[2m=[0mfalse
      ✅ Completed (0.51s)
      📊 Progress: 17/41 (41.5%)
[2m2025-12-06T06:32:13.997069Z[0m [32m INFO[0m [2mconvenient_bitbake::executor::monitor[0m[2m:[0m Task started [3mtask_id[0m[2m=[0mkern-tools-native:prepare_recipe_sysroot [3mrecipe[0m[2m=[0mkern-tools-native [3mtask_name[0m[2m=[0mprepare_recipe_sysroot
  ▶️  kern-tools-native:prepare_recipe_sysroot
[2m2025-12-06T06:32:13.999249Z[0m [32m INFO[0m [2mconvenient_bitbake::executor::executor[0m[2m:[0m Executing task: kern-tools-native:prepare_recipe_sysroot (mode: Shell)
[2m2025-12-06T06:32:14.076712Z[0m [32m INFO[0m [2mconvenient_bitbake::executor::executor[0m[2m:[0m Cache MISS for kern-tools-native:prepare_recipe_sysroot
[2m2025-12-06T06:32:14.076765Z[0m [32m INFO[0m [2mconvenient_bitbake::executor::executor[0m[2m:[0m Using sandboxed execution
[2m2025-12-06T06:32:14.453953Z[0m [32m INFO[0m [2mconvenient_bitbake::executor::executor[0m[2m:[0m Executing in sandbox: build-real-kas/hitzeleiter-cache/sandboxes/5d36da87-841b-420e-9787-86ac368418ea
[2m2025-12-06T06:32:14.454007Z[0m [32m INFO[0m [2mconvenient_bitbake::executor::sandbox_backend[0m[2m:[0m Using native Linux namespace sandbox
[2m2025-12-06T06:32:14.454812Z[0m [32m INFO[0m [2mconvenient_bitbake::executor::native_sandbox[0m[2m:[0m Executing in native Linux namespace sandbox (mount+pid+network+cgroup): Isolated
[2m2025-12-06T06:32:14.455209Z[0m [33m WARN[0m [2mconvenient_bitbake::executor::native_sandbox[0m[2m:[0m cgroup v2 not available, resource limits will not be enforced
[2m2025-12-06T06:32:14.455231Z[0m [33m WARN[0m [2mconvenient_bitbake::executor::native_sandbox[0m[2m:[0m Failed to setup cgroup: Sandbox error: cgroup v2 not available (unified hierarchy required). Continuing without resource limits
[2m2025-12-06T06:32:14.505500Z[0m [32m INFO[0m [2mconvenient_bitbake::executor::native_sandbox[0m[2m:[0m Fast path: executing 5 actions directly (no bash)
[2m2025-12-06T06:32:14.593895Z[0m [32m INFO[0m [2mconvenient_bitbake::executor::executor[0m[2m:[0m Task completed in 505ms
[2m2025-12-06T06:32:14.596724Z[0m [32m INFO[0m [2mconvenient_bitbake::executor::monitor[0m[2m:[0m Task completed [3mtask_id[0m[2m=[0mkern-tools-native:prepare_recipe_sysroot [3mrecipe[0m[2m=[0mkern-tools-native [3mtask_name[0m[2m=[0mprepare_recipe_sysroot [3mduration_ms[0m[2m=[0m599 [3mcached[0m[2m=[0mfalse
      ✅ Completed (0.51s)
      📊 Progress: 18/41 (43.9%)
[2m2025-12-06T06:32:14.596922Z[0m [32m INFO[0m [2mconvenient_bitbake::executor::monitor[0m[2m:[0m Task started [3mtask_id[0m[2m=[0mkern-tools-native:unpack [3mrecipe[0m[2m=[0mkern-tools-native [3mtask_name[0m[2m=[0munpack
  ▶️  kern-tools-native:unpack
[2m2025-12-06T06:32:14.830471Z[0m [32m INFO[0m [2mconvenient_bitbake::executor::executor[0m[2m:[0m Executing task: kern-tools-native:unpack (mode: Shell)
[2m2025-12-06T06:32:14.915054Z[0m [32m INFO[0m [2mconvenient_bitbake::executor::executor[0m[2m:[0m Cache MISS for kern-tools-native:unpack
[2m2025-12-06T06:32:14.915152Z[0m [32m INFO[0m [2mconvenient_bitbake::executor::executor[0m[2m:[0m Using pure Rust unpacker for unpack task (no host tools)
[2m2025-12-06T06:32:14.915203Z[0m [32m INFO[0m [2mconvenient_bitbake::executor::executor[0m[2m:[0m Executing unpack task with pure Rust unpacker
[2m2025-12-06T06:32:14.915835Z[0m [32m INFO[0m [2mconvenient_bitbake::executor::executor[0m[2m:[0m DL_DIR: build-real-kas/tmp/work/qemuarm64/kern-tools-native/0.3+git${SRCPV}/downloads
[2m2025-12-06T06:32:14.915877Z[0m [32m INFO[0m [2mconvenient_bitbake::executor::executor[0m[2m:[0m S: build-real-kas/tmp/work/qemuarm64/kern-tools-native/0.3+git${SRCPV}/kern-tools-native-0.3+git${SRCPV}
[2m2025-12-06T06:32:14.916219Z[0m [32m INFO[0m [2mconvenient_bitbake::executor::executor[0m[2m:[0m No archives found in DL_DIR
[2m2025-12-06T06:32:14.916773Z[0m [32m INFO[0m [2mconvenient_bitbake::executor::executor[0m[2m:[0m Extracting git repository yocto-kernel-tools to S directory
[2m2025-12-06T06:32:15.075853Z[0m [32m INFO[0m [2mconvenient_bitbake::executor::executor[0m[2m:[0m Extracted git repository yocto-kernel-tools to build-real-kas/tmp/work/qemuarm64/kern-tools-native/0.3+git${SRCPV}/kern-tools-native-0.3+git${SRCPV}
[2m2025-12-06T06:32:15.123877Z[0m [32m INFO[0m [2mconvenient_bitbake::executor::executor[0m[2m:[0m Unpack task completed: 0 archives, 134 files in 208ms
[2m2025-12-06T06:32:15.130829Z[0m [32m INFO[0m [2mconvenient_bitbake::executor::executor[0m[2m:[0m Task completed in 208ms
[2m2025-12-06T06:32:15.131217Z[0m [32m INFO[0m [2mconvenient_bitbake::executor::monitor[0m[2m:[0m Task completed [3mtask_id[0m[2m=[0mkern-tools-native:unpack [3mrecipe[0m[2m=[0mkern-tools-native [3mtask_name[0m[2m=[0munpack [3mduration_ms[0m[2m=[0m534 [3mcached[0m[2m=[0mfalse
      ✅ Completed (0.21s)
      📊 Progress: 19/41 (46.3%)
[2m2025-12-06T06:32:15.131316Z[0m [32m INFO[0m [2mconvenient_bitbake::executor::monitor[0m[2m:[0m Task started [3mtask_id[0m[2m=[0mlibxcrypt:cleansstate [3mrecipe[0m[2m=[0mlibxcrypt [3mtask_name[0m[2m=[0mcleansstate
  ▶️  libxcrypt:cleansstate
[2m2025-12-06T06:32:15.132995Z[0m [32m INFO[0m [2mconvenient_bitbake::executor::executor[0m[2m:[0m Executing task: libxcrypt:cleansstate (mode: Shell)
[2m2025-12-06T06:32:15.241546Z[0m [32m INFO[0m [2mconvenient_bitbake::executor::executor[0m[2m:[0m Cache MISS for libxcrypt:cleansstate
[2m2025-12-06T06:32:15.241597Z[0m [32m INFO[0m [2mconvenient_bitbake::executor::executor[0m[2m:[0m Using sandboxed execution
[2m2025-12-06T06:32:15.701576Z[0m [32m INFO[0m [2mconvenient_bitbake::executor::executor[0m[2m:[0m Executing in sandbox: build-real-kas/hitzeleiter-cache/sandboxes/f8a07ed6-3f1b-4ba3-a61f-192873fc6e97
[2m2025-12-06T06:32:15.701625Z[0m [32m INFO[0m [2mconvenient_bitbake::executor::sandbox_backend[0m[2m:[0m Using native Linux namespace sandbox
[2m2025-12-06T06:32:15.702433Z[0m [32m INFO[0m [2mconvenient_bitbake::executor::native_sandbox[0m[2m:[0m Executing in native Linux namespace sandbox (mount+pid+network+cgroup): Isolated
[2m2025-12-06T06:32:15.702716Z[0m [33m WARN[0m [2mconvenient_bitbake::executor::native_sandbox[0m[2m:[0m cgroup v2 not available, resource limits will not be enforced
[2m2025-12-06T06:32:15.702746Z[0m [33m WARN[0m [2mconvenient_bitbake::executor::native_sandbox[0m[2m:[0m Failed to setup cgroup: Sandbox error: cgroup v2 not available (unified hierarchy required). Continuing without resource limits
[2m2025-12-06T06:32:15.752514Z[0m [32m INFO[0m [2mconvenient_bitbake::executor::native_sandbox[0m[2m:[0m Fast path: executing 5 actions directly (no bash)
[2m2025-12-06T06:32:15.845352Z[0m [32m INFO[0m [2mconvenient_bitbake::executor::executor[0m[2m:[0m Task completed in 592ms
[2m2025-12-06T06:32:15.847594Z[0m [32m INFO[0m [2mconvenient_bitbake::executor::monitor[0m[2m:[0m Task completed [3mtask_id[0m[2m=[0mlibxcrypt:cleansstate [3mrecipe[0m[2m=[0mlibxcrypt [3mtask_name[0m[2m=[0mcleansstate [3mduration_ms[0m[2m=[0m716 [3mcached[0m[2m=[0mfalse
      ✅ Completed (0.59s)
      📊 Progress: 20/41 (48.8%)
[2m2025-12-06T06:32:15.847784Z[0m [32m INFO[0m [2mconvenient_bitbake::executor::monitor[0m[2m:[0m Task started [3mtask_id[0m[2m=[0mlibxcrypt:patch [3mrecipe[0m[2m=[0mlibxcrypt [3mtask_name[0m[2m=[0mpatch
  ▶️  libxcrypt:patch
[2m2025-12-06T06:32:15.849658Z[0m [32m INFO[0m [2mconvenient_bitbake::executor::executor[0m[2m:[0m Executing task: libxcrypt:patch (mode: Shell)
[2m2025-12-06T06:32:15.950669Z[0m [32m INFO[0m [2mconvenient_bitbake::executor::executor[0m[2m:[0m Cache MISS for libxcrypt:patch
[2m2025-12-06T06:32:15.950848Z[0m [32m INFO[0m [2mconvenient_bitbake::executor::executor[0m[2m:[0m Using patch task handler
[2m2025-12-06T06:32:15.950876Z[0m [32m INFO[0m [2mconvenient_bitbake::executor::executor[0m[2m:[0m Executing patch task
[2m2025-12-06T06:32:15.950889Z[0m [32m INFO[0m [2mconvenient_bitbake::executor::executor[0m[2m:[0m S: build-real-kas/tmp/work/qemuarm64/libxcrypt/4.4.33/libxcrypt-4.4.33
[2m2025-12-06T06:32:15.950901Z[0m [32m INFO[0m [2mconvenient_bitbake::executor::executor[0m[2m:[0m PATCHDIR: build-real-kas/tmp/work/qemuarm64/libxcrypt/4.4.33
[2m2025-12-06T06:32:15.952562Z[0m [32m INFO[0m [2mconvenient_bitbake::executor::executor[0m[2m:[0m Applying patch: build-real-kas/tmp/work/qemuarm64/libxcrypt/4.4.33/0001-Make-BuildCommon.pm-compatible-with-latest-perl.patch
[2m2025-12-06T06:32:15.970989Z[0m [33m WARN[0m [2mconvenient_bitbake::executor::executor[0m[2m:[0m [ERROR] Failed to apply build-real-kas/tmp/work/qemuarm64/libxcrypt/4.4.33/0001-Make-BuildCommon.pm-compatible-with-latest-perl.patch: patch command failed: patch: **** Can't open patch file build-real-kas/tmp/work/qemuarm64/libxcrypt/4.4.33/0001-Make-BuildCommon.pm-compatible-with-latest-perl.patch : No such file or directory

[2m2025-12-06T06:32:15.971030Z[0m [32m INFO[0m [2mconvenient_bitbake::executor::executor[0m[2m:[0m Applying patch: build-real-kas/tmp/work/qemuarm64/libxcrypt/4.4.33/0002-Remove-smartmatch-usage-from-gen-crypt-h.patch
[2m2025-12-06T06:32:15.987899Z[0m [33m WARN[0m [2mconvenient_bitbake::executor::executor[0m[2m:[0m [ERROR] Failed to apply build-real-kas/tmp/work/qemuarm64/libxcrypt/4.4.33/0002-Remove-smartmatch-usage-from-gen-crypt-h.patch: patch command failed: patch: **** Can't open patch file build-real-kas/tmp/work/qemuarm64/libxcrypt/4.4.33/0002-Remove-smartmatch-usage-from-gen-crypt-h.patch : No such file or directory

[2m2025-12-06T06:32:15.987929Z[0m [32m INFO[0m [2mconvenient_bitbake::executor::executor[0m[2m:[0m Applying patch: build-real-kas/tmp/work/qemuarm64/libxcrypt/4.4.33/fix_cflags_handling.patch
[2m2025-12-06T06:32:16.006496Z[0m [33m WARN[0m [2mconvenient_bitbake::executor::executor[0m[2m:[0m [ERROR] Failed to apply build-real-kas/tmp/work/qemuarm64/libxcrypt/4.4.33/fix_cflags_handling.patch: patch command failed: patch: **** Can't open patch file build-real-kas/tmp/work/qemuarm64/libxcrypt/4.4.33/fix_cflags_handling.patch : No such file or directory

[2m2025-12-06T06:32:16.097898Z[0m [32m INFO[0m [2mconvenient_bitbake::executor::executor[0m[2m:[0m Patch task completed: 0 patches applied in 147ms
[2m2025-12-06T06:32:16.104939Z[0m [32m INFO[0m [2mconvenient_bitbake::executor::executor[0m[2m:[0m Task completed in 147ms
[2m2025-12-06T06:32:16.105357Z[0m [31mERROR[0m [2mconvenient_bitbake::executor::monitor[0m[2m:[0m Task failed [3mtask_id[0m[2m=[0mlibxcrypt:patch [3mrecipe[0m[2m=[0mlibxcrypt [3mtask_name[0m[2m=[0mpatch [3merror[0m[2m=[0mExit code: 1
      ❌ Failed (exit code: 1)
      [ERROR] Failed to apply build-real-kas/tmp/work/qemuarm64/libxcrypt/4.4.33/0001-Make-BuildCommon.pm-compatible-with-latest-perl.patch: patch command failed: patch: **** Can't open patch file build-real-kas/tmp/work/qemuarm64/libxcrypt/4.4.33/0001-Make-BuildCommon.pm-compatible-with-latest-perl.patch : No such file or directory
      
      [ERROR] Failed to apply build-real-kas/tmp/work/qemuarm64/libxcrypt/4.4.33/0002-Remove-smartmatch-usage-from-gen-crypt-h.patch: patch command failed: patch: **** Can't op...

Build Statistics
───────────────────────────────────
Total tasks:     41
  ⏳ Pending:    20
  ▶️  Running:    0
  ✅ Completed:  20
  ❌ Failed:     1
  💾 Cached:     0
  ⚠️  Cancelled:  0

Total time:      25.96s
Cache hit rate:  0.0%
Avg task time:   1.24s
Slowest task:    busybox:unpack
  Duration:      12.02s

🔧 Executor Statistics:
  Tasks executed:   21
  Cache hits:       0
  Cache misses:     21
  Executor hit rate: 0.0%

╔════════════════════════════════════════════════════════╗
║                   BUILD FAILED! ❌                     ║
╚════════════════════════════════════════════════════════╝

Error: "Build failed"
